{
	"format_version": "1.21.6",
	"credit": "Made with Blockbench",
	"textures": {
		"1": "gbg:item/gun_ammo/standard",
		"2": "gbg:item/gun_ammo/standard2"
	},
	"elements": [
		{
			"name": "octagon",
			"from": [7.74112, 5.875, 9.75],
			"to": [8.25888, 7.125, 16],
			"rotation": {"angle": 45, "axis": "z", "origin": [8, 6.5, 11]},
			"faces": {
				"north": {"uv": [7, 3, 7.51777, 4.25], "texture": "#1"},
				"east": {"uv": [7, 3, 13.25, 4.25], "texture": "#1"},
				"south": {"uv": [9, 3, 9.51777, 4.25], "texture": "#1"},
				"west": {"uv": [7, 3, 13.25, 4.25], "texture": "#1"},
				"up": {"uv": [1, 4, 1.51777, 10.25], "texture": "#1"},
				"down": {"uv": [0, 7, 0.51777, 13.25], "texture": "#1"}
			}
		},
		{
			"name": "octagon",
			"from": [7.74112, 5.875, 9.75],
			"to": [8.25888, 7.125, 16],
			"rotation": {"angle": 0, "axis": "y", "origin": [8, 6.5, 11]},
			"faces": {
				"north": {"uv": [7, 3, 7.51777, 4.25], "texture": "#1"},
				"east": {"uv": [7, 3, 13.25, 4.25], "texture": "#1"},
				"south": {"uv": [9, 3, 9.51777, 4.25], "texture": "#1"},
				"west": {"uv": [7, 3, 13.25, 4.25], "texture": "#1"},
				"up": {"uv": [1, 4, 1.51777, 10.25], "texture": "#1"},
				"down": {"uv": [0, 7, 0.51777, 13.25], "texture": "#1"}
			}
		},
		{
			"name": "octagon",
			"from": [7.74112, 3.975, 14.195],
			"to": [8.24112, 4.725, 15.945],
			"rotation": {"angle": 0, "axis": "y", "origin": [8, 4.5, 11.5]},
			"faces": {
				"north": {"uv": [7, 3, 7.5, 3.75], "texture": "#1"},
				"east": {"uv": [7, 3, 8.75, 3.75], "texture": "#1"},
				"south": {"uv": [9, 3, 9.5, 3.75], "texture": "#1"},
				"west": {"uv": [7, 3, 8.75, 3.75], "texture": "#1"},
				"up": {"uv": [1, 4, 1.5, 5.75], "texture": "#1"},
				"down": {"uv": [0, 7, 0.5, 8.75], "texture": "#1"}
			}
		},
		{
			"name": "octagon",
			"from": [7.74112, 5.125, 11],
			"to": [8.24112, 5.875, 14.75],
			"rotation": {"angle": 32.5, "axis": "x", "origin": [8, 5.5, 12.5]},
			"faces": {
				"north": {"uv": [7, 3, 7.5, 3.75], "texture": "#1"},
				"east": {"uv": [7, 3, 10.75, 3.75], "texture": "#1"},
				"south": {"uv": [9, 3, 9.5, 3.75], "texture": "#1"},
				"west": {"uv": [7, 3, 10.75, 3.75], "texture": "#1"},
				"up": {"uv": [1, 4, 1.5, 7.75], "texture": "#1"},
				"down": {"uv": [0, 7, 0.5, 10.75], "texture": "#1"}
			}
		},
		{
			"name": "octagon",
			"from": [7.375, 6.24112, 9.75],
			"to": [8.625, 6.75888, 16],
			"rotation": {"angle": 45, "axis": "z", "origin": [8, 6.5, 11]},
			"faces": {
				"north": {"uv": [7, 3, 8.25, 3.51777], "texture": "#1"},
				"east": {"uv": [7, 3, 13.25, 3.51777], "texture": "#1"},
				"south": {"uv": [9, 3, 10.25, 3.51777], "texture": "#1"},
				"west": {"uv": [7, 3, 13.25, 3.51777], "texture": "#1"},
				"up": {"uv": [1, 4, 2.25, 10.25], "texture": "#1"},
				"down": {"uv": [0, 7, 1.25, 13.25], "texture": "#1"}
			}
		},
		{
			"name": "octagon",
			"from": [7.375, 6.24112, 9.75],
			"to": [8.625, 6.75888, 16],
			"rotation": {"angle": 0, "axis": "y", "origin": [8, 6.5, 11]},
			"faces": {
				"north": {"uv": [7, 3, 8.25, 3.51777], "texture": "#1"},
				"east": {"uv": [7, 3, 13.25, 3.51777], "texture": "#1"},
				"south": {"uv": [9, 3, 10.25, 3.51777], "texture": "#1"},
				"west": {"uv": [7, 3, 13.25, 3.51777], "texture": "#1"},
				"up": {"uv": [1, 4, 2.25, 10.25], "texture": "#1"},
				"down": {"uv": [0, 7, 1.25, 13.25], "texture": "#1"}
			}
		},
		{
			"name": "octagon",
			"from": [8.24112, 3.625, 15.999],
			"to": [8.75888, 4.125, 16.999],
			"rotation": {"angle": 45, "axis": "z", "origin": [8.5, 4.25, 11]},
			"faces": {
				"north": {"uv": [8, 3, 8.51777, 3.5], "texture": "#2"},
				"east": {"uv": [9, 4, 10, 4.5], "texture": "#2"},
				"south": {"uv": [9, 4, 9.51777, 4.5], "texture": "#2"},
				"west": {"uv": [9, 4, 10, 4.5], "texture": "#2"},
				"up": {"uv": [9, 4, 9.51777, 5], "texture": "#2"},
				"down": {"uv": [8, 4, 8.51777, 5], "texture": "#2"}
			}
		},
		{
			"name": "octagon",
			"from": [7.24112, 7.125, 15.999],
			"to": [7.75888, 7.625, 16.999],
			"rotation": {"angle": 45, "axis": "z", "origin": [7.5, 7, 11]},
			"faces": {
				"north": {"uv": [8, 3, 8.51777, 3.5], "texture": "#2"},
				"east": {"uv": [9, 1, 10, 1.5], "texture": "#2"},
				"south": {"uv": [9, 1, 9.51777, 1.5], "texture": "#2"},
				"west": {"uv": [9, 1, 10, 1.5], "texture": "#2"},
				"up": {"uv": [8, 1, 8.51777, 2], "texture": "#2"},
				"down": {"uv": [9, 1, 9.51777, 2], "texture": "#2"}
			}
		},
		{
			"name": "octagon",
			"from": [7.24112, 3.625, 16.001],
			"to": [8.75888, 7.625, 17.001],
			"rotation": {"angle": 0, "axis": "y", "origin": [8, 7, 11]},
			"faces": {
				"north": {"uv": [7.5, 1, 9.01777, 5], "texture": "#2"},
				"east": {"uv": [9, 1, 10, 5], "texture": "#2"},
				"south": {"uv": [9.5, 1, 11.01777, 5], "texture": "#2"},
				"west": {"uv": [9, 1, 10, 5], "texture": "#2"},
				"up": {"uv": [7.5, 1, 9.01777, 2], "texture": "#2"},
				"down": {"uv": [9, 1, 10.51777, 2], "texture": "#2"}
			}
		},
		{
			"name": "octagon",
			"from": [6.875, 3.99112, 15.999],
			"to": [7.375, 4.50888, 16.999],
			"rotation": {"angle": 45, "axis": "z", "origin": [7.5, 4.25, 11]},
			"faces": {
				"north": {"uv": [8, 3, 8.5, 3.51777], "texture": "#2"},
				"east": {"uv": [9, 4, 10, 4.51777], "texture": "#2"},
				"south": {"uv": [9, 4, 9.5, 4.51777], "texture": "#2"},
				"west": {"uv": [7, 1, 8, 1.51777], "texture": "#2"},
				"up": {"uv": [9, 4, 9.5, 5], "texture": "#2"},
				"down": {"uv": [9, 4, 9.5, 5], "texture": "#2"}
			}
		},
		{
			"name": "octagon",
			"from": [8.625, 6.74112, 15.999],
			"to": [9.125, 7.25888, 16.999],
			"rotation": {"angle": 45, "axis": "z", "origin": [8.5, 7, 11]},
			"faces": {
				"north": {"uv": [7, 2, 7.5, 2.51777], "texture": "#2"},
				"east": {"uv": [8, 1, 9, 1.51777], "texture": "#2"},
				"south": {"uv": [9, 1, 9.5, 1.51777], "texture": "#2"},
				"west": {"uv": [9, 1, 10, 1.51777], "texture": "#2"},
				"up": {"uv": [9, 1, 9.5, 2], "texture": "#2"},
				"down": {"uv": [9, 1, 9.5, 2], "texture": "#2"}
			}
		},
		{
			"name": "octagon",
			"from": [8.625, 3.99112, 16],
			"to": [9.125, 7.25888, 17],
			"rotation": {"angle": 0, "axis": "y", "origin": [8, 6.5, 11]},
			"faces": {
				"north": {"uv": [8, 1, 8.5, 4.26777], "texture": "#2"},
				"east": {"uv": [8, 1, 9, 4.26777], "texture": "#2"},
				"south": {"uv": [9, 1.35, 9.5, 4.61777], "texture": "#2"},
				"west": {"uv": [9, 1, 10, 4.26777], "texture": "#2"},
				"up": {"uv": [9, 1, 9.5, 2], "texture": "#2"},
				"down": {"uv": [9, 1, 9.5, 2], "texture": "#2"}
			}
		},
		{
			"name": "octagon",
			"from": [6.875, 3.99112, 16],
			"to": [7.375, 7.25888, 17],
			"rotation": {"angle": 0, "axis": "y", "origin": [8, 6.5, 11]},
			"faces": {
				"north": {"uv": [8, 1, 8.5, 4.26777], "texture": "#2"},
				"east": {"uv": [9, 1, 10, 4.26777], "texture": "#2"},
				"south": {"uv": [9, 1.35, 9.5, 4.61777], "texture": "#2"},
				"west": {"uv": [8, 1, 9, 4.26777], "texture": "#2"},
				"up": {"uv": [9, 1, 9.5, 2], "texture": "#2"},
				"down": {"uv": [9, 1, 9.5, 2], "texture": "#2"}
			}
		}
	],
	"display": {
		"thirdperson_righthand": {
			"translation": [0, 3.25, 1.25],
			"scale": [1.1, 1.1, 1.1]
		},
		"thirdperson_lefthand": {
			"translation": [0, 3.25, 1.25],
			"scale": [1.1, 1.1, 1.1]
		},
		"firstperson_righthand": {
			"rotation": [0, -15, 0],
			"translation": [7.75, 5.25, 4.25]
		},
		"firstperson_lefthand": {
			"rotation": [0, -15, 0],
			"translation": [7.75, 5.25, 4.25]
		},
		"ground": {
			"rotation": [0, 0, -90],
			"translation": [2.75, -1.75, 3.5],
			"scale": [0.85, 0.85, 0.85]
		},
		"gui": {
			"rotation": [21, 128, 0],
			"translation": [2.5, 4, 0],
			"scale": [1.1, 1.1, 1.1]
		},
		"head": {
			"translation": [0, -23.25, -8.5],
			"scale": [1, 2, 1]
		},
		"fixed": {
			"rotation": [0, -90, 0],
			"translation": [-2.5, 2.5, 0]
		}
	},
	"groups": [
		{
			"name": "Support",
			"origin": [8, 8, 8],
			"color": 0,
			"children": [0, 1, 2, 3, 4, 5]
		},
		{
			"name": "Cusion",
			"origin": [8, 8, 8],
			"color": 0,
			"children": [6, 7, 8, 9, 10, 11, 12]
		}
	]
}