{
    "parent": "item/generated",
    "textures": {
        "layer0": "item/music_disc_11"
    },
    "overrides": [
        {
            "predicate": {
                "custom_model_data": 1
            },
            "model": "kpdhmusicdiscs:item/music_disc_howitsdone"
        },
        {
            "predicate": {
                "custom_model_data": 2
            },
            "model": "kpdhmusicdiscs:item/music_disc_whatitsoundslike"
        },
        {
            "predicate": {
                "custom_model_data": 3
            },
            "model": "kpdhmusicdiscs:item/music_disc_takedown"
        },
        {
            "predicate": {
                "custom_model_data": 4
            },
            "model": "kpdhmusicdiscs:item/music_disc_golden"
        }
    ]
}