{
    "music_disc.howitsdone": {
        "sounds": [
            {
                "name": "kpdhmusicdiscs:records/howitsdone",
                "stream": true
            }
        ]
    },
    "music_disc.whatitsoundslike": {
        "sounds": [
            {
                "name": "kpdhmusicdiscs:records/whatitsoundslike",
                "stream": true
            }
        ]
    },
    "music_disc.takedown": {
        "sounds": [
            {
                "name": "kpdhmusicdiscs:records/takedown",
                "stream": true
            }
        ]
    },
    "music_disc.golden": {
        "sounds": [
            {
                "name": "kpdhmusicdiscs:records/golden",
                "stream": true
            }
        ]
    }
}