{
	"credit": "Made with Blockbench",
	"textures": {
		"1": "block/anvil1",
		"3": "block/purple_concrete1",
		"4": "block/red_shulker_box1",
		"6": "block/glass1",
		"9": "block/black_wool1",
		"10": "block/sea_lantern1",
		"11": "block/orange_concrete1",
		"12": "block/iron_door_bottom1",
		"15": "block/gold_block1",
		"16": "block/gray_wool1",
		"particle": "block/coal_block1"
	},
	"elements": [
		{
			"from": [-0.75, -1, 3],
			"to": [16.75, 0, 16.25],
			"rotation": {"angle": 0, "axis": "y", "origin": [0.5, 0, 0]},
			"faces": {
				"north": {"uv": [0, 0, 16, 1], "texture": "#3"},
				"east": {"uv": [0, 0, 13, 1], "texture": "#3"},
				"south": {"uv": [0, 0, 16, 1], "texture": "#3"},
				"west": {"uv": [0, 0, 13, 1], "texture": "#3"},
				"up": {"uv": [0, 0, 16, 16], "texture": "#16"},
				"down": {"uv": [0, 0, 16, 13], "texture": "#3"}
			}
		},
		{
			"from": [1, -1, -16],
			"to": [15, 2, -14],
			"rotation": {"angle": 0, "axis": "y", "origin": [0, -1, -16]},
			"faces": {
				"north": {"uv": [1, 0, 15, 3], "texture": "#12"},
				"east": {"uv": [1, 0, 15, 3], "texture": "#12"},
				"south": {"uv": [1, 0, 15, 3], "texture": "#12"},
				"west": {"uv": [1, 0, 15, 3], "texture": "#12"},
				"up": {"uv": [1, 0, 15, 3], "texture": "#12"},
				"down": {"uv": [1, 0, 15, 3], "texture": "#12"}
			}
		},
		{
			"from": [12, 0, -14],
			"to": [14, 1, -13],
			"rotation": {"angle": 0, "axis": "y", "origin": [0, 0, -15]},
			"faces": {
				"north": {"uv": [0, 0, 2, 1], "texture": "#3"},
				"east": {"uv": [0, 0, 1, 1], "texture": "#3"},
				"south": {"uv": [0, 0, 2, 1], "texture": "#3"},
				"west": {"uv": [0, 0, 1, 1], "texture": "#3"},
				"up": {"uv": [0, 0, 2, 1], "texture": "#3"},
				"down": {"uv": [0, 0, 2, 1], "texture": "#3"}
			}
		},
		{
			"from": [2, 0, -14],
			"to": [4, 1, -13],
			"rotation": {"angle": 0, "axis": "y", "origin": [-10, 0, -15]},
			"faces": {
				"north": {"uv": [0, 0, 2, 1], "texture": "#3"},
				"east": {"uv": [0, 0, 1, 1], "texture": "#3"},
				"south": {"uv": [0, 0, 2, 1], "texture": "#3"},
				"west": {"uv": [0, 0, 1, 1], "texture": "#3"},
				"up": {"uv": [0, 0, 2, 1], "texture": "#3"},
				"down": {"uv": [0, 0, 2, 1], "texture": "#3"}
			}
		},
		{
			"from": [-3, 3, 30],
			"to": [2, 5, 31],
			"rotation": {"angle": 0, "axis": "y", "origin": [1, 2, 30]},
			"faces": {
				"north": {"uv": [0, 0, 5, 2], "texture": "#4"},
				"east": {"uv": [0, 0, 1, 2], "texture": "#4"},
				"south": {"uv": [0, 0, 5, 2], "texture": "#4"},
				"west": {"uv": [0, 0, 1, 2], "texture": "#4"},
				"up": {"uv": [0, 0, 5, 1], "texture": "#4"},
				"down": {"uv": [0, 0, 5, 1], "texture": "#4"}
			}
		},
		{
			"from": [-2.5, 5, 30],
			"to": [2, 5.55, 31],
			"rotation": {"angle": 0, "axis": "y", "origin": [1, 4, 30]},
			"faces": {
				"north": {"uv": [0, 0, 4.5, 0.55], "texture": "#11"},
				"east": {"uv": [0, 0, 1, 0.55], "texture": "#11"},
				"south": {"uv": [0, 0, 4.5, 0.55], "texture": "#11"},
				"west": {"uv": [0, 0, 1, 0.55], "texture": "#11"},
				"up": {"uv": [0, 0, 4.5, 1], "texture": "#11"},
				"down": {"uv": [0, 0, 4.5, 1], "texture": "#11"}
			}
		},
		{
			"from": [14, 5, 30],
			"to": [18.5, 5.55, 31],
			"rotation": {"angle": 0, "axis": "y", "origin": [15, 4, 30]},
			"faces": {
				"north": {"uv": [4.5, 0, 9, 0.55], "texture": "#11"},
				"east": {"uv": [1, 0, 2, 0.55], "texture": "#11"},
				"south": {"uv": [4.5, 0, 9, 0.55], "texture": "#11"},
				"west": {"uv": [1, 0, 2, 0.55], "texture": "#11"},
				"up": {"uv": [4.5, 0, 9, 1], "texture": "#11"},
				"down": {"uv": [4.5, 0, 9, 1], "texture": "#11"}
			}
		},
		{
			"from": [5, 3, 30.5],
			"to": [11, 4, 31],
			"rotation": {"angle": 0, "axis": "y", "origin": [9, 1, 30.5]},
			"faces": {
				"north": {"uv": [0, 0, 6, 1], "texture": "#1"},
				"east": {"uv": [0, 0, 6, 1], "texture": "#1"},
				"south": {"uv": [0, 0, 6, 1], "texture": "#1"},
				"west": {"uv": [0, 0, 6, 1], "texture": "#1"},
				"up": {"uv": [0, 0, 6, 1], "texture": "#1"},
				"down": {"uv": [0, 0, 6, 1], "texture": "#1"}
			}
		},
		{
			"from": [5, 3, 30],
			"to": [6, 4, 30.5],
			"rotation": {"angle": 0, "axis": "y", "origin": [9, 1, 30]},
			"faces": {
				"north": {"uv": [0, 0, 6, 1], "texture": "#1"},
				"east": {"uv": [0, 0, 6, 1], "texture": "#1"},
				"south": {"uv": [0, 0, 6, 1], "texture": "#1"},
				"west": {"uv": [0, 0, 6, 1], "texture": "#1"},
				"up": {"uv": [0, 0, 6, 1], "texture": "#1"},
				"down": {"uv": [0, 0, 6, 1], "texture": "#1"}
			}
		},
		{
			"from": [10, 3, 30],
			"to": [11, 4, 30.5],
			"rotation": {"angle": 0, "axis": "y", "origin": [14, 1, 30]},
			"faces": {
				"north": {"uv": [0, 0, 6, 1], "texture": "#1"},
				"east": {"uv": [0, 0, 6, 1], "texture": "#1"},
				"south": {"uv": [0, 0, 6, 1], "texture": "#1"},
				"west": {"uv": [0, 0, 6, 1], "texture": "#1"},
				"up": {"uv": [0, 0, 6, 1], "texture": "#1"},
				"down": {"uv": [0, 0, 6, 1], "texture": "#1"}
			}
		},
		{
			"from": [14, 3, 30],
			"to": [19, 5, 31],
			"rotation": {"angle": 0, "axis": "y", "origin": [18, 2, 30]},
			"faces": {
				"north": {"uv": [0, 0, 5, 2], "texture": "#4"},
				"east": {"uv": [0, 0, 1, 2], "texture": "#4"},
				"south": {"uv": [0, 0, 5, 2], "texture": "#4"},
				"west": {"uv": [0, 0, 1, 2], "texture": "#4"},
				"up": {"uv": [0, 0, 5, 1], "texture": "#4"},
				"down": {"uv": [0, 0, 5, 1], "texture": "#4"}
			}
		},
		{
			"from": [-4, -1, 30],
			"to": [20, 2, 32],
			"rotation": {"angle": 0, "axis": "y", "origin": [0, -1, 30]},
			"faces": {
				"north": {"uv": [1, 0, 3, 3], "texture": "#12"},
				"east": {"uv": [1, 0, 3, 3], "texture": "#12"},
				"south": {"uv": [1, 0, 15, 3], "texture": "#12"},
				"west": {"uv": [1, 0, 3, 3], "texture": "#12"},
				"up": {"uv": [1, 0, 3, 3], "texture": "#12"},
				"down": {"uv": [1, 0, 3, 3], "texture": "#12"}
			}
		},
		{
			"from": [-3.85819, -1, -10.25975],
			"to": [2.14181, 1.75, -8.25975],
			"rotation": {"angle": 22.5, "axis": "y", "origin": [-12.85819, -1, -10.25975]},
			"faces": {
				"north": {"uv": [3, 0, 9, 2.75], "texture": "#12"},
				"east": {"uv": [3, 0, 9, 2.75], "texture": "#12"},
				"south": {"uv": [3, 0, 9, 2.75], "texture": "#12"},
				"west": {"uv": [3, 0, 9, 2.75], "texture": "#12"},
				"up": {"uv": [3, 0, 9, 2.75], "texture": "#12"},
				"down": {"uv": [3, 0, 9, 2.75], "texture": "#12"}
			}
		},
		{
			"from": [-4.55291, 2.94495, 17.71798],
			"to": [-2.57791, 4.94495, 24.71798],
			"rotation": {"angle": -45, "axis": "x", "origin": [-13.57791, 1.94495, 17.71798]},
			"faces": {
				"north": {"uv": [1, 0, 8, 2], "texture": "#12"},
				"east": {"uv": [1, 0, 8, 2], "texture": "#12"},
				"south": {"uv": [1, 0, 8, 2], "texture": "#12"},
				"west": {"uv": [1, 0, 8, 2], "texture": "#12"},
				"up": {"uv": [1, 0, 8, 2], "texture": "#12"},
				"down": {"uv": [1, 0, 8, 2], "texture": "#12"}
			}
		},
		{
			"from": [-4.62791, 7.28931, -3.34474],
			"to": [-2.65291, 9.28931, 1.65526],
			"rotation": {"angle": 45, "axis": "x", "origin": [-13.65291, 6.28931, -3.34474]},
			"faces": {
				"north": {"uv": [11, 0, 16, 2], "texture": "#12"},
				"east": {"uv": [11, 0, 16, 2], "texture": "#12"},
				"south": {"uv": [11, 0, 16, 2], "texture": "#12"},
				"west": {"uv": [11, 0, 16, 2], "texture": "#12"},
				"up": {"uv": [11, 0, 16, 2], "texture": "#12"},
				"down": {"uv": [11, 0, 16, 2], "texture": "#12"}
			}
		},
		{
			"from": [-4.67791, -0.1249, 0.31212],
			"to": [-2.67791, 4.8751, 2.31212],
			"rotation": {"angle": 0, "axis": "x", "origin": [-13.67791, 4.8751, -0.68788]},
			"faces": {
				"north": {"uv": [1, 0, 6, 2], "rotation": 90, "texture": "#12"},
				"east": {"uv": [1, 0, 6, 2], "rotation": 90, "texture": "#12"},
				"south": {"uv": [1, 0, 6, 2], "rotation": 90, "texture": "#12"},
				"west": {"uv": [1, 0, 6, 2], "rotation": 90, "texture": "#12"},
				"up": {"uv": [1, 0, 6, 2], "rotation": 90, "texture": "#12"},
				"down": {"uv": [1, 0, 6, 2], "rotation": 90, "texture": "#12"}
			}
		},
		{
			"from": [-4.57791, -0.93373, 0.40334],
			"to": [-2.57791, 0.06627, 17.60334],
			"rotation": {"angle": 0, "axis": "x", "origin": [-13.57791, -2.93373, 2.40334]},
			"faces": {
				"north": {"uv": [0, 1, 16, 2], "texture": "#12"},
				"east": {"uv": [0, 1, 16, 2], "texture": "#12"},
				"south": {"uv": [0, 1, 16, 2], "texture": "#12"},
				"west": {"uv": [0, 1, 16, 2], "texture": "#12"},
				"up": {"uv": [0, 1, 16, 2], "texture": "#12"},
				"down": {"uv": [0, 1, 16, 2], "texture": "#12"}
			}
		},
		{
			"from": [-4.65291, 6.41063, -8.22342],
			"to": [-2.70291, 8.41063, -1.22342],
			"rotation": {"angle": 0, "axis": "x", "origin": [-13.70291, 5.41063, -8.22342]},
			"faces": {
				"north": {"uv": [7, 0, 14, 2], "texture": "#12"},
				"east": {"uv": [7, 0, 14, 2], "texture": "#12"},
				"south": {"uv": [7, 0, 14, 2], "texture": "#12"},
				"west": {"uv": [7, 0, 14, 2], "texture": "#12"},
				"up": {"uv": [7, 0, 14, 2], "texture": "#12"},
				"down": {"uv": [7, 0, 14, 2], "texture": "#12"}
			}
		},
		{
			"from": [18.67791, -0.1249, 0.31212],
			"to": [20.67791, 4.8751, 2.31212],
			"rotation": {"angle": 0, "axis": "x", "origin": [29.67791, 4.8751, -0.68788]},
			"faces": {
				"north": {"uv": [1, 2, 6, 0], "rotation": 90, "texture": "#12"},
				"east": {"uv": [1, 2, 6, 0], "rotation": 90, "texture": "#12"},
				"south": {"uv": [1, 2, 6, 0], "rotation": 90, "texture": "#12"},
				"west": {"uv": [1, 2, 6, 0], "rotation": 90, "texture": "#12"},
				"up": {"uv": [1, 2, 6, 0], "rotation": 90, "texture": "#12"},
				"down": {"uv": [1, 2, 6, 0], "rotation": 90, "texture": "#12"}
			}
		},
		{
			"from": [18.65291, 7.28931, -3.34474],
			"to": [20.62791, 9.28931, 1.65526],
			"rotation": {"angle": 45, "axis": "x", "origin": [29.65291, 6.28931, -3.34474]},
			"faces": {
				"north": {"uv": [16, 0, 11, 2], "texture": "#12"},
				"east": {"uv": [16, 0, 11, 2], "texture": "#12"},
				"south": {"uv": [16, 0, 11, 2], "texture": "#12"},
				"west": {"uv": [16, 0, 11, 2], "texture": "#12"},
				"up": {"uv": [16, 0, 11, 2], "texture": "#12"},
				"down": {"uv": [16, 0, 11, 2], "texture": "#12"}
			}
		},
		{
			"from": [18.70291, 6.41063, -8.22342],
			"to": [20.65291, 8.41063, -1.22342],
			"rotation": {"angle": 0, "axis": "x", "origin": [29.70291, 5.41063, -8.22342]},
			"faces": {
				"north": {"uv": [14, 0, 7, 2], "texture": "#12"},
				"east": {"uv": [14, 0, 7, 2], "texture": "#12"},
				"south": {"uv": [14, 0, 7, 2], "texture": "#12"},
				"west": {"uv": [14, 0, 7, 2], "texture": "#12"},
				"up": {"uv": [14, 0, 7, 2], "texture": "#12"},
				"down": {"uv": [14, 0, 7, 2], "texture": "#12"}
			}
		},
		{
			"from": [-4.57791, 0.06627, 15.59666],
			"to": [-2.57791, 4.06627, 17.59666],
			"rotation": {"angle": 0, "axis": "x", "origin": [-13.57791, 4.06627, 18.59666]},
			"faces": {
				"north": {"uv": [0, 2, 4, 4], "rotation": 90, "texture": "#12"},
				"east": {"uv": [0, 2, 4, 4], "rotation": 90, "texture": "#12"},
				"south": {"uv": [0, 2, 4, 4], "rotation": 90, "texture": "#12"},
				"west": {"uv": [0, 2, 4, 4], "rotation": 90, "texture": "#12"},
				"up": {"uv": [0, 2, 4, 4], "rotation": 90, "texture": "#12"},
				"down": {"uv": [0, 2, 4, 4], "rotation": 90, "texture": "#12"}
			}
		},
		{
			"from": [-4.57791, -0.63373, -13.20334],
			"to": [-2.57791, 3.36627, -11.20334],
			"rotation": {"angle": 0, "axis": "x", "origin": [-13.57791, 3.36627, -10.20334]},
			"faces": {
				"north": {"uv": [0, 2, 4, 4], "rotation": 90, "texture": "#12"},
				"east": {"uv": [0, 2, 4, 4], "rotation": 90, "texture": "#12"},
				"south": {"uv": [0, 2, 4, 4], "rotation": 90, "texture": "#12"},
				"west": {"uv": [0, 2, 4, 4], "rotation": 90, "texture": "#12"},
				"up": {"uv": [0, 2, 4, 4], "rotation": 90, "texture": "#12"},
				"down": {"uv": [0, 2, 4, 4], "rotation": 90, "texture": "#12"}
			}
		},
		{
			"from": [-4.55291, 2.24495, -11.08202],
			"to": [-2.57791, 4.24495, -4.08202],
			"rotation": {"angle": -45, "axis": "x", "origin": [-13.57791, 1.24495, -11.08202]},
			"faces": {
				"north": {"uv": [1, 0, 8, 2], "texture": "#12"},
				"east": {"uv": [1, 0, 8, 2], "texture": "#12"},
				"south": {"uv": [1, 0, 8, 2], "texture": "#12"},
				"west": {"uv": [1, 0, 8, 2], "texture": "#12"},
				"up": {"uv": [1, 0, 8, 2], "texture": "#12"},
				"down": {"uv": [1, 0, 8, 2], "texture": "#12"}
			}
		},
		{
			"from": [18.57791, 2.24495, -11.08202],
			"to": [20.55291, 4.24495, -4.08202],
			"rotation": {"angle": -45, "axis": "x", "origin": [29.57791, 1.24495, -11.08202]},
			"faces": {
				"north": {"uv": [8, 0, 1, 2], "texture": "#12"},
				"east": {"uv": [8, 0, 1, 2], "texture": "#12"},
				"south": {"uv": [8, 0, 1, 2], "texture": "#12"},
				"west": {"uv": [8, 0, 1, 2], "texture": "#12"},
				"up": {"uv": [8, 0, 1, 2], "texture": "#12"},
				"down": {"uv": [8, 0, 1, 2], "texture": "#12"}
			}
		},
		{
			"from": [18.57791, -0.63373, -13.20334],
			"to": [20.57791, 3.36627, -11.20334],
			"rotation": {"angle": 0, "axis": "x", "origin": [29.57791, 3.36627, -10.20334]},
			"faces": {
				"north": {"uv": [0, 4, 4, 2], "rotation": 90, "texture": "#12"},
				"east": {"uv": [0, 4, 4, 2], "rotation": 90, "texture": "#12"},
				"south": {"uv": [0, 4, 4, 2], "rotation": 90, "texture": "#12"},
				"west": {"uv": [0, 4, 4, 2], "rotation": 90, "texture": "#12"},
				"up": {"uv": [0, 4, 4, 2], "rotation": 90, "texture": "#12"},
				"down": {"uv": [0, 4, 4, 2], "rotation": 90, "texture": "#12"}
			}
		},
		{
			"from": [-4.45291, -0.89452, 29.08194],
			"to": [-2.57791, 5.48048, 31.08194],
			"rotation": {"angle": 0, "axis": "x", "origin": [-13.57791, 4.48048, 28.08194]},
			"faces": {
				"north": {"uv": [0, 4, 6.375, 6], "rotation": 90, "texture": "#12"},
				"east": {"uv": [0, 4, 6.375, 6], "rotation": 90, "texture": "#12"},
				"south": {"uv": [0, 4, 6.375, 6], "rotation": 90, "texture": "#12"},
				"west": {"uv": [0, 4, 6.375, 6], "rotation": 90, "texture": "#12"},
				"up": {"uv": [0, 4, 6.375, 6], "rotation": 90, "texture": "#12"},
				"down": {"uv": [0, 4, 6.375, 6], "rotation": 90, "texture": "#12"}
			}
		},
		{
			"from": [-4.50291, 7.89469, 25.42509],
			"to": [-2.57791, 9.89469, 30.42509],
			"rotation": {"angle": 45, "axis": "x", "origin": [-13.57791, 6.89469, 25.42509]},
			"faces": {
				"north": {"uv": [10, 0, 15, 2], "texture": "#12"},
				"east": {"uv": [10, 0, 15, 2], "texture": "#12"},
				"south": {"uv": [10, 0, 15, 2], "texture": "#12"},
				"west": {"uv": [10, 0, 15, 2], "texture": "#12"},
				"up": {"uv": [10, 0, 15, 2], "texture": "#12"},
				"down": {"uv": [10, 0, 15, 2], "texture": "#12"}
			}
		},
		{
			"from": [-4.52791, 7.01602, 20.54641],
			"to": [-2.57791, 9.01602, 27.54641],
			"rotation": {"angle": 0, "axis": "x", "origin": [-13.57791, 6.01602, 27.54641]},
			"faces": {
				"north": {"uv": [7, 0, 14, 2], "texture": "#12"},
				"east": {"uv": [7, 0, 14, 2], "texture": "#12"},
				"south": {"uv": [7, 0, 14, 2], "texture": "#12"},
				"west": {"uv": [7, 0, 14, 2], "texture": "#12"},
				"up": {"uv": [7, 0, 14, 2], "texture": "#12"},
				"down": {"uv": [7, 0, 14, 2], "texture": "#12"}
			}
		},
		{
			"from": [13.85819, -1, -10.25975],
			"to": [19.85819, 1.75, -8.25975],
			"rotation": {"angle": -22.5, "axis": "y", "origin": [28.85819, -1, -10.25975]},
			"faces": {
				"north": {"uv": [4, 0, 10, 2.75], "texture": "#12"},
				"east": {"uv": [4, 0, 10, 2.75], "texture": "#12"},
				"south": {"uv": [4, 0, 10, 2.75], "texture": "#12"},
				"west": {"uv": [4, 0, 10, 2.75], "texture": "#12"},
				"up": {"uv": [4, 0, 10, 2.75], "texture": "#12"},
				"down": {"uv": [4, 0, 10, 2.75], "texture": "#12"}
			}
		},
		{
			"from": [13.5, 0, -13],
			"to": [14, 9, -11],
			"rotation": {"angle": 0, "axis": "y", "origin": [0, 0, -13]},
			"faces": {
				"north": {"uv": [0, 0, 0.5, 9], "texture": "#3"},
				"east": {"uv": [0, 0, 2, 9], "texture": "#3"},
				"south": {"uv": [0, 0, 0.5, 9], "texture": "#3"},
				"west": {"uv": [0, 0, 2, 9], "texture": "#3"},
				"up": {"uv": [0, 0, 0.5, 2], "texture": "#3"},
				"down": {"uv": [0, 0, 0.5, 2], "texture": "#3"}
			}
		},
		{
			"from": [2, 0, -13],
			"to": [2.5, 9, -11],
			"rotation": {"angle": 0, "axis": "y", "origin": [-11, 0, -13]},
			"faces": {
				"north": {"uv": [0, 0, 0.5, 9], "texture": "#3"},
				"east": {"uv": [0, 0, 2, 9], "texture": "#3"},
				"south": {"uv": [0, 0, 0.5, 9], "texture": "#3"},
				"west": {"uv": [0, 0, 2, 9], "texture": "#3"},
				"up": {"uv": [0, 0, 0.5, 2], "texture": "#3"},
				"down": {"uv": [0, 0, 0.5, 2], "texture": "#3"}
			}
		},
		{
			"from": [2.5, 0, -13],
			"to": [13.5, 3, -11],
			"rotation": {"angle": 0, "axis": "y", "origin": [-10, 0, -13]},
			"faces": {
				"north": {"uv": [0, 0, 11, 3], "texture": "#3"},
				"east": {"uv": [0, 0, 2, 3], "texture": "#3"},
				"south": {"uv": [0, 0, 11, 3], "texture": "#3"},
				"west": {"uv": [0, 0, 2, 3], "texture": "#3"},
				"up": {"uv": [0, 0, 11, 2], "texture": "#3"},
				"down": {"uv": [0, 0, 11, 2], "texture": "#3"}
			}
		},
		{
			"from": [2, 9, -13],
			"to": [14, 12, -11],
			"rotation": {"angle": 45, "axis": "x", "origin": [0, 9, -13]},
			"faces": {
				"north": {"uv": [0, 0, 12, 3], "texture": "#3"},
				"east": {"uv": [0, 0, 2, 3], "texture": "#3"},
				"south": {"uv": [0, 0, 12, 3], "texture": "#3"},
				"west": {"uv": [0, 0, 2, 3], "texture": "#3"},
				"up": {"uv": [0, 0, 12, 2], "texture": "#3"},
				"down": {"uv": [0, 0, 12, 2], "texture": "#3"}
			}
		},
		{
			"from": [-2.675, 9, -11],
			"to": [2, 12, -9],
			"rotation": {"angle": 45, "axis": "x", "origin": [-12, 9, -11]},
			"faces": {
				"north": {"uv": [0, 0, 4.675, 3], "texture": "#3"},
				"east": {"uv": [0, 0, 2, 3], "texture": "#3"},
				"south": {"uv": [0, 0, 4.675, 3], "texture": "#3"},
				"west": {"uv": [0, 0, 2, 3], "texture": "#3"},
				"up": {"uv": [0, 0, 4.675, 2], "texture": "#3"},
				"down": {"uv": [0, 0, 4.675, 2], "texture": "#3"}
			}
		},
		{
			"from": [2, 9.12132, -10.87868],
			"to": [14, 11.12132, 3.12132],
			"rotation": {"angle": 0, "axis": "x", "origin": [0, 11.12132, -10.87868]},
			"faces": {
				"north": {"uv": [0, 0, 12, 2], "rotation": 180, "texture": "#3"},
				"east": {"uv": [0, 0, 2, 14], "rotation": 270, "texture": "#3"},
				"south": {"uv": [0, 0, 12, 2], "texture": "#16"},
				"west": {"uv": [0, 0, 2, 14], "rotation": 90, "texture": "#3"},
				"up": {"uv": [0, 0, 12, 14], "rotation": 180, "texture": "#3"},
				"down": {"uv": [0, 0, 12, 14], "texture": "#3"}
			}
		},
		{
			"from": [-2.7, 9.12132, -8.87868],
			"to": [2, 11.12132, 3.12132],
			"rotation": {"angle": 0, "axis": "z", "origin": [-12, 11.12132, -10.87868]},
			"faces": {
				"north": {"uv": [0, 0, 4.7, 2], "rotation": 180, "texture": "#3"},
				"east": {"uv": [0, 0, 2, 12], "rotation": 270, "texture": "#3"},
				"south": {"uv": [0, 0, 4.7, 2], "texture": "#16"},
				"west": {"uv": [0, 0, 2, 12], "rotation": 90, "texture": "#3"},
				"up": {"uv": [0, 0, 4.7, 12], "rotation": 180, "texture": "#3"},
				"down": {"uv": [0, 0, 4.7, 12], "texture": "#3"}
			}
		},
		{
			"from": [14, 9.12132, -8.87868],
			"to": [18.7, 11.12132, 3.12132],
			"rotation": {"angle": 0, "axis": "z", "origin": [28, 11.12132, -10.87868]},
			"faces": {
				"north": {"uv": [4.7, 0, 0, 2], "rotation": 180, "texture": "#3"},
				"east": {"uv": [0, 12, 2, 0], "rotation": 90, "texture": "#3"},
				"south": {"uv": [4.7, 0, 0, 2], "texture": "#16"},
				"west": {"uv": [0, 12, 2, 0], "rotation": 270, "texture": "#3"},
				"up": {"uv": [4.7, 0, 0, 12], "rotation": 180, "texture": "#3"},
				"down": {"uv": [4.7, 0, 0, 12], "texture": "#3"}
			}
		},
		{
			"from": [14, 9, -11],
			"to": [18.675, 12, -9],
			"rotation": {"angle": 45, "axis": "x", "origin": [28, 9, -11]},
			"faces": {
				"north": {"uv": [4.7, 0, 9.375, 3], "texture": "#3"},
				"east": {"uv": [2, 0, 4, 3], "texture": "#3"},
				"south": {"uv": [4.7, 0, 9.375, 3], "texture": "#3"},
				"west": {"uv": [2, 0, 4, 3], "texture": "#3"},
				"up": {"uv": [4.7, 0, 9.375, 2], "texture": "#3"},
				"down": {"uv": [4.7, 0, 9.375, 2], "texture": "#3"}
			}
		},
		{
			"from": [-0.78207, 4, -6.87707],
			"to": [3.21793, 9, -4.87707],
			"rotation": {"angle": 22.5, "axis": "y", "origin": [-12.78207, 0, -6.87707]},
			"faces": {
				"north": {"uv": [0, 0, 4, 5], "texture": "#3"},
				"east": {"uv": [0, 0, 2, 5], "texture": "#3"},
				"south": {"uv": [0, 0, 4, 5], "texture": "#3"},
				"west": {"uv": [0, 0, 2, 5], "texture": "#3"},
				"up": {"uv": [0, 0, 4, 2], "texture": "#3"},
				"down": {"uv": [0, 0, 4, 2], "texture": "#3"}
			}
		},
		{
			"from": [-0.78207, 0, -6.62707],
			"to": [2.21793, 4, -4.87707],
			"rotation": {"angle": 22.5, "axis": "y", "origin": [-12.78207, -5, -6.87707]},
			"faces": {
				"north": {"uv": [0, 0, 3, 4], "texture": "#9"},
				"east": {"uv": [0, 0, 1.75, 4], "texture": "#9"},
				"south": {"uv": [0, 0, 3, 4], "texture": "#9"},
				"west": {"uv": [0, 0, 1.75, 4], "texture": "#9"},
				"up": {"uv": [0, 0, 3, 1.75], "texture": "#9"},
				"down": {"uv": [0, 0, 3, 1.75], "texture": "#9"}
			}
		},
		{
			"from": [2.21793, 0, -6.62707],
			"to": [3.21793, 4, -4.87707],
			"rotation": {"angle": 22.5, "axis": "y", "origin": [-12.78207, -5, -6.87707]},
			"faces": {
				"north": {"uv": [0, 0, 1, 4], "texture": "#3"},
				"east": {"uv": [0, 0, 1.75, 4], "texture": "#3"},
				"south": {"uv": [0, 0, 1, 4], "texture": "#3"},
				"west": {"uv": [0, 0, 1.75, 4], "texture": "#3"},
				"up": {"uv": [0, 0, 1, 1.75], "texture": "#3"},
				"down": {"uv": [0, 0, 1, 1.75], "texture": "#3"}
			}
		},
		{
			"from": [13.78207, 0, -6.62707],
			"to": [16.78207, 4, -4.87707],
			"rotation": {"angle": -22.5, "axis": "y", "origin": [28.78207, -5, -6.87707]},
			"faces": {
				"north": {"uv": [3, 0, 0, 4], "texture": "#9"},
				"east": {"uv": [1.75, 0, 0, 4], "texture": "#9"},
				"south": {"uv": [3, 0, 0, 4], "texture": "#9"},
				"west": {"uv": [1.75, 0, 0, 4], "texture": "#9"},
				"up": {"uv": [3, 0, 0, 1.75], "texture": "#9"},
				"down": {"uv": [3, 0, 0, 1.75], "texture": "#9"}
			}
		},
		{
			"from": [12.78207, 0, -6.62707],
			"to": [13.78207, 4, -4.87707],
			"rotation": {"angle": -22.5, "axis": "y", "origin": [28.78207, -5, -6.87707]},
			"faces": {
				"north": {"uv": [1, 0, 0, 4], "texture": "#3"},
				"east": {"uv": [1.75, 0, 0, 4], "texture": "#3"},
				"south": {"uv": [1, 0, 0, 4], "texture": "#3"},
				"west": {"uv": [1.75, 0, 0, 4], "texture": "#3"},
				"up": {"uv": [1, 0, 0, 1.75], "texture": "#3"},
				"down": {"uv": [1, 0, 0, 1.75], "texture": "#3"}
			}
		},
		{
			"from": [-1.03207, 5.25, -6.87707],
			"to": [2.21793, 8.25, -5.87707],
			"rotation": {"angle": 22.5, "axis": "y", "origin": [-13.53207, 0, -7.87707]},
			"faces": {
				"north": {"uv": [0, 0, 16, 16], "texture": "#10"},
				"east": {"uv": [0, 0, 2, 3], "texture": "#10"},
				"south": {"uv": [0, 0, 3.25, 3], "texture": "#10"},
				"west": {"uv": [0, 0, 2, 3], "texture": "#10"},
				"up": {"uv": [0, 0, 3.25, 2], "texture": "#10"},
				"down": {"uv": [0, 0, 3.25, 2], "texture": "#10"}
			}
		},
		{
			"from": [-1.03207, 4.25, -6.87707],
			"to": [2.21793, 5.25, -5.87707],
			"rotation": {"angle": 22.5, "axis": "y", "origin": [-13.53207, -1, -7.87707]},
			"faces": {
				"north": {"uv": [0, 0, 16, 16], "texture": "#11"},
				"east": {"uv": [0, 0, 16, 16], "texture": "#11"},
				"south": {"uv": [0, 0, 16, 16], "texture": "#11"},
				"west": {"uv": [0, 0, 16, 16], "texture": "#11"},
				"up": {"uv": [0, 0, 16, 16], "texture": "#11"},
				"down": {"uv": [0, 0, 16, 16], "texture": "#11"}
			}
		},
		{
			"from": [13.78207, 4.25, -6.87707],
			"to": [17.03207, 5.25, -5.87707],
			"rotation": {"angle": -22.5, "axis": "y", "origin": [29.53207, -1, -7.87707]},
			"faces": {
				"north": {"uv": [16, 0, 0, 16], "texture": "#11"},
				"east": {"uv": [16, 0, 0, 16], "texture": "#11"},
				"south": {"uv": [16, 0, 0, 16], "texture": "#11"},
				"west": {"uv": [16, 0, 0, 16], "texture": "#11"},
				"up": {"uv": [16, 0, 0, 16], "texture": "#11"},
				"down": {"uv": [16, 0, 0, 16], "texture": "#11"}
			}
		},
		{
			"from": [13.78207, 5.25, -6.87707],
			"to": [17.03207, 8.25, -5.87707],
			"rotation": {"angle": -22.5, "axis": "y", "origin": [29.53207, 0, -7.87707]},
			"faces": {
				"north": {"uv": [16, 0, 0, 16], "texture": "#10"},
				"east": {"uv": [2, 0, 0, 3], "texture": "#10"},
				"south": {"uv": [3.25, 0, 0, 3], "texture": "#10"},
				"west": {"uv": [2, 0, 0, 3], "texture": "#10"},
				"up": {"uv": [3.25, 0, 0, 2], "texture": "#10"},
				"down": {"uv": [3.25, 0, 0, 2], "texture": "#10"}
			}
		},
		{
			"from": [-2.69552, 0, -11.46927],
			"to": [-0.69552, 9, -9.46927],
			"rotation": {"angle": 0, "axis": "y", "origin": [-14.69552, 0, -11.46927]},
			"faces": {
				"north": {"uv": [0, 0, 2, 9], "texture": "#3"},
				"east": {"uv": [0, 0, 2, 9], "texture": "#3"},
				"south": {"uv": [0, 0, 2, 9], "texture": "#3"},
				"west": {"uv": [0, 0, 2, 9], "texture": "#3"},
				"up": {"uv": [0, 0, 2, 2], "texture": "#3"},
				"down": {"uv": [0, 0, 2, 2], "texture": "#3"}
			}
		},
		{
			"from": [16.69552, 0, -11.46927],
			"to": [18.69552, 9, -9.46927],
			"rotation": {"angle": 0, "axis": "y", "origin": [30.69552, 0, -11.46927]},
			"faces": {
				"north": {"uv": [2, 0, 4, 9], "texture": "#3"},
				"east": {"uv": [8, 0, 10, 9], "texture": "#3"},
				"south": {"uv": [2, 0, 4, 9], "texture": "#3"},
				"west": {"uv": [8, 0, 10, 9], "texture": "#3"},
				"up": {"uv": [2, 0, 4, 2], "texture": "#3"},
				"down": {"uv": [2, 0, 4, 2], "texture": "#3"}
			}
		},
		{
			"from": [-2.69552, 0, 2.03073],
			"to": [-0.69552, 10, 15.53073],
			"rotation": {"angle": 0, "axis": "y", "origin": [-14.69552, 0, 2.53073]},
			"faces": {
				"north": {"uv": [0, 0, 2, 10], "texture": "#3"},
				"east": {"uv": [0, 0, 13.5, 10], "texture": "#16"},
				"south": {"uv": [0, 0, 2, 10], "texture": "#3"},
				"west": {"uv": [0, 0, 13.5, 10], "texture": "#3"},
				"up": {"uv": [0, 0, 2, 13.5], "texture": "#3"},
				"down": {"uv": [0, 0, 2, 13.5], "texture": "#3"}
			}
		},
		{
			"from": [-3.19552, 7, 9.03073],
			"to": [-2.69552, 8, 14.53073],
			"rotation": {"angle": 0, "axis": "y", "origin": [-16.69552, 1, 2.53073]},
			"faces": {
				"north": {"uv": [0, 0, 5.5, 1], "texture": "#1"},
				"east": {"uv": [0, 0, 5.5, 1], "texture": "#1"},
				"south": {"uv": [0, 0, 5.5, 1], "texture": "#1"},
				"west": {"uv": [0, 0, 5.5, 1], "texture": "#1"},
				"up": {"uv": [0, 0, 5.5, 1], "texture": "#1"},
				"down": {"uv": [0, 0, 5.5, 1], "texture": "#1"}
			}
		},
		{
			"from": [18.69552, 7, 9.03073],
			"to": [19.19552, 8, 14.53073],
			"rotation": {"angle": 0, "axis": "y", "origin": [32.69552, 1, 2.53073]},
			"faces": {
				"north": {"uv": [5.5, 0, 0, 1], "texture": "#1"},
				"east": {"uv": [5.5, 0, 0, 1], "texture": "#1"},
				"south": {"uv": [5.5, 0, 0, 1], "texture": "#1"},
				"west": {"uv": [5.5, 0, 0, 1], "texture": "#1"},
				"up": {"uv": [5.5, 0, 0, 1], "texture": "#1"},
				"down": {"uv": [5.5, 0, 0, 1], "texture": "#1"}
			}
		},
		{
			"from": [-2.69552, 6, 18.03073],
			"to": [-0.69552, 12, 21.03073],
			"rotation": {"angle": 0, "axis": "y", "origin": [-14.69552, 0, 16.53073]},
			"faces": {
				"north": {"uv": [0, 0, 2, 6], "texture": "#3"},
				"east": {"uv": [0, 0, 3, 6], "texture": "#16"},
				"south": {"uv": [0, 0, 2, 6], "texture": "#3"},
				"west": {"uv": [0, 0, 3, 6], "texture": "#3"},
				"up": {"uv": [0, 0, 2, 3], "texture": "#3"},
				"down": {"uv": [0, 0, 2, 3], "texture": "#3"}
			}
		},
		{
			"from": [-2.69552, 12, 18.03073],
			"to": [-0.69552, 18, 26.03073],
			"rotation": {"angle": 0, "axis": "y", "origin": [-14.69552, 6, 16.53073]},
			"faces": {
				"north": {"uv": [2, 2, 14, 14], "texture": "#6"},
				"east": {"uv": [2, 2, 14, 14], "texture": "#6"},
				"south": {"uv": [2, 2, 14, 14], "texture": "#6"},
				"west": {"uv": [1, 1, 13, 9], "texture": "#6"},
				"up": {"uv": [2, 2, 14, 14], "texture": "#6"},
				"down": {"uv": [2, 2, 14, 14], "texture": "#6"}
			}
		},
		{
			"from": [18.69552, 10, 3.53073],
			"to": [18.69552, 18, 15.53073],
			"rotation": {"angle": 0, "axis": "y", "origin": [30.69552, 6, 6.03073]},
			"faces": {
				"north": {"uv": [15, 5, 4, 15], "texture": "#6"},
				"east": {"uv": [15, 5, 4, 15], "texture": "#6"},
				"south": {"uv": [15, 5, 4, 15], "texture": "#6"},
				"west": {"uv": [15, 5, 4, 15], "texture": "#6"},
				"up": {"uv": [15, 5, 4, 15], "texture": "#6"},
				"down": {"uv": [15, 5, 4, 15], "texture": "#6"}
			}
		},
		{
			"from": [-2.69552, 10, 3.53073],
			"to": [-2.69552, 18, 15.53073],
			"rotation": {"angle": 0, "axis": "y", "origin": [-14.69552, 6, 6.03073]},
			"faces": {
				"north": {"uv": [4, 5, 15, 15], "texture": "#6"},
				"east": {"uv": [4, 5, 15, 15], "texture": "#6"},
				"south": {"uv": [4, 5, 15, 15], "texture": "#6"},
				"west": {"uv": [4, 5, 15, 15], "texture": "#6"},
				"up": {"uv": [4, 5, 15, 15], "texture": "#6"},
				"down": {"uv": [4, 5, 15, 15], "texture": "#6"}
			}
		},
		{
			"from": [16.69552, 12, 18.03073],
			"to": [18.69552, 18, 26.03073],
			"rotation": {"angle": 0, "axis": "y", "origin": [30.69552, 6, 16.53073]},
			"faces": {
				"north": {"uv": [14, 2, 2, 14], "texture": "#6"},
				"east": {"uv": [13, 1, 1, 9], "texture": "#6"},
				"south": {"uv": [14, 2, 2, 14], "texture": "#6"},
				"west": {"uv": [14, 2, 2, 14], "texture": "#6"},
				"up": {"uv": [14, 2, 2, 14], "texture": "#6"},
				"down": {"uv": [14, 2, 2, 14], "texture": "#6"}
			}
		},
		{
			"from": [-2.69552, 0, 17.03073],
			"to": [-0.69552, 6, 17.53073],
			"rotation": {"angle": 0, "axis": "y", "origin": [-14.69552, -5, 16.53073]},
			"faces": {
				"north": {"uv": [0, 0, 2, 6], "texture": "#3"},
				"east": {"uv": [0, 0, 0.5, 6], "texture": "#3"},
				"south": {"uv": [0, 0, 2, 6], "texture": "#3"},
				"west": {"uv": [0, 0, 0.5, 6], "texture": "#3"},
				"up": {"uv": [0, 0, 2, 0.5], "texture": "#3"},
				"down": {"uv": [0, 0, 2, 0.5], "texture": "#3"}
			}
		},
		{
			"from": [-2.69552, 6, 21.03073],
			"to": [-0.69552, 12, 29.03073],
			"rotation": {"angle": 0, "axis": "y", "origin": [-14.69552, 0, 20.53073]},
			"faces": {
				"north": {"uv": [0, 0, 2, 6], "texture": "#3"},
				"east": {"uv": [0, 0, 8, 6], "texture": "#16"},
				"south": {"uv": [0, 0, 2, 6], "texture": "#3"},
				"west": {"uv": [0, 0, 8, 6], "texture": "#3"},
				"up": {"uv": [0, 0, 2, 8], "texture": "#3"},
				"down": {"uv": [0, 0, 2, 8], "texture": "#3"}
			}
		},
		{
			"from": [16.69552, 12, 26.03073],
			"to": [18.67052, 18, 27.03073],
			"rotation": {"angle": 0, "axis": "y", "origin": [30.69552, 8, 20.53073]},
			"faces": {
				"north": {"uv": [1.975, 0, 3.95, 6], "texture": "#3"},
				"east": {"uv": [1, 0, 2, 6], "texture": "#3"},
				"south": {"uv": [1.975, 0, 3.95, 6], "texture": "#3"},
				"west": {"uv": [1, 0, 2, 6], "texture": "#16"},
				"up": {"uv": [1.975, 0, 3.95, 1], "texture": "#3"},
				"down": {"uv": [1.975, 0, 3.95, 1], "texture": "#3"}
			}
		},
		{
			"from": [16.69552, 12, 27.03073],
			"to": [18.67052, 18, 28.03073],
			"rotation": {"angle": 0, "axis": "y", "origin": [30.69552, 8, 21.53073]},
			"faces": {
				"north": {"uv": [1.975, 0, 3.95, 6], "texture": "#3"},
				"east": {"uv": [1, 0, 2, 6], "texture": "#3"},
				"south": {"uv": [1.975, 0, 3.95, 6], "texture": "#3"},
				"west": {"uv": [1, 0, 2, 6], "texture": "#16"},
				"up": {"uv": [1.975, 0, 3.95, 1], "texture": "#3"},
				"down": {"uv": [1.975, 0, 3.95, 1], "texture": "#3"}
			}
		},
		{
			"from": [16.69552, 12, 28.03073],
			"to": [18.67052, 16, 29.03073],
			"rotation": {"angle": 0, "axis": "y", "origin": [30.69552, 8, 22.53073]},
			"faces": {
				"north": {"uv": [1.975, 0, 3.95, 4], "texture": "#3"},
				"east": {"uv": [1, 0, 2, 4], "texture": "#3"},
				"south": {"uv": [1.975, 0, 3.95, 4], "texture": "#3"},
				"west": {"uv": [1, 0, 2, 4], "texture": "#3"},
				"up": {"uv": [1.975, 0, 3.95, 1], "texture": "#3"},
				"down": {"uv": [1.975, 0, 3.95, 1], "texture": "#3"}
			}
		},
		{
			"from": [-2.67052, 12, 28.03073],
			"to": [-0.69552, 16, 29.03073],
			"rotation": {"angle": 0, "axis": "y", "origin": [-14.69552, 8, 22.53073]},
			"faces": {
				"north": {"uv": [0, 0, 1.975, 4], "texture": "#3"},
				"east": {"uv": [0, 0, 1, 4], "texture": "#3"},
				"south": {"uv": [0, 0, 1.975, 4], "texture": "#3"},
				"west": {"uv": [0, 0, 1, 4], "texture": "#3"},
				"up": {"uv": [0, 0, 1.975, 1], "texture": "#3"},
				"down": {"uv": [0, 0, 1.975, 1], "texture": "#3"}
			}
		},
		{
			"from": [-2.67052, 12, 27.03073],
			"to": [-0.69552, 18, 28.03073],
			"rotation": {"angle": 0, "axis": "y", "origin": [-14.69552, 8, 21.53073]},
			"faces": {
				"north": {"uv": [0, 0, 1.975, 6], "texture": "#3"},
				"east": {"uv": [0, 0, 1, 6], "texture": "#16"},
				"south": {"uv": [0, 0, 1.975, 6], "texture": "#3"},
				"west": {"uv": [0, 0, 1, 6], "texture": "#3"},
				"up": {"uv": [0, 0, 1.975, 1], "texture": "#3"},
				"down": {"uv": [0, 0, 1.975, 1], "texture": "#3"}
			}
		},
		{
			"from": [-2.67052, 12, 26.03073],
			"to": [-0.69552, 18, 27.03073],
			"rotation": {"angle": 0, "axis": "y", "origin": [-14.69552, 8, 20.53073]},
			"faces": {
				"north": {"uv": [0, 0, 1.975, 6], "texture": "#3"},
				"east": {"uv": [0, 0, 1, 6], "texture": "#16"},
				"south": {"uv": [0, 0, 1.975, 6], "texture": "#3"},
				"west": {"uv": [0, 0, 1, 6], "texture": "#3"},
				"up": {"uv": [0, 0, 1.975, 1], "texture": "#3"},
				"down": {"uv": [0, 0, 1.975, 1], "texture": "#3"}
			}
		},
		{
			"from": [18.57791, -0.93373, 0.40334],
			"to": [20.57791, 0.06627, 17.60334],
			"rotation": {"angle": 0, "axis": "x", "origin": [29.57791, -2.93373, 2.40334]},
			"faces": {
				"north": {"uv": [16, 1, 0, 2], "texture": "#12"},
				"east": {"uv": [16, 1, 0, 2], "texture": "#12"},
				"south": {"uv": [16, 1, 0, 2], "texture": "#12"},
				"west": {"uv": [16, 1, 0, 2], "texture": "#12"},
				"up": {"uv": [16, 1, 0, 2], "texture": "#12"},
				"down": {"uv": [16, 1, 0, 2], "texture": "#12"}
			}
		},
		{
			"from": [18.57791, 0.06627, 15.59666],
			"to": [20.57791, 4.06627, 17.59666],
			"rotation": {"angle": 0, "axis": "x", "origin": [29.57791, 4.06627, 18.59666]},
			"faces": {
				"north": {"uv": [0, 4, 4, 2], "rotation": 90, "texture": "#12"},
				"east": {"uv": [0, 4, 4, 2], "rotation": 90, "texture": "#12"},
				"south": {"uv": [0, 4, 4, 2], "rotation": 90, "texture": "#12"},
				"west": {"uv": [0, 4, 4, 2], "rotation": 90, "texture": "#12"},
				"up": {"uv": [0, 4, 4, 2], "rotation": 90, "texture": "#12"},
				"down": {"uv": [0, 4, 4, 2], "rotation": 90, "texture": "#12"}
			}
		},
		{
			"from": [18.57791, 2.94495, 17.71798],
			"to": [20.55291, 4.94495, 24.71798],
			"rotation": {"angle": -45, "axis": "x", "origin": [29.57791, 1.94495, 17.71798]},
			"faces": {
				"north": {"uv": [7, 1, 0, 3], "texture": "#12"},
				"east": {"uv": [7, 1, 0, 3], "texture": "#12"},
				"south": {"uv": [7, 1, 0, 3], "texture": "#12"},
				"west": {"uv": [7, 1, 0, 3], "texture": "#12"},
				"up": {"uv": [7, 1, 0, 3], "texture": "#12"},
				"down": {"uv": [7, 1, 0, 3], "texture": "#12"}
			}
		},
		{
			"from": [18.57791, 7.01602, 20.54641],
			"to": [20.52791, 9.01602, 27.54641],
			"rotation": {"angle": 0, "axis": "x", "origin": [29.57791, 6.01602, 27.54641]},
			"faces": {
				"north": {"uv": [14, 0, 7, 2], "texture": "#12"},
				"east": {"uv": [14, 0, 7, 2], "texture": "#12"},
				"south": {"uv": [14, 0, 7, 2], "texture": "#12"},
				"west": {"uv": [14, 0, 7, 2], "texture": "#12"},
				"up": {"uv": [14, 0, 7, 2], "texture": "#12"},
				"down": {"uv": [14, 0, 7, 2], "texture": "#12"}
			}
		},
		{
			"from": [18.57791, 7.89469, 25.42509],
			"to": [20.50291, 9.89469, 30.42509],
			"rotation": {"angle": 45, "axis": "x", "origin": [29.57791, 6.89469, 25.42509]},
			"faces": {
				"north": {"uv": [15, 0, 10, 2], "texture": "#12"},
				"east": {"uv": [15, 0, 10, 2], "texture": "#12"},
				"south": {"uv": [15, 0, 10, 2], "texture": "#12"},
				"west": {"uv": [15, 0, 10, 2], "texture": "#12"},
				"up": {"uv": [15, 0, 10, 2], "texture": "#12"},
				"down": {"uv": [15, 0, 10, 2], "texture": "#12"}
			}
		},
		{
			"from": [18.57791, -0.89452, 29.08194],
			"to": [20.45291, 5.48048, 31.08194],
			"rotation": {"angle": 0, "axis": "x", "origin": [29.57791, 4.48048, 28.08194]},
			"faces": {
				"north": {"uv": [0, 6, 6.375, 4], "rotation": 90, "texture": "#12"},
				"east": {"uv": [0, 6, 6.375, 4], "rotation": 90, "texture": "#12"},
				"south": {"uv": [0, 6, 6.375, 4], "rotation": 90, "texture": "#12"},
				"west": {"uv": [0, 6, 6.375, 4], "rotation": 90, "texture": "#12"},
				"up": {"uv": [0, 6, 6.375, 4], "rotation": 90, "texture": "#12"},
				"down": {"uv": [0, 6, 6.375, 4], "rotation": 90, "texture": "#12"}
			}
		},
		{
			"from": [16.69552, 6, 21.03073],
			"to": [18.69552, 12, 29.03073],
			"rotation": {"angle": 0, "axis": "y", "origin": [30.69552, 0, 20.53073]},
			"faces": {
				"north": {"uv": [2, 0, 4, 6], "texture": "#3"},
				"east": {"uv": [8, 0, 16, 6], "texture": "#3"},
				"south": {"uv": [2, 0, 4, 6], "texture": "#3"},
				"west": {"uv": [8, 0, 16, 6], "texture": "#16"},
				"up": {"uv": [2, 0, 4, 8], "texture": "#3"},
				"down": {"uv": [2, 0, 4, 8], "texture": "#3"}
			}
		},
		{
			"from": [16.69552, 6, 18.03073],
			"to": [18.69552, 12, 21.03073],
			"rotation": {"angle": 0, "axis": "y", "origin": [30.69552, 0, 16.53073]},
			"faces": {
				"north": {"uv": [2, 0, 4, 6], "texture": "#3"},
				"east": {"uv": [4, 0, 7, 6], "texture": "#3"},
				"south": {"uv": [2, 0, 4, 6], "texture": "#3"},
				"west": {"uv": [4, 0, 7, 6], "texture": "#16"},
				"up": {"uv": [2, 0, 4, 3], "texture": "#3"},
				"down": {"uv": [2, 0, 4, 3], "texture": "#3"}
			}
		},
		{
			"from": [16.69552, 0, 17.03073],
			"to": [18.69552, 6, 17.53073],
			"rotation": {"angle": 0, "axis": "y", "origin": [30.69552, -5, 16.53073]},
			"faces": {
				"north": {"uv": [2, 0, 4, 6], "texture": "#3"},
				"east": {"uv": [1.5, 0, 2, 6], "texture": "#3"},
				"south": {"uv": [2, 0, 4, 6], "texture": "#3"},
				"west": {"uv": [1.5, 0, 2, 6], "texture": "#3"},
				"up": {"uv": [2, 0, 4, 0.5], "texture": "#3"},
				"down": {"uv": [2, 0, 4, 0.5], "texture": "#3"}
			}
		},
		{
			"from": [-2.69552, -1, 29.03073],
			"to": [18.67948, 10, 30.03073],
			"rotation": {"angle": 0, "axis": "y", "origin": [-14.69552, 0, 22.53073]},
			"faces": {
				"north": {"uv": [0, 0, 16, 11], "texture": "#16"},
				"east": {"uv": [0, 0, 1, 11], "texture": "#3"},
				"south": {"uv": [0, 0, 16, 11], "texture": "#3"},
				"west": {"uv": [0, 0, 1, 11], "texture": "#3"},
				"up": {"uv": [0, 0, 16, 1], "texture": "#3"},
				"down": {"uv": [0, 0, 16, 1], "texture": "#3"}
			}
		},
		{
			"from": [-0.69552, 0, 15.53073],
			"to": [16.67948, 6, 29.03073],
			"rotation": {"angle": 0, "axis": "y", "origin": [-14.69552, 0, 21.53073]},
			"faces": {
				"north": {"uv": [0, 0, 16, 6], "texture": "#16"},
				"east": {"uv": [0, 0, 13.5, 6], "texture": "#3"},
				"south": {"uv": [0, 0, 16, 6], "texture": "#3"},
				"west": {"uv": [0, 0, 13.5, 6], "texture": "#3"},
				"up": {"uv": [0, 0, 16, 13.5], "texture": "#16"},
				"down": {"uv": [0, 0, 16, 13.5], "texture": "#3"}
			}
		},
		{
			"from": [-0.69552, 0, -9.71927],
			"to": [16.67948, 9, 3.03073],
			"rotation": {"angle": 0, "axis": "y", "origin": [-14.69552, 0, -4.46927]},
			"faces": {
				"north": {"uv": [0, 0, 16, 5], "texture": "#3"},
				"east": {"uv": [0, 0, 12.75, 5], "texture": "#3"},
				"south": {"uv": [0, 0, 16, 5], "texture": "#16"},
				"west": {"uv": [0, 0, 12.75, 5], "texture": "#3"},
				"up": {"uv": [0, 0, 16, 12.75], "texture": "#16"},
				"down": {"uv": [0, 0, 16, 12.75], "texture": "#3"}
			}
		},
		{
			"from": [-0.69552, 4, 6.28073],
			"to": [16.67948, 9, 8.03073],
			"rotation": {"angle": -22.5, "axis": "x", "origin": [-14.69552, -2, 0.53073]},
			"faces": {
				"north": {"uv": [0, 0, 16, 5], "texture": "#3"},
				"east": {"uv": [0, 0, 12.75, 5], "texture": "#3"},
				"south": {"uv": [0, 0, 16, 5], "texture": "#16"},
				"west": {"uv": [0, 0, 12.75, 5], "texture": "#3"},
				"up": {"uv": [0, 0, 16, 12.75], "texture": "#16"},
				"down": {"uv": [0, 0, 16, 12.75], "texture": "#16"}
			}
		},
		{
			"from": [-2.69552, 5, -9.46927],
			"to": [18.70448, 9.125, -4.96927],
			"rotation": {"angle": 0, "axis": "y", "origin": [-14.69552, -1, -9.46927]},
			"faces": {
				"north": {"uv": [0, 0, 16, 4.125], "texture": "#3"},
				"east": {"uv": [0, 0, 4.5, 4.125], "texture": "#3"},
				"south": {"uv": [0, 0, 16, 4.125], "texture": "#3"},
				"west": {"uv": [0, 0, 4.5, 4.125], "texture": "#3"},
				"up": {"uv": [0, 0, 16, 4.5], "texture": "#3"},
				"down": {"uv": [0, 0, 16, 4.5], "texture": "#3"}
			}
		},
		{
			"from": [-2.69552, 5, -4.96927],
			"to": [18.70448, 9.125, 2.03073],
			"rotation": {"angle": 0, "axis": "y", "origin": [-14.69552, -1, -5.46927]},
			"faces": {
				"north": {"uv": [0, 0, 16, 4.125], "texture": "#3"},
				"east": {"uv": [0, 0, 7, 4.125], "texture": "#3"},
				"south": {"uv": [0, 0, 16, 4.125], "texture": "#16"},
				"west": {"uv": [0, 0, 7, 4.125], "texture": "#3"},
				"up": {"uv": [0, 0, 16, 7], "texture": "#3"},
				"down": {"uv": [0, 0, 16, 7], "texture": "#3"}
			}
		},
		{
			"from": [-2.69552, 0, 15.53073],
			"to": [-0.69552, 18, 18.03073],
			"rotation": {"angle": 0, "axis": "y", "origin": [-14.69552, 0, 15.03073]},
			"faces": {
				"north": {"uv": [0, 0, 2, 16], "texture": "#3"},
				"east": {"uv": [0, 0, 2.5, 16], "texture": "#16"},
				"south": {"uv": [0, 0, 2, 16], "texture": "#3"},
				"west": {"uv": [0, 0, 2.5, 16], "texture": "#3"},
				"up": {"uv": [0, 0, 2, 2.5], "texture": "#3"},
				"down": {"uv": [0, 0, 2, 2.5], "texture": "#3"}
			}
		},
		{
			"from": [16.69552, 0, 2.03073],
			"to": [18.69552, 10, 15.53073],
			"rotation": {"angle": 0, "axis": "y", "origin": [30.69552, 0, 2.53073]},
			"faces": {
				"north": {"uv": [2, 0, 4, 10], "texture": "#3"},
				"east": {"uv": [2.5, 0, 16, 10], "texture": "#3"},
				"south": {"uv": [2, 0, 4, 10], "texture": "#3"},
				"west": {"uv": [2.5, 0, 16, 10], "texture": "#16"},
				"up": {"uv": [2, 0, 4, 13.5], "texture": "#3"},
				"down": {"uv": [2, 0, 4, 13.5], "texture": "#3"}
			}
		},
		{
			"from": [16.69552, 0, 15.53073],
			"to": [18.69552, 18, 18.03073],
			"rotation": {"angle": 0, "axis": "y", "origin": [30.69552, 0, 15.03073]},
			"faces": {
				"north": {"uv": [2, 0, 4, 16], "texture": "#3"},
				"east": {"uv": [1.5, 0, 4, 16], "texture": "#3"},
				"south": {"uv": [2, 0, 4, 16], "texture": "#3"},
				"west": {"uv": [1.5, 0, 4, 16], "texture": "#16"},
				"up": {"uv": [2, 0, 4, 2.5], "texture": "#3"},
				"down": {"uv": [2, 0, 4, 2.5], "texture": "#3"}
			}
		},
		{
			"from": [-2.69552, 10, 2.03073],
			"to": [-1.69552, 20, 3.03073],
			"rotation": {"angle": 22.5, "axis": "x", "origin": [-14.69552, 10, 1.53073]},
			"faces": {
				"north": {"uv": [0, 0, 1, 10], "texture": "#3"},
				"east": {"uv": [0, 0, 1, 10], "texture": "#3"},
				"south": {"uv": [0, 0, 1, 10], "texture": "#3"},
				"west": {"uv": [0, 0, 1, 10], "texture": "#3"},
				"up": {"uv": [0, 0, 1, 1], "texture": "#3"},
				"down": {"uv": [0, 0, 1, 1], "texture": "#3"}
			}
		},
		{
			"from": [-2.69552, 12.47343, 26.93369],
			"to": [-1.69552, 18.47343, 27.93369],
			"rotation": {"angle": -22.5, "axis": "x", "origin": [-14.69552, 18.47343, 26.43369]},
			"faces": {
				"north": {"uv": [0, 6, 1, 12], "texture": "#3"},
				"east": {"uv": [0, 6, 1, 12], "texture": "#3"},
				"south": {"uv": [0, 6, 1, 12], "texture": "#3"},
				"west": {"uv": [0, 6, 1, 12], "texture": "#3"},
				"up": {"uv": [0, 1, 1, 2], "texture": "#3"},
				"down": {"uv": [0, 1, 1, 2], "texture": "#3"}
			}
		},
		{
			"from": [-2.69552, 10.00418, 29.11561],
			"to": [-1.69552, 13.50418, 30.11561],
			"rotation": {"angle": 0, "axis": "x", "origin": [-14.69552, 13.50418, 28.61561]},
			"faces": {
				"north": {"uv": [0, 6, 1, 9.5], "texture": "#3"},
				"east": {"uv": [0, 6, 1, 9.5], "texture": "#3"},
				"south": {"uv": [0, 6, 1, 9.5], "texture": "#3"},
				"west": {"uv": [0, 6, 1, 9.5], "texture": "#3"},
				"up": {"uv": [0, 1, 1, 2], "texture": "#3"},
				"down": {"uv": [0, 1, 1, 2], "texture": "#3"}
			}
		},
		{
			"from": [-2.69552, 18.04745, 5.81951],
			"to": [-1.69552, 19.04745, 27.81951],
			"rotation": {"angle": 0, "axis": "x", "origin": [-14.69552, 19.54745, 5.81951]},
			"faces": {
				"north": {"uv": [0, 0, 1, 1], "rotation": 180, "texture": "#3"},
				"east": {"uv": [0, 0, 1, 16], "rotation": 270, "texture": "#3"},
				"south": {"uv": [0, 0, 1, 1], "texture": "#3"},
				"west": {"uv": [0, 0, 1, 16], "rotation": 90, "texture": "#3"},
				"up": {"uv": [0, 0, 1, 16], "rotation": 180, "texture": "#3"},
				"down": {"uv": [0, 0, 1, 16], "texture": "#3"}
			}
		},
		{
			"from": [17.69552, 10, 2.03073],
			"to": [18.69552, 20, 3.03073],
			"rotation": {"angle": 22.5, "axis": "x", "origin": [30.69552, 10, 1.53073]},
			"faces": {
				"north": {"uv": [1, 0, 0, 10], "texture": "#3"},
				"east": {"uv": [1, 0, 0, 10], "texture": "#3"},
				"south": {"uv": [1, 0, 0, 10], "texture": "#3"},
				"west": {"uv": [1, 0, 0, 10], "texture": "#3"},
				"up": {"uv": [1, 0, 0, 1], "texture": "#3"},
				"down": {"uv": [1, 0, 0, 1], "texture": "#3"}
			}
		},
		{
			"from": [17.69552, 18.04745, 5.81951],
			"to": [18.69552, 19.04745, 27.81951],
			"rotation": {"angle": 0, "axis": "x", "origin": [30.69552, 19.54745, 5.81951]},
			"faces": {
				"north": {"uv": [1, 0, 2, 1], "rotation": 180, "texture": "#3"},
				"east": {"uv": [0, 0, 1, 16], "rotation": 90, "texture": "#3"},
				"south": {"uv": [1, 0, 2, 1], "texture": "#3"},
				"west": {"uv": [0, 0, 1, 16], "rotation": 270, "texture": "#3"},
				"up": {"uv": [1, 0, 2, 16], "rotation": 180, "texture": "#3"},
				"down": {"uv": [1, 0, 2, 16], "texture": "#3"}
			}
		},
		{
			"from": [17.69552, 12.47343, 26.93369],
			"to": [18.69552, 18.47343, 27.93369],
			"rotation": {"angle": -22.5, "axis": "x", "origin": [30.69552, 18.47343, 26.43369]},
			"faces": {
				"north": {"uv": [1, 6, 2, 12], "texture": "#3"},
				"east": {"uv": [1, 6, 2, 12], "texture": "#3"},
				"south": {"uv": [1, 6, 2, 12], "texture": "#3"},
				"west": {"uv": [1, 6, 2, 12], "texture": "#3"},
				"up": {"uv": [1, 1, 2, 2], "texture": "#3"},
				"down": {"uv": [1, 1, 2, 2], "texture": "#3"}
			}
		},
		{
			"from": [17.69552, 10.00418, 29.11561],
			"to": [18.69552, 13.50418, 30.11561],
			"rotation": {"angle": 0, "axis": "x", "origin": [30.69552, 13.50418, 28.61561]},
			"faces": {
				"north": {"uv": [1, 6, 2, 9.5], "texture": "#3"},
				"east": {"uv": [1, 6, 2, 9.5], "texture": "#3"},
				"south": {"uv": [1, 6, 2, 9.5], "texture": "#3"},
				"west": {"uv": [1, 6, 2, 9.5], "texture": "#3"},
				"up": {"uv": [1, 1, 2, 2], "texture": "#3"},
				"down": {"uv": [1, 1, 2, 2], "texture": "#3"}
			}
		},
		{
			"from": [-1.70448, 10, 2.03073],
			"to": [17.69552, 19, 3.03073],
			"rotation": {"angle": 22.5, "axis": "x", "origin": [29.69552, 10, 1.53073]},
			"faces": {
				"north": {"uv": [0, 0, 16, 10], "texture": "#6"},
				"east": {"uv": [0, 0, 16, 10], "texture": "#6"},
				"south": {"uv": [0, 0, 16, 10], "texture": "#6"},
				"west": {"uv": [0, 0, 16, 10], "texture": "#6"},
				"up": {"uv": [0, 0, 16, 10], "texture": "#6"},
				"down": {"uv": [0, 0, 16, 10], "texture": "#6"}
			}
		},
		{
			"from": [-1.70448, 17.04745, 5.51951],
			"to": [17.69552, 19.04745, 28.31951],
			"rotation": {"angle": 0, "axis": "x", "origin": [29.69552, 19.54745, 5.81951]},
			"faces": {
				"north": {"uv": [0, 0, 16, 1], "rotation": 180, "texture": "#3"},
				"east": {"uv": [0, 0, 1, 16], "rotation": 90, "texture": "#3"},
				"south": {"uv": [0, 0, 16, 1], "texture": "#3"},
				"west": {"uv": [0, 0, 1, 16], "rotation": 270, "texture": "#3"},
				"up": {"uv": [0, 0, 16, 16], "rotation": 180, "texture": "#3"},
				"down": {"uv": [0, 0, 16, 16], "texture": "#3"}
			}
		},
		{
			"from": [-1.70448, 12.47343, 26.93369],
			"to": [17.69552, 17.47343, 27.93369],
			"rotation": {"angle": -22.5, "axis": "x", "origin": [29.69552, 18.47343, 26.43369]},
			"faces": {
				"north": {"uv": [0, 0, 16, 6], "texture": "#6"},
				"east": {"uv": [0, 0, 16, 6], "texture": "#6"},
				"south": {"uv": [0, 0, 16, 6], "texture": "#6"},
				"west": {"uv": [0, 0, 16, 6], "texture": "#6"},
				"up": {"uv": [0, 0, 16, 6], "texture": "#6"},
				"down": {"uv": [0, 0, 16, 6], "texture": "#6"}
			}
		},
		{
			"from": [-1.70448, 10.00418, 29.11561],
			"to": [17.69552, 13.50418, 30.11561],
			"rotation": {"angle": 0, "axis": "x", "origin": [29.69552, 13.50418, 28.61561]},
			"faces": {
				"north": {"uv": [0, 6, 16, 9.5], "texture": "#6"},
				"east": {"uv": [1, 6, 2, 9.5], "texture": "#6"},
				"south": {"uv": [0, 6, 16, 9.5], "texture": "#6"},
				"west": {"uv": [1, 6, 2, 9.5], "texture": "#6"},
				"up": {"uv": [0, 1, 16, 2], "texture": "#6"},
				"down": {"uv": [0, 1, 16, 2], "texture": "#6"}
			}
		},
		{
			"from": [12.78207, 4, -6.87707],
			"to": [16.78207, 9, -4.87707],
			"rotation": {"angle": -22.5, "axis": "y", "origin": [28.78207, 0, -6.87707]},
			"faces": {
				"north": {"uv": [4, 0, 8, 5], "texture": "#3"},
				"east": {"uv": [2, 0, 4, 5], "texture": "#3"},
				"south": {"uv": [4, 0, 8, 5], "texture": "#3"},
				"west": {"uv": [2, 0, 4, 5], "texture": "#3"},
				"up": {"uv": [4, 0, 8, 2], "texture": "#3"},
				"down": {"uv": [4, 0, 8, 2], "texture": "#3"}
			}
		},
		{
			"from": [2.5, 3, -12],
			"to": [13.5, 8, -11],
			"rotation": {"angle": 0, "axis": "y", "origin": [3, 3, -13]},
			"faces": {
				"north": {"uv": [0, 0, 11, 5], "texture": "#9"},
				"east": {"uv": [0, 0, 1, 5], "texture": "#9"},
				"south": {"uv": [0, 0, 11, 5], "texture": "#9"},
				"west": {"uv": [0, 0, 1, 5], "texture": "#9"},
				"up": {"uv": [0, 0, 11, 1], "texture": "#9"},
				"down": {"uv": [0, 0, 11, 1], "texture": "#9"}
			}
		},
		{
			"from": [2.75, 3, -12.5],
			"to": [3.25, 8.5, -11.5],
			"rotation": {"angle": 0, "axis": "y", "origin": [1.75, 3, -13.5]},
			"faces": {
				"north": {"uv": [7, 2, 7.5, 7], "texture": "#12"},
				"east": {"uv": [7, 2, 7.5, 7], "texture": "#12"},
				"south": {"uv": [7, 2, 7.5, 7], "texture": "#12"},
				"west": {"uv": [7, 2, 7.5, 7], "texture": "#12"},
				"up": {"uv": [7, 2, 7.5, 7], "texture": "#12"},
				"down": {"uv": [7, 2, 7.5, 7], "texture": "#12"}
			}
		},
		{
			"from": [4.75, 3, -12.5],
			"to": [5.25, 8.5, -11.5],
			"rotation": {"angle": 0, "axis": "y", "origin": [3.75, 3, -13.5]},
			"faces": {
				"north": {"uv": [7, 2, 7.5, 7], "texture": "#12"},
				"east": {"uv": [7, 2, 7.5, 7], "texture": "#12"},
				"south": {"uv": [7, 2, 7.5, 7], "texture": "#12"},
				"west": {"uv": [7, 2, 7.5, 7], "texture": "#12"},
				"up": {"uv": [7, 2, 7.5, 7], "texture": "#12"},
				"down": {"uv": [7, 2, 7.5, 7], "texture": "#12"}
			}
		},
		{
			"from": [6.75, 3, -12.5],
			"to": [7.25, 8.5, -11.5],
			"rotation": {"angle": 0, "axis": "y", "origin": [5.75, 3, -13.5]},
			"faces": {
				"north": {"uv": [7, 2, 7.5, 7], "texture": "#12"},
				"east": {"uv": [7, 2, 7.5, 7], "texture": "#12"},
				"south": {"uv": [7, 2, 7.5, 7], "texture": "#12"},
				"west": {"uv": [7, 2, 7.5, 7], "texture": "#12"},
				"up": {"uv": [7, 2, 7.5, 7], "texture": "#12"},
				"down": {"uv": [7, 2, 7.5, 7], "texture": "#12"}
			}
		},
		{
			"from": [8.75, 3, -12.5],
			"to": [9.25, 8.5, -11.5],
			"rotation": {"angle": 0, "axis": "y", "origin": [7.75, 3, -13.5]},
			"faces": {
				"north": {"uv": [7, 2, 7.5, 7], "texture": "#12"},
				"east": {"uv": [7, 2, 7.5, 7], "texture": "#12"},
				"south": {"uv": [7, 2, 7.5, 7], "texture": "#12"},
				"west": {"uv": [7, 2, 7.5, 7], "texture": "#12"},
				"up": {"uv": [7, 2, 7.5, 7], "texture": "#12"},
				"down": {"uv": [7, 2, 7.5, 7], "texture": "#12"}
			}
		},
		{
			"from": [10.75, 3, -12.5],
			"to": [11.25, 8.5, -11.5],
			"rotation": {"angle": 0, "axis": "y", "origin": [9.75, 3, -13.5]},
			"faces": {
				"north": {"uv": [7, 2, 7.5, 7], "texture": "#12"},
				"east": {"uv": [7, 2, 7.5, 7], "texture": "#12"},
				"south": {"uv": [7, 2, 7.5, 7], "texture": "#12"},
				"west": {"uv": [7, 2, 7.5, 7], "texture": "#12"},
				"up": {"uv": [7, 2, 7.5, 7], "texture": "#12"},
				"down": {"uv": [7, 2, 7.5, 7], "texture": "#12"}
			}
		},
		{
			"from": [12.75, 3, -12.5],
			"to": [13.25, 8.5, -11.5],
			"rotation": {"angle": 0, "axis": "y", "origin": [11.75, 3, -13.5]},
			"faces": {
				"north": {"uv": [7, 2, 7.5, 7], "texture": "#12"},
				"east": {"uv": [7, 2, 7.5, 7], "texture": "#12"},
				"south": {"uv": [7, 2, 7.5, 7], "texture": "#12"},
				"west": {"uv": [7, 2, 7.5, 7], "texture": "#12"},
				"up": {"uv": [7, 2, 7.5, 7], "texture": "#12"},
				"down": {"uv": [7, 2, 7.5, 7], "texture": "#12"}
			}
		},
		{
			"from": [6, 5, -12.75],
			"to": [8, 7, -12.25],
			"rotation": {"angle": -45, "axis": "z", "origin": [8, 5, -14.25]},
			"faces": {
				"north": {"uv": [0, 0, 2, 2], "rotation": 90, "texture": "#15"},
				"east": {"uv": [0, 0, 2, 0.5], "rotation": 270, "texture": "#15"},
				"south": {"uv": [0, 0, 2, 2], "rotation": 270, "texture": "#15"},
				"west": {"uv": [0, 0, 2, 0.5], "rotation": 270, "texture": "#15"},
				"up": {"uv": [0, 0, 0.5, 2], "rotation": 270, "texture": "#15"},
				"down": {"uv": [0, 0, 0.5, 2], "rotation": 270, "texture": "#15"}
			}
		},
		{
			"from": [7.25, 5.5, 5],
			"to": [8.75, 7, 6],
			"rotation": {"angle": 0, "axis": "y", "origin": [7, 4, 5]},
			"faces": {
				"north": {"uv": [6, 4, 7.5, 6], "texture": "#12"},
				"east": {"uv": [6, 4, 7.5, 6], "texture": "#12"},
				"south": {"uv": [6, 4, 7.5, 6], "texture": "#12"},
				"west": {"uv": [6, 4, 7.5, 6], "texture": "#12"},
				"up": {"uv": [6, 4, 7.5, 6], "texture": "#12"},
				"down": {"uv": [6, 4, 7.5, 6], "texture": "#12"}
			}
		},
		{
			"from": [6.25, 2.8, 6],
			"to": [9.75, 4.05, 7.25],
			"rotation": {"angle": 0, "axis": "y", "origin": [7, 2.3, 6]},
			"faces": {
				"north": {"uv": [6, 4, 7.5, 6], "texture": "#9"},
				"east": {"uv": [6, 4, 7.5, 6], "texture": "#9"},
				"south": {"uv": [6, 4, 7.5, 6], "texture": "#9"},
				"west": {"uv": [6, 4, 7.5, 6], "texture": "#9"},
				"up": {"uv": [6, 4, 7.5, 6], "texture": "#9"},
				"down": {"uv": [6, 4, 7.5, 6], "texture": "#9"}
			}
		},
		{
			"from": [10.17678, 2.76967, 6],
			"to": [12.67678, 4.01967, 7.225],
			"rotation": {"angle": 45, "axis": "z", "origin": [9.92678, 2.26967, 6]},
			"faces": {
				"north": {"uv": [6, 4, 7.5, 6], "texture": "#9"},
				"east": {"uv": [6, 4, 7.5, 6], "texture": "#9"},
				"south": {"uv": [6, 4, 7.5, 6], "texture": "#9"},
				"west": {"uv": [6, 4, 7.5, 6], "texture": "#9"},
				"up": {"uv": [6, 4, 7.5, 6], "texture": "#9"},
				"down": {"uv": [6, 4, 7.5, 6], "texture": "#9"}
			}
		},
		{
			"from": [3.32322, 2.76967, 6],
			"to": [5.82322, 4.01967, 7.2],
			"rotation": {"angle": -45, "axis": "z", "origin": [6.07322, 2.26967, 6]},
			"faces": {
				"north": {"uv": [7.5, 4, 6, 6], "texture": "#9"},
				"east": {"uv": [7.5, 4, 6, 6], "texture": "#9"},
				"south": {"uv": [7.5, 4, 6, 6], "texture": "#9"},
				"west": {"uv": [7.5, 4, 6, 6], "texture": "#9"},
				"up": {"uv": [7.5, 4, 6, 6], "texture": "#9"},
				"down": {"uv": [7.5, 4, 6, 6], "texture": "#9"}
			}
		},
		{
			"from": [4.48223, 4.56777, 6],
			"to": [5.73223, 8.06777, 7.25],
			"rotation": {"angle": 0, "axis": "z", "origin": [3.98223, 7.31777, 6]},
			"faces": {
				"north": {"uv": [6, 4, 7.5, 6], "rotation": 270, "texture": "#9"},
				"east": {"uv": [6, 4, 7.5, 6], "rotation": 90, "texture": "#9"},
				"south": {"uv": [6, 4, 7.5, 6], "rotation": 90, "texture": "#9"},
				"west": {"uv": [6, 4, 7.5, 6], "rotation": 90, "texture": "#9"},
				"up": {"uv": [6, 4, 7.5, 6], "rotation": 90, "texture": "#9"},
				"down": {"uv": [6, 4, 7.5, 6], "rotation": 90, "texture": "#9"}
			}
		},
		{
			"from": [10.26777, 4.56777, 6],
			"to": [11.51777, 8.06777, 7.25],
			"rotation": {"angle": 0, "axis": "z", "origin": [12.01777, 7.31777, 6]},
			"faces": {
				"north": {"uv": [6, 6, 7.5, 4], "rotation": 270, "texture": "#9"},
				"east": {"uv": [6, 6, 7.5, 4], "rotation": 90, "texture": "#9"},
				"south": {"uv": [6, 6, 7.5, 4], "rotation": 90, "texture": "#9"},
				"west": {"uv": [6, 6, 7.5, 4], "rotation": 90, "texture": "#9"},
				"up": {"uv": [6, 6, 7.5, 4], "rotation": 90, "texture": "#9"},
				"down": {"uv": [6, 6, 7.5, 4], "rotation": 90, "texture": "#9"}
			}
		},
		{
			"from": [10.17678, 8.58033, 6],
			"to": [12.67678, 9.83033, 7.225],
			"rotation": {"angle": -45, "axis": "z", "origin": [9.92678, 10.33033, 6]},
			"faces": {
				"north": {"uv": [6, 6, 7.5, 4], "texture": "#9"},
				"east": {"uv": [6, 6, 7.5, 4], "texture": "#9"},
				"south": {"uv": [6, 6, 7.5, 4], "texture": "#9"},
				"west": {"uv": [6, 6, 7.5, 4], "texture": "#9"},
				"up": {"uv": [6, 6, 7.5, 4], "texture": "#9"},
				"down": {"uv": [6, 6, 7.5, 4], "texture": "#9"}
			}
		},
		{
			"from": [6.25, 8.55, 6],
			"to": [9.75, 9.8, 7.25],
			"rotation": {"angle": 0, "axis": "y", "origin": [7, 10.3, 6]},
			"faces": {
				"north": {"uv": [6, 6, 7.5, 4], "texture": "#9"},
				"east": {"uv": [6, 6, 7.5, 4], "texture": "#9"},
				"south": {"uv": [6, 6, 7.5, 4], "texture": "#9"},
				"west": {"uv": [6, 6, 7.5, 4], "texture": "#9"},
				"up": {"uv": [6, 6, 7.5, 4], "texture": "#9"},
				"down": {"uv": [6, 6, 7.5, 4], "texture": "#9"}
			}
		},
		{
			"from": [3.32322, 8.58033, 6],
			"to": [5.82322, 9.83033, 7.2],
			"rotation": {"angle": 45, "axis": "z", "origin": [6.07322, 10.33033, 6]},
			"faces": {
				"north": {"uv": [7.5, 6, 6, 4], "texture": "#9"},
				"east": {"uv": [7.5, 6, 6, 4], "texture": "#9"},
				"south": {"uv": [7.5, 6, 6, 4], "texture": "#9"},
				"west": {"uv": [7.5, 6, 6, 4], "texture": "#9"},
				"up": {"uv": [7.5, 6, 6, 4], "texture": "#9"},
				"down": {"uv": [7.5, 6, 6, 4], "texture": "#9"}
			}
		},
		{
			"from": [7.61777, 4.06777, 6],
			"to": [8.36777, 8.56777, 7.25],
			"rotation": {"angle": 0, "axis": "z", "origin": [9.11777, 7.31777, 6]},
			"faces": {
				"north": {"uv": [6, 6, 7.5, 4], "rotation": 270, "texture": "#9"},
				"east": {"uv": [6, 6, 7.5, 4], "rotation": 90, "texture": "#9"},
				"south": {"uv": [6, 5, 6.5, 4], "rotation": 90, "texture": "#9"},
				"west": {"uv": [6, 6, 7.5, 4], "rotation": 90, "texture": "#9"},
				"up": {"uv": [6, 6, 7.5, 4], "rotation": 90, "texture": "#9"},
				"down": {"uv": [6, 6, 7.5, 4], "rotation": 90, "texture": "#9"}
			}
		},
		{
			"from": [6.86777, 5.31777, 6],
			"to": [7.61777, 7.06777, 7.25],
			"rotation": {"angle": 0, "axis": "z", "origin": [8.36777, 7.56777, 6]},
			"faces": {
				"north": {"uv": [6, 5, 6.5, 4], "rotation": 90, "texture": "#9"},
				"east": {"uv": [6, 5, 6.5, 4], "rotation": 90, "texture": "#9"},
				"south": {"uv": [6, 5, 6.5, 4], "rotation": 90, "texture": "#9"},
				"west": {"uv": [6, 5, 6.5, 4], "rotation": 90, "texture": "#9"},
				"up": {"uv": [6, 5, 6.5, 4], "rotation": 90, "texture": "#9"},
				"down": {"uv": [6, 5, 6.5, 4], "rotation": 90, "texture": "#9"}
			}
		},
		{
			"from": [8.36777, 5.31777, 6],
			"to": [9.11777, 7.06777, 7.25],
			"rotation": {"angle": 0, "axis": "z", "origin": [9.86777, 7.56777, 6]},
			"faces": {
				"north": {"uv": [6, 4, 6.5, 4], "rotation": 90, "texture": "#9"},
				"east": {"uv": [6, 4, 6.5, 4], "rotation": 90, "texture": "#9"},
				"south": {"uv": [6, 4, 6.5, 4], "rotation": 90, "texture": "#9"},
				"west": {"uv": [6, 4, 6.5, 4], "rotation": 90, "texture": "#9"},
				"up": {"uv": [6, 4, 6.5, 4], "rotation": 90, "texture": "#9"},
				"down": {"uv": [6, 4, 6.5, 4], "rotation": 90, "texture": "#9"}
			}
		},
		{
			"from": [5.69277, 6.06777, 6],
			"to": [7.61777, 7.31777, 7],
			"rotation": {"angle": -22.5, "axis": "z", "origin": [7.36777, 7.31777, 6]},
			"faces": {
				"north": {"uv": [5, 5, 5.5, 4], "rotation": 90, "texture": "#9"},
				"east": {"uv": [5, 5, 5.5, 4], "rotation": 90, "texture": "#9"},
				"south": {"uv": [5, 5, 5.5, 4], "rotation": 90, "texture": "#9"},
				"west": {"uv": [5, 5, 5.5, 4], "rotation": 90, "texture": "#9"},
				"up": {"uv": [5, 5, 5.5, 4], "rotation": 90, "texture": "#9"},
				"down": {"uv": [5, 5, 5.5, 4], "rotation": 90, "texture": "#9"}
			}
		},
		{
			"from": [8.38223, 6.06777, 6],
			"to": [10.30723, 7.31777, 7],
			"rotation": {"angle": 22.5, "axis": "z", "origin": [8.63223, 7.31777, 6]},
			"faces": {
				"north": {"uv": [5, 4, 5.5, 5], "rotation": 90, "texture": "#9"},
				"east": {"uv": [5, 4, 5.5, 5], "rotation": 90, "texture": "#9"},
				"south": {"uv": [5, 4, 5.5, 5], "rotation": 90, "texture": "#9"},
				"west": {"uv": [5, 4, 5.5, 5], "rotation": 90, "texture": "#9"},
				"up": {"uv": [5, 4, 5.5, 5], "rotation": 90, "texture": "#9"},
				"down": {"uv": [5, 4, 5.5, 5], "rotation": 90, "texture": "#9"}
			}
		}
	],
	"display": {
		"thirdperson_righthand": {
			"rotation": [90, 0, 0],
			"translation": [-6.75, 0, 14],
			"scale": [1.2, 1.2, 1.2]
		},
		"thirdperson_lefthand": {
			"rotation": [90, 0, 0],
			"translation": [-5.75, 0.75, 12.5],
			"scale": [1.5, 1.5, 1.5]
		},
		"head": {
			"translation": [-0.25, -24.75, -4.5],
			"scale": [2, 2, 2]
		}
	},
	"groups": [
		0,
		1,
		2,
		3,
		4,
		5,
		6,
		7,
		8,
		9,
		10,
		11,
		12,
		13,
		14,
		15,
		16,
		17,
		18,
		19,
		20,
		21,
		22,
		23,
		24,
		25,
		26,
		27,
		28,
		29,
		30,
		31,
		32,
		33,
		34,
		35,
		36,
		37,
		38,
		39,
		40,
		41,
		42,
		43,
		44,
		45,
		46,
		47,
		48,
		49,
		50,
		51,
		52,
		53,
		54,
		55,
		56,
		57,
		58,
		59,
		60,
		61,
		62,
		63,
		64,
		65,
		66,
		67,
		68,
		69,
		70,
		71,
		72,
		73,
		74,
		75,
		76,
		77,
		78,
		79,
		80,
		81,
		82,
		83,
		84,
		85,
		86,
		87,
		88,
		89,
		90,
		91,
		92,
		93,
		94,
		95,
		96,
		97,
		98,
		99,
		100,
		101,
		102,
		103,
		104,
		{
			"name": "group",
			"origin": [8.63223, 10.31777, 6],
			"color": 0,
			"nbt": "{}",
			"children": [105, 106, 107, 108, 109, 110, 111, 112, 113, 114, 115, 116, 117, 118]
		}
	]
}