{
	"credit": "Made with Blockbench",
	"textures": {
		"4": "block/red_concrete1",
		"12": "block/black_concrete1",
		"14": "block/white_concrete1",
		"particle": "block/coal_block1"
	},
	"elements": [
		{
			"from": [8.55731, 9.81919, 4.5],
			"to": [8.73231, 9.96919, 4.525],
			"rotation": {"angle": 0, "axis": "z", "origin": [8.90731, 10.41919, 3]},
			"faces": {
				"north": {"uv": [1.6, 0.5, 0, 0.75], "rotation": 180, "texture": "#14"},
				"east": {"uv": [0.025, 0.5, 0, 0.75], "rotation": 180, "texture": "#14"},
				"south": {"uv": [1.6, 0.5, 0, 0.75], "rotation": 180, "texture": "#14"},
				"west": {"uv": [0.025, 0.5, 0, 0.75], "rotation": 180, "texture": "#14"},
				"up": {"uv": [1.6, 0.025, 0, 0.05], "rotation": 180, "texture": "#14"},
				"down": {"uv": [1.6, 0.025, 0, 0.05], "rotation": 180, "texture": "#14"}
			}
		},
		{
			"from": [9.08765, 9.72446, 4.5],
			"to": [9.68765, 9.87446, 4.525],
			"rotation": {"angle": -22.5, "axis": "z", "origin": [9.63765, 10.32446, 3]},
			"faces": {
				"north": {"uv": [1.6, 0.5, 0, 0.75], "rotation": 180, "texture": "#14"},
				"east": {"uv": [0.025, 0.5, 0, 0.75], "rotation": 180, "texture": "#14"},
				"south": {"uv": [1.6, 0.5, 0, 0.75], "rotation": 180, "texture": "#14"},
				"west": {"uv": [0.025, 0.5, 0, 0.75], "rotation": 180, "texture": "#14"},
				"up": {"uv": [1.6, 0.025, 0, 0.05], "rotation": 180, "texture": "#14"},
				"down": {"uv": [1.6, 0.025, 0, 0.05], "rotation": 180, "texture": "#14"}
			}
		},
		{
			"from": [9.66874, 9.21887, 4.5],
			"to": [10.06874, 9.36887, 4.525],
			"rotation": {"angle": -45, "axis": "z", "origin": [10.21874, 9.81887, 3]},
			"faces": {
				"north": {"uv": [1.6, 0.5, 0, 0.75], "rotation": 180, "texture": "#14"},
				"east": {"uv": [0.025, 0.5, 0, 0.75], "rotation": 180, "texture": "#14"},
				"south": {"uv": [1.6, 0.5, 0, 0.75], "rotation": 180, "texture": "#14"},
				"west": {"uv": [0.025, 0.5, 0, 0.75], "rotation": 180, "texture": "#14"},
				"up": {"uv": [1.6, 0.025, 0, 0.05], "rotation": 180, "texture": "#14"},
				"down": {"uv": [1.6, 0.025, 0, 0.05], "rotation": 180, "texture": "#14"}
			}
		},
		{
			"from": [8.35731, 9.96919, 4.5],
			"to": [8.95731, 10.11919, 4.525],
			"rotation": {"angle": 0, "axis": "z", "origin": [8.90731, 10.56919, 3]},
			"faces": {
				"north": {"uv": [1.6, 0.5, 0, 0.75], "rotation": 180, "texture": "#14"},
				"east": {"uv": [0.025, 0.5, 0, 0.75], "rotation": 180, "texture": "#14"},
				"south": {"uv": [1.6, 0.5, 0, 0.75], "rotation": 180, "texture": "#14"},
				"west": {"uv": [0.025, 0.5, 0, 0.75], "rotation": 180, "texture": "#14"},
				"up": {"uv": [1.6, 0.025, 0, 0.05], "rotation": 180, "texture": "#14"},
				"down": {"uv": [1.6, 0.025, 0, 0.05], "rotation": 180, "texture": "#14"}
			}
		},
		{
			"from": [7.62697, 9.72446, 4.5],
			"to": [8.22697, 9.87446, 4.525],
			"rotation": {"angle": 22.5, "axis": "z", "origin": [7.67697, 10.32446, 3]},
			"faces": {
				"north": {"uv": [0, 0.5, 1.6, 0.75], "rotation": 180, "texture": "#14"},
				"east": {"uv": [0, 0.5, 0.025, 0.75], "rotation": 180, "texture": "#14"},
				"south": {"uv": [0, 0.5, 1.6, 0.75], "rotation": 180, "texture": "#14"},
				"west": {"uv": [0, 0.5, 0.025, 0.75], "rotation": 180, "texture": "#14"},
				"up": {"uv": [0, 0.025, 1.6, 0.05], "rotation": 180, "texture": "#14"},
				"down": {"uv": [0, 0.025, 1.6, 0.05], "rotation": 180, "texture": "#14"}
			}
		},
		{
			"from": [7.24587, 9.21887, 4.5],
			"to": [7.64587, 9.36887, 4.525],
			"rotation": {"angle": 45, "axis": "z", "origin": [7.09587, 9.81887, 3]},
			"faces": {
				"north": {"uv": [0, 0.5, 1.6, 0.75], "rotation": 180, "texture": "#14"},
				"east": {"uv": [0, 0.5, 0.025, 0.75], "rotation": 180, "texture": "#14"},
				"south": {"uv": [0, 0.5, 1.6, 0.75], "rotation": 180, "texture": "#14"},
				"west": {"uv": [0, 0.5, 0.025, 0.75], "rotation": 180, "texture": "#14"},
				"up": {"uv": [0, 0.025, 1.6, 0.05], "rotation": 180, "texture": "#14"},
				"down": {"uv": [0, 0.025, 1.6, 0.05], "rotation": 180, "texture": "#14"}
			}
		},
		{
			"from": [7.52087, 9.11887, 4.5],
			"to": [7.64587, 9.31887, 4.55],
			"rotation": {"angle": 45, "axis": "z", "origin": [7.17087, 9.91887, 3]},
			"faces": {
				"north": {"uv": [0, 0.5, 1.6, 0.75], "rotation": 180, "texture": "#4"},
				"east": {"uv": [0, 0.5, 0.025, 0.75], "rotation": 180, "texture": "#4"},
				"south": {"uv": [0, 0.5, 1.6, 0.75], "rotation": 180, "texture": "#4"},
				"west": {"uv": [0, 0.5, 0.025, 0.75], "rotation": 180, "texture": "#4"},
				"up": {"uv": [0, 0.025, 1.6, 0.05], "rotation": 180, "texture": "#4"},
				"down": {"uv": [0, 0.025, 1.6, 0.05], "rotation": 180, "texture": "#4"}
			}
		},
		{
			"from": [9.70413, 9.11887, 4.5],
			"to": [9.85413, 9.31887, 4.525],
			"rotation": {"angle": -45, "axis": "z", "origin": [10.22913, 9.91887, 3]},
			"faces": {
				"north": {"uv": [1.6, 0.5, 0, 0.75], "rotation": 180, "texture": "#14"},
				"east": {"uv": [0.025, 0.5, 0, 0.75], "rotation": 180, "texture": "#14"},
				"south": {"uv": [1.6, 0.5, 0, 0.75], "rotation": 180, "texture": "#14"},
				"west": {"uv": [0.025, 0.5, 0, 0.75], "rotation": 180, "texture": "#14"},
				"up": {"uv": [1.6, 0.025, 0, 0.05], "rotation": 180, "texture": "#14"},
				"down": {"uv": [1.6, 0.025, 0, 0.05], "rotation": 180, "texture": "#14"}
			}
		},
		{
			"from": [8.57771, 9.47191, 4.5],
			"to": [8.70271, 9.64691, 4.525],
			"rotation": {"angle": 0, "axis": "y", "origin": [8.93539, 9.29803, 4.65]},
			"faces": {
				"north": {"uv": [0, 0, 0.75, 0.15], "rotation": 180, "texture": "#14"},
				"east": {"uv": [0, 0, 0.1, 0.15], "rotation": 180, "texture": "#14"},
				"south": {"uv": [0, 0, 0.75, 0.15], "rotation": 180, "texture": "#14"},
				"west": {"uv": [0, 0, 0.1, 0.15], "rotation": 180, "texture": "#14"},
				"up": {"uv": [0, 0, 0.75, 0.1], "rotation": 180, "texture": "#14"},
				"down": {"uv": [0, 0, 0.75, 0.1], "rotation": 180, "texture": "#14"}
			}
		},
		{
			"from": [8.60271, 9.57191, 4.525],
			"to": [8.67771, 9.62191, 4.55],
			"rotation": {"angle": 0, "axis": "y", "origin": [8.93539, 9.29803, 4.675]},
			"faces": {
				"north": {"uv": [0, 0, 0.75, 0.15], "rotation": 180, "texture": "#12"},
				"east": {"uv": [0, 0, 0.1, 0.15], "rotation": 180, "texture": "#12"},
				"south": {"uv": [0, 0, 0.75, 0.15], "rotation": 180, "texture": "#12"},
				"west": {"uv": [0, 0, 0.1, 0.15], "rotation": 180, "texture": "#12"},
				"up": {"uv": [0, 0, 0.75, 0.1], "rotation": 180, "texture": "#12"},
				"down": {"uv": [0, 0, 0.75, 0.1], "rotation": 180, "texture": "#12"}
			}
		},
		{
			"from": [8.73651, 9.49035, 4.5],
			"to": [8.76151, 9.56535, 4.525],
			"rotation": {"angle": 0, "axis": "y", "origin": [8.93539, 9.87303, 4.65]},
			"faces": {
				"north": {"uv": [0, 0, 0.75, 0.15], "rotation": 270, "texture": "#14"},
				"east": {"uv": [0, 0, 0.75, 0.1], "rotation": 90, "texture": "#14"},
				"south": {"uv": [0, 0, 0.75, 0.15], "rotation": 90, "texture": "#14"},
				"west": {"uv": [0, 0, 0.75, 0.1], "rotation": 90, "texture": "#14"},
				"up": {"uv": [0, 0, 0.1, 0.15], "rotation": 90, "texture": "#14"},
				"down": {"uv": [0, 0, 0.1, 0.15], "rotation": 90, "texture": "#14"}
			}
		},
		{
			"from": [8.70271, 9.54691, 4.5],
			"to": [8.75271, 9.57191, 4.525],
			"rotation": {"angle": 0, "axis": "y", "origin": [9.06039, 9.37303, 4.65]},
			"faces": {
				"north": {"uv": [0, 0, 0.75, 0.15], "rotation": 180, "texture": "#14"},
				"east": {"uv": [0, 0, 0.1, 0.15], "rotation": 180, "texture": "#14"},
				"south": {"uv": [0, 0, 0.75, 0.15], "rotation": 180, "texture": "#14"},
				"west": {"uv": [0, 0, 0.1, 0.15], "rotation": 180, "texture": "#14"},
				"up": {"uv": [0, 0, 0.75, 0.1], "rotation": 180, "texture": "#14"},
				"down": {"uv": [0, 0, 0.75, 0.1], "rotation": 180, "texture": "#14"}
			}
		},
		{
			"from": [8.58427, 9.70572, 4.5],
			"to": [8.60927, 9.83072, 4.525],
			"rotation": {"angle": -45, "axis": "z", "origin": [8.41039, 9.42303, 4.65]},
			"faces": {
				"north": {"uv": [0, 0, 0.75, 0.15], "rotation": 90, "texture": "#14"},
				"east": {"uv": [0, 0, 0.75, 0.1], "rotation": 270, "texture": "#14"},
				"south": {"uv": [0, 0, 0.75, 0.15], "rotation": 270, "texture": "#14"},
				"west": {"uv": [0, 0, 0.75, 0.1], "rotation": 270, "texture": "#14"},
				"up": {"uv": [0, 0, 0.1, 0.15], "rotation": 270, "texture": "#14"},
				"down": {"uv": [0, 0, 0.1, 0.15], "rotation": 270, "texture": "#14"}
			}
		},
		{
			"from": [9.08427, 9.53072, 4.5],
			"to": [9.10927, 9.60572, 4.525],
			"rotation": {"angle": 45, "axis": "z", "origin": [8.91039, 9.24803, 4.65]},
			"faces": {
				"north": {"uv": [0, 0, 0.75, 0.15], "rotation": 90, "texture": "#14"},
				"east": {"uv": [0, 0, 0.75, 0.1], "rotation": 270, "texture": "#14"},
				"south": {"uv": [0, 0, 0.75, 0.15], "rotation": 270, "texture": "#14"},
				"west": {"uv": [0, 0, 0.75, 0.1], "rotation": 270, "texture": "#14"},
				"up": {"uv": [0, 0, 0.1, 0.15], "rotation": 270, "texture": "#14"},
				"down": {"uv": [0, 0, 0.1, 0.15], "rotation": 270, "texture": "#14"}
			}
		},
		{
			"from": [9.10927, 9.55572, 4.5],
			"to": [9.13427, 9.60572, 4.525],
			"rotation": {"angle": 45, "axis": "z", "origin": [8.93539, 9.24803, 4.65]},
			"faces": {
				"north": {"uv": [0, 0, 0.75, 0.15], "rotation": 90, "texture": "#14"},
				"east": {"uv": [0, 0, 0.75, 0.1], "rotation": 270, "texture": "#14"},
				"south": {"uv": [0, 0, 0.75, 0.15], "rotation": 270, "texture": "#14"},
				"west": {"uv": [0, 0, 0.75, 0.1], "rotation": 270, "texture": "#14"},
				"up": {"uv": [0, 0, 0.1, 0.15], "rotation": 270, "texture": "#14"},
				"down": {"uv": [0, 0, 0.1, 0.15], "rotation": 270, "texture": "#14"}
			}
		},
		{
			"from": [8.525, 8.95, 4.5],
			"to": [8.75, 9.175, 4.55],
			"rotation": {"angle": 0, "axis": "z", "origin": [8.65, 9.05, 4.5]},
			"faces": {
				"north": {"uv": [0, 0, 0.75, 0.75], "texture": "#4"},
				"east": {"uv": [0, 0, 0.05, 0.75], "texture": "#4"},
				"south": {"uv": [0, 0, 0.75, 0.75], "texture": "#4"},
				"west": {"uv": [0, 0, 0.05, 0.75], "texture": "#4"},
				"up": {"uv": [0, 0, 0.75, 0.05], "texture": "#4"},
				"down": {"uv": [0, 0, 0.75, 0.05], "texture": "#4"}
			}
		},
		{
			"from": [8.575, 9.175, 4.5],
			"to": [8.7, 9.55, 4.55],
			"rotation": {"angle": 0, "axis": "z", "origin": [8.65, 9.05, 4.5]},
			"faces": {
				"north": {"uv": [0, 0, 0.25, 2.5], "texture": "#4"},
				"east": {"uv": [0, 0, 0.05, 2.5], "texture": "#4"},
				"south": {"uv": [0, 0, 0.25, 2.5], "texture": "#4"},
				"west": {"uv": [0, 0, 0.05, 2.5], "texture": "#4"},
				"up": {"uv": [0, 0, 0.25, 0.05], "texture": "#4"},
				"down": {"uv": [0, 0, 0.25, 0.05], "texture": "#4"}
			}
		}
	],
	"display": {
		"thirdperson_righthand": {
			"rotation": [56, 0, 0],
			"translation": [-6.84, 5.75, 49],
			"scale": [1.8, 1.8, 1.8]
		},
		"thirdperson_lefthand": {
			"rotation": [54, 0, 0],
			"translation": [-6, -0.25, 2.75],
			"scale": [1.2, 1.2, 1.2]
		},
		"head": {
			"translation": [0, -22.08, -4.5],
			"scale": [2, 2, 2]
		}
	},
	"groups": [
		{
			"name": "group",
			"origin": [6.89911, 13.06099, 3],
			"color": 0,
			"children": [
				0,
				1,
				2,
				3,
				4,
				5,
				6,
				7,
				{
					"name": "group",
					"origin": [5.36039, 9.74803, 5.15],
					"color": 0,
					"children": [8, 9, 10, 11, 12, 13, 14]
				},
				{
					"name": "group",
					"origin": [8.65, 9.05, 4.5],
					"color": 0,
					"children": [15, 16]
				}
			]
		}
	]
}