{
	"credit": "Made with Blockbench",
	"textures": {
		"4": "block/red_concrete1",
		"8": "block/gray_wool1",
		"12": "block/black_concrete1",
		"14": "block/white_concrete1",
		"particle": "block/coal_block1"
	},
	"elements": [
		{
			"from": [5.25, 7, 2.5],
			"to": [9.5, 10.25, 4.5],
			"rotation": {"angle": 0, "axis": "x", "origin": [7, 7, 2.5]},
			"faces": {
				"north": {"uv": [0, 0, 7, 3.75], "texture": "#8"},
				"east": {"uv": [0, 0, 2, 3.75], "texture": "#8"},
				"south": {"uv": [0, 0, 1, 0.75], "texture": "#12"},
				"west": {"uv": [0, 0, 2, 3.75], "texture": "#8"},
				"up": {"uv": [0, 0, 7, 2], "texture": "#8"},
				"down": {"uv": [0, 0, 7, 2], "texture": "#8"}
			}
		},
		{
			"from": [10.75, 7, 2.5],
			"to": [12, 10.25, 4.5],
			"rotation": {"angle": 0, "axis": "x", "origin": [9.5, 7, 2.5]},
			"faces": {
				"north": {"uv": [0, 0, 2, 1.75], "texture": "#8"},
				"east": {"uv": [0, 0, 2, 3.75], "texture": "#8"},
				"south": {"uv": [0, 0, 0, 0.75], "texture": "#12"},
				"west": {"uv": [0, 0, 2, 3.75], "texture": "#8"},
				"up": {"uv": [0, 0, 3, 2], "texture": "#8"},
				"down": {"uv": [0, 0, 7, 2], "texture": "#8"}
			}
		},
		{
			"from": [9.475, 9.25, 2.5],
			"to": [10.75, 10.25, 4.5],
			"rotation": {"angle": 0, "axis": "x", "origin": [8.2, 7, 2.5]},
			"faces": {
				"north": {"uv": [4, 1, 6, 2.75], "texture": "#8"},
				"east": {"uv": [0, 0, 2, 3.75], "texture": "#8"},
				"south": {"uv": [0, 0, 0, 0], "texture": "#12"},
				"west": {"uv": [0, 0, 2, 3.75], "texture": "#8"},
				"up": {"uv": [3, 2, 5, 4], "texture": "#8"},
				"down": {"uv": [0, 0, 7, 2], "texture": "#8"}
			}
		},
		{
			"from": [9.875, 9.15, 2.5],
			"to": [10.65, 9.25, 4.5],
			"rotation": {"angle": 0, "axis": "x", "origin": [8.2, 6.9, 2.5]},
			"faces": {
				"north": {"uv": [4, 1, 6, 2.75], "texture": "#8"},
				"east": {"uv": [0, 0, 2, 3.75], "texture": "#8"},
				"south": {"uv": [0, 0, 0, 0], "texture": "#12"},
				"west": {"uv": [0, 0, 2, 3.75], "texture": "#8"},
				"up": {"uv": [3, 2, 5, 4], "texture": "#8"},
				"down": {"uv": [0, 0, 7, 2], "texture": "#8"}
			}
		},
		{
			"from": [9.475, 7, 2.5],
			"to": [10.75, 8.5, 4.5],
			"rotation": {"angle": 0, "axis": "x", "origin": [8.2, 4.75, 2.5]},
			"faces": {
				"north": {"uv": [4, 1, 6, 2.75], "texture": "#8"},
				"east": {"uv": [0, 0, 2, 3.75], "texture": "#8"},
				"south": {"uv": [0, 0, 0, 0], "texture": "#12"},
				"west": {"uv": [0, 0, 2, 3.75], "texture": "#8"},
				"up": {"uv": [3, 2, 5, 4], "texture": "#8"},
				"down": {"uv": [0, 0, 7, 2], "texture": "#8"}
			}
		},
		{
			"from": [9.475, 8.5, 2.5],
			"to": [9.9, 9.25, 4.5],
			"rotation": {"angle": 0, "axis": "x", "origin": [8.2, 6.25, 2.5]},
			"faces": {
				"north": {"uv": [4, 1, 6, 2.75], "texture": "#8"},
				"east": {"uv": [0, 0, 2, 3.75], "texture": "#8"},
				"south": {"uv": [0, 0, 0, 0], "texture": "#12"},
				"west": {"uv": [0, 0, 2, 3.75], "texture": "#8"},
				"up": {"uv": [3, 2, 5, 4], "texture": "#8"},
				"down": {"uv": [0, 0, 7, 2], "texture": "#8"}
			}
		},
		{
			"from": [10.6, 8.5, 2.5],
			"to": [10.75, 9.25, 4.5],
			"rotation": {"angle": 0, "axis": "x", "origin": [8.95, 6.25, 2.5]},
			"faces": {
				"north": {"uv": [4, 1, 6, 2.75], "texture": "#8"},
				"east": {"uv": [0, 0, 2, 3.75], "texture": "#8"},
				"south": {"uv": [0, 0, 0, 0], "texture": "#12"},
				"west": {"uv": [0, 0, 2, 3.75], "texture": "#8"},
				"up": {"uv": [3, 2, 5, 4], "texture": "#8"},
				"down": {"uv": [0, 0, 7, 2], "texture": "#8"}
			}
		},
		{
			"from": [9.9, 8.5, 2.5],
			"to": [10.625, 9.15, 4.4],
			"rotation": {"angle": 0, "axis": "x", "origin": [8.55, 6.25, 2.5]},
			"faces": {
				"north": {"uv": [4, 1, 6, 2.75], "texture": "#8"},
				"east": {"uv": [0, 0, 2, 3.75], "texture": "#8"},
				"south": {"uv": [0, 0, 0, 0], "texture": "#8"},
				"west": {"uv": [0, 0, 2, 3.75], "texture": "#8"},
				"up": {"uv": [3, 2, 5, 4], "texture": "#8"},
				"down": {"uv": [0, 0, 7, 2], "texture": "#8"}
			}
		},
		{
			"from": [5.25, 10.1, 4.5],
			"to": [12, 10.25, 4.65],
			"rotation": {"angle": 0, "axis": "x", "origin": [7, 6.5, 4.5]},
			"faces": {
				"north": {"uv": [0, 0, 1, 0.75], "texture": "#8"},
				"east": {"uv": [0, 0, 1, 0.75], "texture": "#8"},
				"south": {"uv": [0, 0, 1, 0.75], "texture": "#8"},
				"west": {"uv": [0, 0, 1, 0.75], "texture": "#8"},
				"up": {"uv": [0, 0, 1, 0.75], "texture": "#8"},
				"down": {"uv": [0, 0, 1, 0.75], "texture": "#8"}
			}
		},
		{
			"from": [5.25, 7, 4.5],
			"to": [12, 7.15, 4.65],
			"rotation": {"angle": 0, "axis": "x", "origin": [7, 3.4, 4.5]},
			"faces": {
				"north": {"uv": [0, 0, 1, 0.75], "texture": "#8"},
				"east": {"uv": [0, 0, 1, 0.75], "texture": "#8"},
				"south": {"uv": [0, 0, 1, 0.75], "texture": "#8"},
				"west": {"uv": [0, 0, 1, 0.75], "texture": "#8"},
				"up": {"uv": [0, 0, 1, 0.75], "texture": "#8"},
				"down": {"uv": [0, 0, 1, 0.75], "texture": "#8"}
			}
		},
		{
			"from": [6.675, 7.45, 4.5],
			"to": [6.725, 7.7, 4.525],
			"rotation": {"angle": 0, "axis": "x", "origin": [6.5, 3.95, 4.5]},
			"faces": {
				"north": {"uv": [0, 0, 1, 0.75], "texture": "#14"},
				"east": {"uv": [0, 0, 1, 0.75], "texture": "#14"},
				"south": {"uv": [0, 0, 1, 0.75], "texture": "#14"},
				"west": {"uv": [0, 0, 1, 0.75], "texture": "#14"},
				"up": {"uv": [0, 0, 1, 0.75], "texture": "#14"},
				"down": {"uv": [0, 0, 1, 0.75], "texture": "#14"}
			}
		},
		{
			"from": [6.825, 7.65, 4.5],
			"to": [6.925, 7.7, 4.525],
			"rotation": {"angle": 0, "axis": "z", "origin": [10.575, 7.475, 4.5]},
			"faces": {
				"north": {"uv": [0, 0, 1, 0.75], "rotation": 90, "texture": "#14"},
				"east": {"uv": [0, 0, 1, 0.75], "rotation": 270, "texture": "#14"},
				"south": {"uv": [0, 0, 1, 0.75], "rotation": 270, "texture": "#14"},
				"west": {"uv": [0, 0, 1, 0.75], "rotation": 270, "texture": "#14"},
				"up": {"uv": [0, 0, 1, 0.75], "rotation": 270, "texture": "#14"},
				"down": {"uv": [0, 0, 1, 0.75], "rotation": 270, "texture": "#14"}
			}
		},
		{
			"from": [6.825, 7.45, 4.5],
			"to": [6.925, 7.5, 4.525],
			"rotation": {"angle": 0, "axis": "z", "origin": [10.575, 7.275, 4.5]},
			"faces": {
				"north": {"uv": [0, 0, 1, 0.75], "rotation": 90, "texture": "#14"},
				"east": {"uv": [0, 0, 1, 0.75], "rotation": 270, "texture": "#14"},
				"south": {"uv": [0, 0, 1, 0.75], "rotation": 270, "texture": "#14"},
				"west": {"uv": [0, 0, 1, 0.75], "rotation": 270, "texture": "#14"},
				"up": {"uv": [0, 0, 1, 0.75], "rotation": 270, "texture": "#14"},
				"down": {"uv": [0, 0, 1, 0.75], "rotation": 270, "texture": "#14"}
			}
		},
		{
			"from": [6.775, 7.45, 4.5],
			"to": [6.825, 7.7, 4.525],
			"rotation": {"angle": 0, "axis": "x", "origin": [6.6, 3.95, 4.5]},
			"faces": {
				"north": {"uv": [0, 0, 1, 0.75], "texture": "#14"},
				"east": {"uv": [0, 0, 1, 0.75], "texture": "#14"},
				"south": {"uv": [0, 0, 1, 0.75], "texture": "#14"},
				"west": {"uv": [0, 0, 1, 0.75], "texture": "#14"},
				"up": {"uv": [0, 0, 1, 0.75], "texture": "#14"},
				"down": {"uv": [0, 0, 1, 0.75], "texture": "#14"}
			}
		},
		{
			"from": [9.95, 7.45, 4.5],
			"to": [10, 7.7, 4.525],
			"rotation": {"angle": 0, "axis": "x", "origin": [9.775, 3.95, 4.5]},
			"faces": {
				"north": {"uv": [0, 0, 1, 0.75], "texture": "#14"},
				"east": {"uv": [0, 0, 1, 0.75], "texture": "#14"},
				"south": {"uv": [0, 0, 1, 0.75], "texture": "#14"},
				"west": {"uv": [0, 0, 1, 0.75], "texture": "#14"},
				"up": {"uv": [0, 0, 1, 0.75], "texture": "#14"},
				"down": {"uv": [0, 0, 1, 0.75], "texture": "#14"}
			}
		},
		{
			"from": [10.05, 7.45, 4.5],
			"to": [10.1, 7.6, 4.525],
			"rotation": {"angle": 0, "axis": "x", "origin": [9.875, 3.95, 4.5]},
			"faces": {
				"north": {"uv": [0, 0, 1, 0.75], "texture": "#14"},
				"east": {"uv": [0, 0, 1, 0.75], "texture": "#14"},
				"south": {"uv": [0, 0, 1, 0.75], "texture": "#14"},
				"west": {"uv": [0, 0, 1, 0.75], "texture": "#14"},
				"up": {"uv": [0, 0, 1, 0.75], "texture": "#14"},
				"down": {"uv": [0, 0, 1, 0.75], "texture": "#14"}
			}
		},
		{
			"from": [10.35, 7.45, 4.5],
			"to": [10.4, 7.7, 4.525],
			"rotation": {"angle": 0, "axis": "x", "origin": [10.175, 3.95, 4.5]},
			"faces": {
				"north": {"uv": [0, 0, 1, 0.75], "texture": "#14"},
				"east": {"uv": [0, 0, 1, 0.75], "texture": "#14"},
				"south": {"uv": [0, 0, 1, 0.75], "texture": "#14"},
				"west": {"uv": [0, 0, 1, 0.75], "texture": "#14"},
				"up": {"uv": [0, 0, 1, 0.75], "texture": "#14"},
				"down": {"uv": [0, 0, 1, 0.75], "texture": "#14"}
			}
		},
		{
			"from": [10.3, 7.55, 4.5],
			"to": [10.45, 7.6, 4.525],
			"rotation": {"angle": 0, "axis": "x", "origin": [10.125, 3.95, 4.5]},
			"faces": {
				"north": {"uv": [0, 0, 1, 0.75], "texture": "#14"},
				"east": {"uv": [0, 0, 1, 0.75], "texture": "#14"},
				"south": {"uv": [0, 0, 1, 0.75], "texture": "#14"},
				"west": {"uv": [0, 0, 1, 0.75], "texture": "#14"},
				"up": {"uv": [0, 0, 1, 0.75], "texture": "#14"},
				"down": {"uv": [0, 0, 1, 0.75], "texture": "#14"}
			}
		},
		{
			"from": [8.8, 7.75, 4.5],
			"to": [8.85, 8.1, 4.525],
			"rotation": {"angle": -22.5, "axis": "z", "origin": [8.625, 4.25, 4.5]},
			"faces": {
				"north": {"uv": [0, 0, 1, 0.75], "texture": "#14"},
				"east": {"uv": [0, 0, 1, 0.75], "texture": "#14"},
				"south": {"uv": [0, 0, 1, 0.75], "texture": "#14"},
				"west": {"uv": [0, 0, 1, 0.75], "texture": "#14"},
				"up": {"uv": [0, 0, 1, 0.75], "texture": "#14"},
				"down": {"uv": [0, 0, 1, 0.75], "texture": "#14"}
			}
		},
		{
			"from": [10, 7.55, 4.5],
			"to": [10.05, 7.6, 4.525],
			"rotation": {"angle": 0, "axis": "x", "origin": [9.825, 3.95, 4.5]},
			"faces": {
				"north": {"uv": [0, 0, 1, 0.75], "texture": "#14"},
				"east": {"uv": [0, 0, 1, 0.75], "texture": "#14"},
				"south": {"uv": [0, 0, 1, 0.75], "texture": "#14"},
				"west": {"uv": [0, 0, 1, 0.75], "texture": "#14"},
				"up": {"uv": [0, 0, 1, 0.75], "texture": "#14"},
				"down": {"uv": [0, 0, 1, 0.75], "texture": "#14"}
			}
		},
		{
			"from": [10, 7.45, 4.5],
			"to": [10.05, 7.5, 4.525],
			"rotation": {"angle": 0, "axis": "x", "origin": [9.825, 3.85, 4.5]},
			"faces": {
				"north": {"uv": [0, 0, 1, 0.75], "texture": "#14"},
				"east": {"uv": [0, 0, 1, 0.75], "texture": "#14"},
				"south": {"uv": [0, 0, 1, 0.75], "texture": "#14"},
				"west": {"uv": [0, 0, 1, 0.75], "texture": "#14"},
				"up": {"uv": [0, 0, 1, 0.75], "texture": "#14"},
				"down": {"uv": [0, 0, 1, 0.75], "texture": "#14"}
			}
		},
		{
			"from": [6.925, 7.45, 4.5],
			"to": [6.975, 7.7, 4.525],
			"rotation": {"angle": 0, "axis": "x", "origin": [6.75, 3.95, 4.5]},
			"faces": {
				"north": {"uv": [0, 0, 1, 0.75], "texture": "#14"},
				"east": {"uv": [0, 0, 1, 0.75], "texture": "#14"},
				"south": {"uv": [0, 0, 1, 0.75], "texture": "#14"},
				"west": {"uv": [0, 0, 1, 0.75], "texture": "#14"},
				"up": {"uv": [0, 0, 1, 0.75], "texture": "#14"},
				"down": {"uv": [0, 0, 1, 0.75], "texture": "#14"}
			}
		},
		{
			"from": [7.025, 7.45, 4.5],
			"to": [7.075, 7.7, 4.525],
			"rotation": {"angle": 0, "axis": "x", "origin": [6.85, 3.95, 4.5]},
			"faces": {
				"north": {"uv": [0, 0, 1, 0.75], "texture": "#14"},
				"east": {"uv": [0, 0, 1, 0.75], "texture": "#14"},
				"south": {"uv": [0, 0, 1, 0.75], "texture": "#14"},
				"west": {"uv": [0, 0, 1, 0.75], "texture": "#14"},
				"up": {"uv": [0, 0, 1, 0.75], "texture": "#14"},
				"down": {"uv": [0, 0, 1, 0.75], "texture": "#14"}
			}
		},
		{
			"from": [7.075, 7.65, 4.5],
			"to": [7.175, 7.7, 4.525],
			"rotation": {"angle": 0, "axis": "z", "origin": [10.825, 7.475, 4.5]},
			"faces": {
				"north": {"uv": [0, 0, 1, 0.75], "rotation": 90, "texture": "#14"},
				"east": {"uv": [0, 0, 1, 0.75], "rotation": 270, "texture": "#14"},
				"south": {"uv": [0, 0, 1, 0.75], "rotation": 270, "texture": "#14"},
				"west": {"uv": [0, 0, 1, 0.75], "rotation": 270, "texture": "#14"},
				"up": {"uv": [0, 0, 1, 0.75], "rotation": 270, "texture": "#14"},
				"down": {"uv": [0, 0, 1, 0.75], "rotation": 270, "texture": "#14"}
			}
		},
		{
			"from": [7.175, 7.45, 4.5],
			"to": [7.225, 7.7, 4.525],
			"rotation": {"angle": 0, "axis": "x", "origin": [7, 3.95, 4.5]},
			"faces": {
				"north": {"uv": [0, 0, 1, 0.75], "texture": "#14"},
				"east": {"uv": [0, 0, 1, 0.75], "texture": "#14"},
				"south": {"uv": [0, 0, 1, 0.75], "texture": "#14"},
				"west": {"uv": [0, 0, 1, 0.75], "texture": "#14"},
				"up": {"uv": [0, 0, 1, 0.75], "texture": "#14"},
				"down": {"uv": [0, 0, 1, 0.75], "texture": "#14"}
			}
		},
		{
			"from": [7.075, 7.45, 4.5],
			"to": [7.175, 7.5, 4.525],
			"rotation": {"angle": 0, "axis": "z", "origin": [10.825, 7.275, 4.5]},
			"faces": {
				"north": {"uv": [0, 0, 1, 0.75], "rotation": 90, "texture": "#14"},
				"east": {"uv": [0, 0, 1, 0.75], "rotation": 270, "texture": "#14"},
				"south": {"uv": [0, 0, 1, 0.75], "rotation": 270, "texture": "#14"},
				"west": {"uv": [0, 0, 1, 0.75], "rotation": 270, "texture": "#14"},
				"up": {"uv": [0, 0, 1, 0.75], "rotation": 270, "texture": "#14"},
				"down": {"uv": [0, 0, 1, 0.75], "rotation": 270, "texture": "#14"}
			}
		},
		{
			"from": [10, 8.85, 4.4],
			"to": [10.05, 9, 4.425],
			"rotation": {"angle": 0, "axis": "x", "origin": [9.825, 5.25, 4.4]},
			"faces": {
				"north": {"uv": [0, 0, 1, 0.75], "texture": "#14"},
				"east": {"uv": [0, 0, 1, 0.75], "texture": "#14"},
				"south": {"uv": [0, 0, 1, 0.75], "texture": "#14"},
				"west": {"uv": [0, 0, 1, 0.75], "texture": "#14"},
				"up": {"uv": [0, 0, 1, 0.75], "texture": "#14"},
				"down": {"uv": [0, 0, 1, 0.75], "texture": "#14"}
			}
		},
		{
			"from": [10, 8.65, 4.4],
			"to": [10.05, 8.8, 4.425],
			"rotation": {"angle": 0, "axis": "x", "origin": [9.825, 5.05, 4.4]},
			"faces": {
				"north": {"uv": [0, 0, 1, 0.75], "texture": "#14"},
				"east": {"uv": [0, 0, 1, 0.75], "texture": "#14"},
				"south": {"uv": [0, 0, 1, 0.75], "texture": "#14"},
				"west": {"uv": [0, 0, 1, 0.75], "texture": "#14"},
				"up": {"uv": [0, 0, 1, 0.75], "texture": "#14"},
				"down": {"uv": [0, 0, 1, 0.75], "texture": "#14"}
			}
		},
		{
			"from": [10.15, 8.65, 4.4],
			"to": [10.2, 8.8, 4.425],
			"rotation": {"angle": 0, "axis": "x", "origin": [9.975, 5.05, 4.4]},
			"faces": {
				"north": {"uv": [0, 0, 1, 0.75], "texture": "#14"},
				"east": {"uv": [0, 0, 1, 0.75], "texture": "#14"},
				"south": {"uv": [0, 0, 1, 0.75], "texture": "#14"},
				"west": {"uv": [0, 0, 1, 0.75], "texture": "#14"},
				"up": {"uv": [0, 0, 1, 0.75], "texture": "#14"},
				"down": {"uv": [0, 0, 1, 0.75], "texture": "#14"}
			}
		},
		{
			"from": [10.225, 8.65, 4.4],
			"to": [10.275, 8.7, 4.425],
			"rotation": {"angle": 0, "axis": "x", "origin": [10.05, 5.05, 4.4]},
			"faces": {
				"north": {"uv": [0, 0, 1, 0.75], "texture": "#14"},
				"east": {"uv": [0, 0, 1, 0.75], "texture": "#14"},
				"south": {"uv": [0, 0, 1, 0.75], "texture": "#14"},
				"west": {"uv": [0, 0, 1, 0.75], "texture": "#14"},
				"up": {"uv": [0, 0, 1, 0.75], "texture": "#14"},
				"down": {"uv": [0, 0, 1, 0.75], "texture": "#14"}
			}
		},
		{
			"from": [10.3, 8.65, 4.4],
			"to": [10.35, 8.8, 4.425],
			"rotation": {"angle": 0, "axis": "x", "origin": [10.125, 5.05, 4.4]},
			"faces": {
				"north": {"uv": [0, 0, 1, 0.75], "texture": "#12"},
				"east": {"uv": [0, 0, 1, 0.75], "texture": "#12"},
				"south": {"uv": [0, 0, 1, 0.75], "texture": "#12"},
				"west": {"uv": [0, 0, 1, 0.75], "texture": "#12"},
				"up": {"uv": [0, 0, 1, 0.75], "texture": "#12"},
				"down": {"uv": [0, 0, 1, 0.75], "texture": "#12"}
			}
		},
		{
			"from": [10.45, 8.65, 4.4],
			"to": [10.5, 8.8, 4.425],
			"rotation": {"angle": 0, "axis": "x", "origin": [10.275, 5.05, 4.4]},
			"faces": {
				"north": {"uv": [0, 0, 1, 0.75], "texture": "#14"},
				"east": {"uv": [0, 0, 1, 0.75], "texture": "#14"},
				"south": {"uv": [0, 0, 1, 0.75], "texture": "#14"},
				"west": {"uv": [0, 0, 1, 0.75], "texture": "#14"},
				"up": {"uv": [0, 0, 1, 0.75], "texture": "#14"},
				"down": {"uv": [0, 0, 1, 0.75], "texture": "#14"}
			}
		},
		{
			"from": [10.15, 8.85, 4.4],
			"to": [10.2, 9, 4.425],
			"rotation": {"angle": 0, "axis": "x", "origin": [9.975, 5.25, 4.4]},
			"faces": {
				"north": {"uv": [0, 0, 1, 0.75], "texture": "#14"},
				"east": {"uv": [0, 0, 1, 0.75], "texture": "#14"},
				"south": {"uv": [0, 0, 1, 0.75], "texture": "#14"},
				"west": {"uv": [0, 0, 1, 0.75], "texture": "#14"},
				"up": {"uv": [0, 0, 1, 0.75], "texture": "#14"},
				"down": {"uv": [0, 0, 1, 0.75], "texture": "#14"}
			}
		},
		{
			"from": [10.05, 8.65, 4.4],
			"to": [10.15, 8.7, 4.425],
			"rotation": {"angle": 0, "axis": "z", "origin": [13.8, 8.475, 4.4]},
			"faces": {
				"north": {"uv": [0, 0, 1, 0.75], "rotation": 90, "texture": "#14"},
				"east": {"uv": [0, 0, 1, 0.75], "rotation": 270, "texture": "#14"},
				"south": {"uv": [0, 0, 1, 0.75], "rotation": 270, "texture": "#14"},
				"west": {"uv": [0, 0, 1, 0.75], "rotation": 270, "texture": "#14"},
				"up": {"uv": [0, 0, 1, 0.75], "rotation": 270, "texture": "#14"},
				"down": {"uv": [0, 0, 1, 0.75], "rotation": 270, "texture": "#14"}
			}
		},
		{
			"from": [10.35, 8.95, 4.4],
			"to": [10.45, 9, 4.425],
			"rotation": {"angle": 0, "axis": "z", "origin": [14.1, 8.775, 4.4]},
			"faces": {
				"north": {"uv": [0, 0, 1, 0.75], "rotation": 90, "texture": "#14"},
				"east": {"uv": [0, 0, 1, 0.75], "rotation": 270, "texture": "#14"},
				"south": {"uv": [0, 0, 1, 0.75], "rotation": 270, "texture": "#14"},
				"west": {"uv": [0, 0, 1, 0.75], "rotation": 270, "texture": "#14"},
				"up": {"uv": [0, 0, 1, 0.75], "rotation": 270, "texture": "#14"},
				"down": {"uv": [0, 0, 1, 0.75], "rotation": 270, "texture": "#14"}
			}
		},
		{
			"from": [10.45, 8.85, 4.4],
			"to": [10.5, 9, 4.425],
			"rotation": {"angle": 0, "axis": "x", "origin": [10.275, 5.25, 4.4]},
			"faces": {
				"north": {"uv": [0, 0, 1, 0.75], "texture": "#12"},
				"east": {"uv": [0, 0, 1, 0.75], "texture": "#12"},
				"south": {"uv": [0, 0, 1, 0.75], "texture": "#12"},
				"west": {"uv": [0, 0, 1, 0.75], "texture": "#12"},
				"up": {"uv": [0, 0, 1, 0.75], "texture": "#12"},
				"down": {"uv": [0, 0, 1, 0.75], "texture": "#12"}
			}
		},
		{
			"from": [10.35, 8.65, 4.4],
			"to": [10.45, 8.7, 4.425],
			"rotation": {"angle": 0, "axis": "z", "origin": [14.1, 8.475, 4.4]},
			"faces": {
				"north": {"uv": [0, 0, 1, 0.75], "rotation": 90, "texture": "#14"},
				"east": {"uv": [0, 0, 1, 0.75], "rotation": 270, "texture": "#14"},
				"south": {"uv": [0, 0, 1, 0.75], "rotation": 270, "texture": "#14"},
				"west": {"uv": [0, 0, 1, 0.75], "rotation": 270, "texture": "#14"},
				"up": {"uv": [0, 0, 1, 0.75], "rotation": 270, "texture": "#14"},
				"down": {"uv": [0, 0, 1, 0.75], "rotation": 270, "texture": "#14"}
			}
		},
		{
			"from": [10.35, 8.8, 4.4],
			"to": [10.45, 8.85, 4.425],
			"rotation": {"angle": 0, "axis": "z", "origin": [14.1, 8.625, 4.4]},
			"faces": {
				"north": {"uv": [0, 0, 1, 0.75], "rotation": 90, "texture": "#14"},
				"east": {"uv": [0, 0, 1, 0.75], "rotation": 270, "texture": "#14"},
				"south": {"uv": [0, 0, 1, 0.75], "rotation": 270, "texture": "#14"},
				"west": {"uv": [0, 0, 1, 0.75], "rotation": 270, "texture": "#14"},
				"up": {"uv": [0, 0, 1, 0.75], "rotation": 270, "texture": "#14"},
				"down": {"uv": [0, 0, 1, 0.75], "rotation": 270, "texture": "#14"}
			}
		},
		{
			"from": [10.05, 8.8, 4.4],
			"to": [10.15, 8.85, 4.425],
			"rotation": {"angle": 0, "axis": "z", "origin": [13.8, 8.625, 4.4]},
			"faces": {
				"north": {"uv": [0, 0, 1, 0.75], "rotation": 90, "texture": "#12"},
				"east": {"uv": [0, 0, 1, 0.75], "rotation": 270, "texture": "#12"},
				"south": {"uv": [0, 0, 1, 0.75], "rotation": 270, "texture": "#12"},
				"west": {"uv": [0, 0, 1, 0.75], "rotation": 270, "texture": "#12"},
				"up": {"uv": [0, 0, 1, 0.75], "rotation": 270, "texture": "#12"},
				"down": {"uv": [0, 0, 1, 0.75], "rotation": 270, "texture": "#12"}
			}
		},
		{
			"from": [9.075, 11.55, 4.4],
			"to": [9.225, 11.6, 4.4],
			"rotation": {"angle": 45, "axis": "z", "origin": [12.85, 11.375, 4.4]},
			"faces": {
				"north": {"uv": [0, 0, 1, 0.75], "rotation": 90, "texture": "#12"},
				"east": {"uv": [0, 0, 1, 0.75], "rotation": 270, "texture": "#12"},
				"south": {"uv": [0, 0, 1, 0.75], "rotation": 270, "texture": "#12"},
				"west": {"uv": [0, 0, 1, 0.75], "rotation": 270, "texture": "#12"},
				"up": {"uv": [0, 0, 1, 0.75], "rotation": 270, "texture": "#12"},
				"down": {"uv": [0, 0, 1, 0.75], "rotation": 270, "texture": "#12"}
			}
		},
		{
			"from": [9.375, 11.55, 4.4],
			"to": [9.525, 11.6, 4.4],
			"rotation": {"angle": 45, "axis": "z", "origin": [13.15, 11.375, 4.4]},
			"faces": {
				"north": {"uv": [0, 0, 1, 0.75], "rotation": 90, "texture": "#12"},
				"east": {"uv": [0, 0, 1, 0.75], "rotation": 270, "texture": "#12"},
				"south": {"uv": [0, 0, 1, 0.75], "rotation": 270, "texture": "#12"},
				"west": {"uv": [0, 0, 1, 0.75], "rotation": 270, "texture": "#12"},
				"up": {"uv": [0, 0, 1, 0.75], "rotation": 270, "texture": "#12"},
				"down": {"uv": [0, 0, 1, 0.75], "rotation": 270, "texture": "#12"}
			}
		},
		{
			"from": [10.3, 8.85, 4.4],
			"to": [10.35, 9, 4.425],
			"rotation": {"angle": 0, "axis": "x", "origin": [10.125, 5.25, 4.4]},
			"faces": {
				"north": {"uv": [0, 0, 1, 0.75], "texture": "#14"},
				"east": {"uv": [0, 0, 1, 0.75], "texture": "#14"},
				"south": {"uv": [0, 0, 1, 0.75], "texture": "#14"},
				"west": {"uv": [0, 0, 1, 0.75], "texture": "#14"},
				"up": {"uv": [0, 0, 1, 0.75], "texture": "#14"},
				"down": {"uv": [0, 0, 1, 0.75], "texture": "#14"}
			}
		},
		{
			"from": [10.05, 8.95, 4.4],
			"to": [10.15, 9, 4.425],
			"rotation": {"angle": 0, "axis": "z", "origin": [13.8, 8.775, 4.4]},
			"faces": {
				"north": {"uv": [0, 0, 1, 0.75], "rotation": 90, "texture": "#14"},
				"east": {"uv": [0, 0, 1, 0.75], "rotation": 270, "texture": "#14"},
				"south": {"uv": [0, 0, 1, 0.75], "rotation": 270, "texture": "#14"},
				"west": {"uv": [0, 0, 1, 0.75], "rotation": 270, "texture": "#14"},
				"up": {"uv": [0, 0, 1, 0.75], "rotation": 270, "texture": "#14"},
				"down": {"uv": [0, 0, 1, 0.75], "rotation": 270, "texture": "#14"}
			}
		},
		{
			"from": [7.275, 7.45, 4.5],
			"to": [7.325, 7.7, 4.525],
			"rotation": {"angle": 0, "axis": "x", "origin": [7.1, 3.95, 4.5]},
			"faces": {
				"north": {"uv": [0, 0, 1, 0.75], "texture": "#14"},
				"east": {"uv": [0, 0, 1, 0.75], "texture": "#14"},
				"south": {"uv": [0, 0, 1, 0.75], "texture": "#14"},
				"west": {"uv": [0, 0, 1, 0.75], "texture": "#14"},
				"up": {"uv": [0, 0, 1, 0.75], "texture": "#14"},
				"down": {"uv": [0, 0, 1, 0.75], "texture": "#14"}
			}
		},
		{
			"from": [7.325, 7.65, 4.5],
			"to": [7.425, 7.7, 4.525],
			"rotation": {"angle": 0, "axis": "z", "origin": [11.075, 7.475, 4.5]},
			"faces": {
				"north": {"uv": [0, 0, 1, 0.75], "rotation": 90, "texture": "#14"},
				"east": {"uv": [0, 0, 1, 0.75], "rotation": 270, "texture": "#14"},
				"south": {"uv": [0, 0, 1, 0.75], "rotation": 270, "texture": "#14"},
				"west": {"uv": [0, 0, 1, 0.75], "rotation": 270, "texture": "#14"},
				"up": {"uv": [0, 0, 1, 0.75], "rotation": 270, "texture": "#14"},
				"down": {"uv": [0, 0, 1, 0.75], "rotation": 270, "texture": "#14"}
			}
		},
		{
			"from": [7.425, 7.45, 4.5],
			"to": [7.475, 7.7, 4.525],
			"rotation": {"angle": 0, "axis": "x", "origin": [7.25, 3.95, 4.5]},
			"faces": {
				"north": {"uv": [0, 0, 1, 0.75], "texture": "#14"},
				"east": {"uv": [0, 0, 1, 0.75], "texture": "#14"},
				"south": {"uv": [0, 0, 1, 0.75], "texture": "#14"},
				"west": {"uv": [0, 0, 1, 0.75], "texture": "#14"},
				"up": {"uv": [0, 0, 1, 0.75], "texture": "#14"},
				"down": {"uv": [0, 0, 1, 0.75], "texture": "#14"}
			}
		},
		{
			"from": [7.325, 7.45, 4.5],
			"to": [7.425, 7.5, 4.525],
			"rotation": {"angle": 0, "axis": "z", "origin": [11.075, 7.275, 4.5]},
			"faces": {
				"north": {"uv": [0, 0, 1, 0.75], "rotation": 90, "texture": "#14"},
				"east": {"uv": [0, 0, 1, 0.75], "rotation": 270, "texture": "#14"},
				"south": {"uv": [0, 0, 1, 0.75], "rotation": 270, "texture": "#14"},
				"west": {"uv": [0, 0, 1, 0.75], "rotation": 270, "texture": "#14"},
				"up": {"uv": [0, 0, 1, 0.75], "rotation": 270, "texture": "#14"},
				"down": {"uv": [0, 0, 1, 0.75], "rotation": 270, "texture": "#14"}
			}
		},
		{
			"from": [5.075, 7.8, 4.5],
			"to": [5.125, 8.05, 4.525],
			"rotation": {"angle": -22.5, "axis": "z", "origin": [4.9, 4.3, 4.5]},
			"faces": {
				"north": {"uv": [0, 0, 1, 0.75], "texture": "#14"},
				"east": {"uv": [0, 0, 1, 0.75], "texture": "#14"},
				"south": {"uv": [0, 0, 1, 0.75], "texture": "#14"},
				"west": {"uv": [0, 0, 1, 0.75], "texture": "#14"},
				"up": {"uv": [0, 0, 1, 0.75], "texture": "#14"},
				"down": {"uv": [0, 0, 1, 0.75], "texture": "#14"}
			}
		},
		{
			"from": [7.85, 7.65, 4.5],
			"to": [7.9, 7.9, 4.525],
			"rotation": {"angle": 22.5, "axis": "z", "origin": [7.675, 4.15, 4.5]},
			"faces": {
				"north": {"uv": [0, 0, 1, 0.75], "texture": "#14"},
				"east": {"uv": [0, 0, 1, 0.75], "texture": "#14"},
				"south": {"uv": [0, 0, 1, 0.75], "texture": "#14"},
				"west": {"uv": [0, 0, 1, 0.75], "texture": "#14"},
				"up": {"uv": [0, 0, 1, 0.75], "texture": "#14"},
				"down": {"uv": [0, 0, 1, 0.75], "texture": "#14"}
			}
		},
		{
			"from": [5.25, 7.15, 4.5],
			"to": [5.425, 10.1, 4.65],
			"rotation": {"angle": 0, "axis": "x", "origin": [7, 3.55, 4.5]},
			"faces": {
				"north": {"uv": [0, 0, 1, 0.75], "texture": "#8"},
				"east": {"uv": [0, 0, 1, 0.75], "texture": "#8"},
				"south": {"uv": [0, 0, 1, 0.75], "texture": "#8"},
				"west": {"uv": [0, 0, 1, 0.75], "texture": "#8"},
				"up": {"uv": [0, 0, 1, 0.75], "texture": "#8"},
				"down": {"uv": [0, 0, 1, 0.75], "texture": "#8"}
			}
		},
		{
			"from": [11.825, 7.15, 4.5],
			"to": [12, 10.1, 4.65],
			"rotation": {"angle": 0, "axis": "x", "origin": [13.575, 3.55, 4.5]},
			"faces": {
				"north": {"uv": [0, 0, 1, 0.75], "texture": "#8"},
				"east": {"uv": [0, 0, 1, 0.75], "texture": "#8"},
				"south": {"uv": [0, 0, 1, 0.75], "texture": "#8"},
				"west": {"uv": [0, 0, 1, 0.75], "texture": "#8"},
				"up": {"uv": [0, 0, 1, 0.75], "texture": "#8"},
				"down": {"uv": [0, 0, 1, 0.75], "texture": "#8"}
			}
		},
		{
			"from": [6.85, 7.975, 4.5],
			"to": [7.2, 8.3, 4.55],
			"rotation": {"angle": -45, "axis": "z", "origin": [7.05, 8.15, 4.5]},
			"faces": {
				"north": {"uv": [0, 0, 0.75, 0.75], "rotation": 90, "texture": "#4"},
				"east": {"uv": [0, 0, 0.75, 0.05], "rotation": 270, "texture": "#4"},
				"south": {"uv": [0, 0, 0.75, 0.75], "rotation": 270, "texture": "#4"},
				"west": {"uv": [0, 0, 0.75, 0.05], "rotation": 270, "texture": "#4"},
				"up": {"uv": [0, 0, 0.05, 0.75], "rotation": 270, "texture": "#4"},
				"down": {"uv": [0, 0, 0.05, 0.75], "rotation": 270, "texture": "#4"}
			}
		},
		{
			"from": [6.05, 8.075, 4.5],
			"to": [7.15, 8.2, 4.55],
			"rotation": {"angle": -45, "axis": "z", "origin": [7.05, 8.15, 4.5]},
			"faces": {
				"north": {"uv": [0, 0, 0.25, 2.5], "rotation": 90, "texture": "#4"},
				"east": {"uv": [0, 0, 0.25, 0.05], "rotation": 270, "texture": "#4"},
				"south": {"uv": [0, 0, 0.25, 2.5], "rotation": 270, "texture": "#4"},
				"west": {"uv": [0, 0, 0.25, 0.05], "rotation": 270, "texture": "#4"},
				"up": {"uv": [0, 0, 0.05, 2.5], "rotation": 270, "texture": "#4"},
				"down": {"uv": [0, 0, 0.05, 2.5], "rotation": 270, "texture": "#4"}
			}
		},
		{
			"from": [10.2, 8.05, 4.5],
			"to": [10.325, 9.15, 4.55],
			"rotation": {"angle": -22.5, "axis": "z", "origin": [10.25, 8.15, 4.5]},
			"faces": {
				"north": {"uv": [0, 2.5, 0.25, 0], "rotation": 180, "texture": "#4"},
				"east": {"uv": [0, 2.5, 0.05, 0], "rotation": 180, "texture": "#4"},
				"south": {"uv": [0, 2.5, 0.25, 0], "rotation": 180, "texture": "#4"},
				"west": {"uv": [0, 2.5, 0.05, 0], "rotation": 180, "texture": "#4"},
				"up": {"uv": [0, 0.05, 0.25, 0], "rotation": 180, "texture": "#4"},
				"down": {"uv": [0, 0.05, 0.25, 0], "rotation": 180, "texture": "#4"}
			}
		},
		{
			"from": [10.1, 8, 4.5],
			"to": [10.425, 8.35, 4.55],
			"rotation": {"angle": -22.5, "axis": "z", "origin": [10.25, 8.15, 4.5]},
			"faces": {
				"north": {"uv": [0, 0.75, 0.75, 0], "rotation": 180, "texture": "#4"},
				"east": {"uv": [0, 0.75, 0.05, 0], "rotation": 180, "texture": "#4"},
				"south": {"uv": [0, 0.75, 0.75, 0], "rotation": 180, "texture": "#4"},
				"west": {"uv": [0, 0.75, 0.05, 0], "rotation": 180, "texture": "#4"},
				"up": {"uv": [0, 0.05, 0.75, 0], "rotation": 180, "texture": "#4"},
				"down": {"uv": [0, 0.05, 0.75, 0], "rotation": 180, "texture": "#4"}
			}
		},
		{
			"from": [5.53449, 7.81099, 4.5],
			"to": [5.68449, 8.41099, 4.525],
			"rotation": {"angle": 0, "axis": "z", "origin": [7.53449, 13.06099, 3]},
			"faces": {
				"north": {"uv": [0, 0.5, 1.6, 0.75], "rotation": 270, "texture": "#14"},
				"east": {"uv": [0, 0.025, 1.6, 0.05], "rotation": 90, "texture": "#14"},
				"south": {"uv": [0, 0.5, 1.6, 0.75], "rotation": 90, "texture": "#14"},
				"west": {"uv": [0, 0.025, 1.6, 0.05], "rotation": 90, "texture": "#14"},
				"up": {"uv": [0, 0.5, 0.025, 0.75], "rotation": 90, "texture": "#14"},
				"down": {"uv": [0, 0.5, 0.025, 0.75], "rotation": 90, "texture": "#14"}
			}
		},
		{
			"from": [5.68449, 8.06099, 4.5],
			"to": [5.83449, 8.21099, 4.525],
			"rotation": {"angle": 0, "axis": "z", "origin": [7.68449, 13.06099, 3]},
			"faces": {
				"north": {"uv": [0, 0.5, 1.6, 0.75], "rotation": 270, "texture": "#14"},
				"east": {"uv": [0, 0.025, 1.6, 0.05], "rotation": 90, "texture": "#14"},
				"south": {"uv": [0, 0.5, 1.6, 0.75], "rotation": 90, "texture": "#14"},
				"west": {"uv": [0, 0.025, 1.6, 0.05], "rotation": 90, "texture": "#14"},
				"up": {"uv": [0, 0.5, 0.025, 0.75], "rotation": 90, "texture": "#14"},
				"down": {"uv": [0, 0.5, 0.025, 0.75], "rotation": 90, "texture": "#14"}
			}
		},
		{
			"from": [5.58788, 8.57939, 4.5],
			"to": [5.73788, 9.17939, 4.525],
			"rotation": {"angle": -22.5, "axis": "z", "origin": [5.13788, 8.62939, 3]},
			"faces": {
				"north": {"uv": [0, 0.5, 1.6, 0.75], "rotation": 270, "texture": "#14"},
				"east": {"uv": [0, 0.025, 1.6, 0.05], "rotation": 90, "texture": "#14"},
				"south": {"uv": [0, 0.5, 1.6, 0.75], "rotation": 90, "texture": "#14"},
				"west": {"uv": [0, 0.025, 1.6, 0.05], "rotation": 90, "texture": "#14"},
				"up": {"uv": [0, 0.5, 0.025, 0.75], "rotation": 90, "texture": "#14"},
				"down": {"uv": [0, 0.5, 0.025, 0.75], "rotation": 90, "texture": "#14"}
			}
		},
		{
			"from": [5.71288, 8.77939, 4.5],
			"to": [5.86288, 8.92939, 4.525],
			"rotation": {"angle": -22.5, "axis": "z", "origin": [5.26288, 8.57939, 3]},
			"faces": {
				"north": {"uv": [0, 0.5, 1.6, 0.75], "rotation": 270, "texture": "#14"},
				"east": {"uv": [0, 0.025, 1.6, 0.05], "rotation": 90, "texture": "#14"},
				"south": {"uv": [0, 0.5, 1.6, 0.75], "rotation": 90, "texture": "#14"},
				"west": {"uv": [0, 0.025, 1.6, 0.05], "rotation": 90, "texture": "#14"},
				"up": {"uv": [0, 0.5, 0.025, 0.75], "rotation": 90, "texture": "#14"},
				"down": {"uv": [0, 0.5, 0.025, 0.75], "rotation": 90, "texture": "#14"}
			}
		},
		{
			"from": [5.43126, 8.71887, 4.5],
			"to": [6.03126, 8.86887, 4.525],
			"rotation": {"angle": 45, "axis": "z", "origin": [5.48126, 9.31887, 3]},
			"faces": {
				"north": {"uv": [0, 0.5, 1.6, 0.75], "rotation": 180, "texture": "#14"},
				"east": {"uv": [0, 0.5, 0.025, 0.75], "rotation": 180, "texture": "#14"},
				"south": {"uv": [0, 0.5, 1.6, 0.75], "rotation": 180, "texture": "#14"},
				"west": {"uv": [0, 0.5, 0.025, 0.75], "rotation": 180, "texture": "#14"},
				"up": {"uv": [0, 0.025, 1.6, 0.05], "rotation": 180, "texture": "#14"},
				"down": {"uv": [0, 0.025, 1.6, 0.05], "rotation": 180, "texture": "#14"}
			}
		},
		{
			"from": [5.78126, 8.61887, 4.5],
			"to": [5.93126, 8.76887, 4.525],
			"rotation": {"angle": 45, "axis": "z", "origin": [5.58126, 9.21887, 3]},
			"faces": {
				"north": {"uv": [0, 0.5, 1.6, 0.75], "rotation": 180, "texture": "#14"},
				"east": {"uv": [0, 0.5, 0.025, 0.75], "rotation": 180, "texture": "#14"},
				"south": {"uv": [0, 0.5, 1.6, 0.75], "rotation": 180, "texture": "#14"},
				"west": {"uv": [0, 0.5, 0.025, 0.75], "rotation": 180, "texture": "#14"},
				"up": {"uv": [0, 0.025, 1.6, 0.05], "rotation": 180, "texture": "#14"},
				"down": {"uv": [0, 0.025, 1.6, 0.05], "rotation": 180, "texture": "#14"}
			}
		},
		{
			"from": [6.01235, 9.22446, 4.5],
			"to": [6.61235, 9.37446, 4.525],
			"rotation": {"angle": 22.5, "axis": "z", "origin": [6.06235, 9.82446, 3]},
			"faces": {
				"north": {"uv": [0, 0.5, 1.6, 0.75], "rotation": 180, "texture": "#14"},
				"east": {"uv": [0, 0.5, 0.025, 0.75], "rotation": 180, "texture": "#14"},
				"south": {"uv": [0, 0.5, 1.6, 0.75], "rotation": 180, "texture": "#14"},
				"west": {"uv": [0, 0.5, 0.025, 0.75], "rotation": 180, "texture": "#14"},
				"up": {"uv": [0, 0.025, 1.6, 0.05], "rotation": 180, "texture": "#14"},
				"down": {"uv": [0, 0.025, 1.6, 0.05], "rotation": 180, "texture": "#14"}
			}
		},
		{
			"from": [6.28735, 9.07446, 4.5],
			"to": [6.43735, 9.22446, 4.525],
			"rotation": {"angle": 22.5, "axis": "z", "origin": [6.08735, 9.67446, 3]},
			"faces": {
				"north": {"uv": [0, 0.5, 1.6, 0.75], "rotation": 180, "texture": "#14"},
				"east": {"uv": [0, 0.5, 0.025, 0.75], "rotation": 180, "texture": "#14"},
				"south": {"uv": [0, 0.5, 1.6, 0.75], "rotation": 180, "texture": "#14"},
				"west": {"uv": [0, 0.5, 0.025, 0.75], "rotation": 180, "texture": "#14"},
				"up": {"uv": [0, 0.025, 1.6, 0.05], "rotation": 180, "texture": "#14"},
				"down": {"uv": [0, 0.025, 1.6, 0.05], "rotation": 180, "texture": "#14"}
			}
		},
		{
			"from": [7.66265, 9.07446, 4.5],
			"to": [7.81265, 9.22446, 4.525],
			"rotation": {"angle": -22.5, "axis": "z", "origin": [8.01265, 9.67446, 3]},
			"faces": {
				"north": {"uv": [1.6, 0.5, 0, 0.75], "rotation": 180, "texture": "#14"},
				"east": {"uv": [0.025, 0.5, 0, 0.75], "rotation": 180, "texture": "#14"},
				"south": {"uv": [1.6, 0.5, 0, 0.75], "rotation": 180, "texture": "#14"},
				"west": {"uv": [0.025, 0.5, 0, 0.75], "rotation": 180, "texture": "#14"},
				"up": {"uv": [1.6, 0.025, 0, 0.05], "rotation": 180, "texture": "#14"},
				"down": {"uv": [1.6, 0.025, 0, 0.05], "rotation": 180, "texture": "#14"}
			}
		},
		{
			"from": [8.16874, 8.61887, 4.5],
			"to": [8.31874, 8.76887, 4.525],
			"rotation": {"angle": -45, "axis": "z", "origin": [8.51874, 9.21887, 3]},
			"faces": {
				"north": {"uv": [1.6, 0.5, 0, 0.75], "rotation": 180, "texture": "#4"},
				"east": {"uv": [0.025, 0.5, 0, 0.75], "rotation": 180, "texture": "#4"},
				"south": {"uv": [1.6, 0.5, 0, 0.75], "rotation": 180, "texture": "#4"},
				"west": {"uv": [0.025, 0.5, 0, 0.75], "rotation": 180, "texture": "#4"},
				"up": {"uv": [1.6, 0.025, 0, 0.05], "rotation": 180, "texture": "#4"},
				"down": {"uv": [1.6, 0.025, 0, 0.05], "rotation": 180, "texture": "#4"}
			}
		},
		{
			"from": [8.23712, 8.77939, 4.5],
			"to": [8.38712, 8.92939, 4.525],
			"rotation": {"angle": 22.5, "axis": "z", "origin": [8.83712, 8.57939, 3]},
			"faces": {
				"north": {"uv": [0, 0.75, 1.6, 0.5], "rotation": 270, "texture": "#4"},
				"east": {"uv": [0, 0.05, 1.6, 0.025], "rotation": 90, "texture": "#4"},
				"south": {"uv": [0, 0.75, 1.6, 0.5], "rotation": 90, "texture": "#4"},
				"west": {"uv": [0, 0.05, 1.6, 0.025], "rotation": 90, "texture": "#4"},
				"up": {"uv": [0, 0.75, 0.025, 0.5], "rotation": 90, "texture": "#4"},
				"down": {"uv": [0, 0.75, 0.025, 0.5], "rotation": 90, "texture": "#4"}
			}
		},
		{
			"from": [8.26551, 8.06099, 4.5],
			"to": [8.41551, 8.21099, 4.525],
			"rotation": {"angle": 0, "axis": "z", "origin": [6.41551, 13.06099, 3]},
			"faces": {
				"north": {"uv": [0, 0.75, 1.6, 0.5], "rotation": 270, "texture": "#4"},
				"east": {"uv": [0, 0.05, 1.6, 0.025], "rotation": 90, "texture": "#4"},
				"south": {"uv": [0, 0.75, 1.6, 0.5], "rotation": 90, "texture": "#4"},
				"west": {"uv": [0, 0.05, 1.6, 0.025], "rotation": 90, "texture": "#4"},
				"up": {"uv": [0, 0.75, 0.025, 0.5], "rotation": 90, "texture": "#4"},
				"down": {"uv": [0, 0.75, 0.025, 0.5], "rotation": 90, "texture": "#4"}
			}
		},
		{
			"from": [8.40089, 7.81099, 4.5],
			"to": [8.55089, 8.41099, 4.525],
			"rotation": {"angle": 0, "axis": "z", "origin": [6.55089, 13.06099, 3]},
			"faces": {
				"north": {"uv": [0, 0.75, 1.6, 0.5], "rotation": 270, "texture": "#4"},
				"east": {"uv": [0, 0.05, 1.6, 0.025], "rotation": 90, "texture": "#4"},
				"south": {"uv": [0, 0.75, 1.6, 0.5], "rotation": 90, "texture": "#4"},
				"west": {"uv": [0, 0.05, 1.6, 0.025], "rotation": 90, "texture": "#4"},
				"up": {"uv": [0, 0.75, 0.025, 0.5], "rotation": 90, "texture": "#4"},
				"down": {"uv": [0, 0.75, 0.025, 0.5], "rotation": 90, "texture": "#4"}
			}
		},
		{
			"from": [8.74911, 7.81099, 4.5],
			"to": [8.89911, 8.41099, 4.525],
			"rotation": {"angle": 0, "axis": "z", "origin": [6.89911, 13.06099, 3]},
			"faces": {
				"north": {"uv": [0, 0.75, 1.6, 0.5], "rotation": 270, "texture": "#14"},
				"east": {"uv": [0, 0.05, 1.6, 0.025], "rotation": 90, "texture": "#14"},
				"south": {"uv": [0, 0.75, 1.6, 0.5], "rotation": 90, "texture": "#14"},
				"west": {"uv": [0, 0.05, 1.6, 0.025], "rotation": 90, "texture": "#14"},
				"up": {"uv": [0, 0.75, 0.025, 0.5], "rotation": 90, "texture": "#14"},
				"down": {"uv": [0, 0.75, 0.025, 0.5], "rotation": 90, "texture": "#14"}
			}
		},
		{
			"from": [8.34751, 8.57939, 4.5],
			"to": [8.49751, 9.17939, 4.525],
			"rotation": {"angle": 22.5, "axis": "z", "origin": [8.94751, 8.62939, 3]},
			"faces": {
				"north": {"uv": [0, 0.75, 1.6, 0.5], "rotation": 270, "texture": "#4"},
				"east": {"uv": [0, 0.05, 1.6, 0.025], "rotation": 90, "texture": "#4"},
				"south": {"uv": [0, 0.75, 1.6, 0.5], "rotation": 90, "texture": "#4"},
				"west": {"uv": [0, 0.05, 1.6, 0.025], "rotation": 90, "texture": "#4"},
				"up": {"uv": [0, 0.75, 0.025, 0.5], "rotation": 90, "texture": "#4"},
				"down": {"uv": [0, 0.75, 0.025, 0.5], "rotation": 90, "texture": "#4"}
			}
		},
		{
			"from": [8.05413, 8.71887, 4.5],
			"to": [8.65413, 8.86887, 4.525],
			"rotation": {"angle": -45, "axis": "z", "origin": [8.60413, 9.31887, 3]},
			"faces": {
				"north": {"uv": [1.6, 0.5, 0, 0.75], "rotation": 180, "texture": "#4"},
				"east": {"uv": [0.025, 0.5, 0, 0.75], "rotation": 180, "texture": "#4"},
				"south": {"uv": [1.6, 0.5, 0, 0.75], "rotation": 180, "texture": "#4"},
				"west": {"uv": [0.025, 0.5, 0, 0.75], "rotation": 180, "texture": "#4"},
				"up": {"uv": [1.6, 0.025, 0, 0.05], "rotation": 180, "texture": "#4"},
				"down": {"uv": [1.6, 0.025, 0, 0.05], "rotation": 180, "texture": "#4"}
			}
		},
		{
			"from": [7.47303, 9.22446, 4.5],
			"to": [8.07303, 9.37446, 4.525],
			"rotation": {"angle": -22.5, "axis": "z", "origin": [8.02303, 9.82446, 3]},
			"faces": {
				"north": {"uv": [1.6, 0.5, 0, 0.75], "rotation": 180, "texture": "#14"},
				"east": {"uv": [0.025, 0.5, 0, 0.75], "rotation": 180, "texture": "#14"},
				"south": {"uv": [1.6, 0.5, 0, 0.75], "rotation": 180, "texture": "#14"},
				"west": {"uv": [0.025, 0.5, 0, 0.75], "rotation": 180, "texture": "#14"},
				"up": {"uv": [1.6, 0.025, 0, 0.05], "rotation": 180, "texture": "#14"},
				"down": {"uv": [1.6, 0.025, 0, 0.05], "rotation": 180, "texture": "#14"}
			}
		},
		{
			"from": [6.74269, 9.46919, 4.5],
			"to": [7.34269, 9.61919, 4.525],
			"rotation": {"angle": 0, "axis": "z", "origin": [6.79269, 10.06919, 3]},
			"faces": {
				"north": {"uv": [0, 0.5, 1.6, 0.75], "rotation": 180, "texture": "#14"},
				"east": {"uv": [0, 0.5, 0.025, 0.75], "rotation": 180, "texture": "#14"},
				"south": {"uv": [0, 0.5, 1.6, 0.75], "rotation": 180, "texture": "#14"},
				"west": {"uv": [0, 0.5, 0.025, 0.75], "rotation": 180, "texture": "#14"},
				"up": {"uv": [0, 0.025, 1.6, 0.05], "rotation": 180, "texture": "#14"},
				"down": {"uv": [0, 0.025, 1.6, 0.05], "rotation": 180, "texture": "#14"}
			}
		},
		{
			"from": [6.96769, 9.31919, 4.5],
			"to": [7.11769, 9.46919, 4.525],
			"rotation": {"angle": 0, "axis": "z", "origin": [6.76769, 9.91919, 3]},
			"faces": {
				"north": {"uv": [0, 0.5, 1.6, 0.75], "rotation": 180, "texture": "#14"},
				"east": {"uv": [0, 0.5, 0.025, 0.75], "rotation": 180, "texture": "#14"},
				"south": {"uv": [0, 0.5, 1.6, 0.75], "rotation": 180, "texture": "#14"},
				"west": {"uv": [0, 0.5, 0.025, 0.75], "rotation": 180, "texture": "#14"},
				"up": {"uv": [0, 0.025, 1.6, 0.05], "rotation": 180, "texture": "#14"},
				"down": {"uv": [0, 0.025, 1.6, 0.05], "rotation": 180, "texture": "#14"}
			}
		},
		{
			"from": [11.46551, 8.06099, 4.5],
			"to": [11.61551, 8.21099, 4.525],
			"rotation": {"angle": 0, "axis": "z", "origin": [9.61551, 13.06099, 3]},
			"faces": {
				"north": {"uv": [0, 0.75, 1.6, 0.5], "rotation": 270, "texture": "#14"},
				"east": {"uv": [0, 0.05, 1.6, 0.025], "rotation": 90, "texture": "#14"},
				"south": {"uv": [0, 0.75, 1.6, 0.5], "rotation": 90, "texture": "#14"},
				"west": {"uv": [0, 0.05, 1.6, 0.025], "rotation": 90, "texture": "#14"},
				"up": {"uv": [0, 0.75, 0.025, 0.5], "rotation": 90, "texture": "#14"},
				"down": {"uv": [0, 0.75, 0.025, 0.5], "rotation": 90, "texture": "#14"}
			}
		},
		{
			"from": [11.43712, 8.77939, 4.5],
			"to": [11.58712, 8.92939, 4.525],
			"rotation": {"angle": 22.5, "axis": "z", "origin": [12.03712, 8.57939, 3]},
			"faces": {
				"north": {"uv": [0, 0.75, 1.6, 0.5], "rotation": 270, "texture": "#14"},
				"east": {"uv": [0, 0.05, 1.6, 0.025], "rotation": 90, "texture": "#14"},
				"south": {"uv": [0, 0.75, 1.6, 0.5], "rotation": 90, "texture": "#14"},
				"west": {"uv": [0, 0.05, 1.6, 0.025], "rotation": 90, "texture": "#14"},
				"up": {"uv": [0, 0.75, 0.025, 0.5], "rotation": 90, "texture": "#14"},
				"down": {"uv": [0, 0.75, 0.025, 0.5], "rotation": 90, "texture": "#14"}
			}
		},
		{
			"from": [11.36874, 8.61887, 4.5],
			"to": [11.51874, 8.76887, 4.525],
			"rotation": {"angle": -45, "axis": "z", "origin": [11.71874, 9.21887, 3]},
			"faces": {
				"north": {"uv": [1.6, 0.5, 0, 0.75], "rotation": 180, "texture": "#14"},
				"east": {"uv": [0.025, 0.5, 0, 0.75], "rotation": 180, "texture": "#14"},
				"south": {"uv": [1.6, 0.5, 0, 0.75], "rotation": 180, "texture": "#14"},
				"west": {"uv": [0.025, 0.5, 0, 0.75], "rotation": 180, "texture": "#14"},
				"up": {"uv": [1.6, 0.025, 0, 0.05], "rotation": 180, "texture": "#14"},
				"down": {"uv": [1.6, 0.025, 0, 0.05], "rotation": 180, "texture": "#14"}
			}
		},
		{
			"from": [10.86265, 9.07446, 4.5],
			"to": [11.01265, 9.22446, 4.525],
			"rotation": {"angle": -22.5, "axis": "z", "origin": [11.21265, 9.67446, 3]},
			"faces": {
				"north": {"uv": [1.6, 0.5, 0, 0.75], "rotation": 180, "texture": "#14"},
				"east": {"uv": [0.025, 0.5, 0, 0.75], "rotation": 180, "texture": "#14"},
				"south": {"uv": [1.6, 0.5, 0, 0.75], "rotation": 180, "texture": "#14"},
				"west": {"uv": [0.025, 0.5, 0, 0.75], "rotation": 180, "texture": "#14"},
				"up": {"uv": [1.6, 0.025, 0, 0.05], "rotation": 180, "texture": "#14"},
				"down": {"uv": [1.6, 0.025, 0, 0.05], "rotation": 180, "texture": "#14"}
			}
		},
		{
			"from": [10.18231, 9.31919, 4.5],
			"to": [10.33231, 9.46919, 4.525],
			"rotation": {"angle": 0, "axis": "z", "origin": [10.53231, 9.91919, 3]},
			"faces": {
				"north": {"uv": [1.6, 0.5, 0, 0.75], "rotation": 180, "texture": "#14"},
				"east": {"uv": [0.025, 0.5, 0, 0.75], "rotation": 180, "texture": "#14"},
				"south": {"uv": [1.6, 0.5, 0, 0.75], "rotation": 180, "texture": "#14"},
				"west": {"uv": [0.025, 0.5, 0, 0.75], "rotation": 180, "texture": "#14"},
				"up": {"uv": [1.6, 0.025, 0, 0.05], "rotation": 180, "texture": "#14"},
				"down": {"uv": [1.6, 0.025, 0, 0.05], "rotation": 180, "texture": "#14"}
			}
		},
		{
			"from": [9.48735, 9.07446, 4.5],
			"to": [9.63735, 9.22446, 4.525],
			"rotation": {"angle": 22.5, "axis": "z", "origin": [9.28735, 9.67446, 3]},
			"faces": {
				"north": {"uv": [0, 0.5, 1.6, 0.75], "rotation": 180, "texture": "#14"},
				"east": {"uv": [0, 0.5, 0.025, 0.75], "rotation": 180, "texture": "#14"},
				"south": {"uv": [0, 0.5, 1.6, 0.75], "rotation": 180, "texture": "#14"},
				"west": {"uv": [0, 0.5, 0.025, 0.75], "rotation": 180, "texture": "#14"},
				"up": {"uv": [0, 0.025, 1.6, 0.05], "rotation": 180, "texture": "#14"},
				"down": {"uv": [0, 0.025, 1.6, 0.05], "rotation": 180, "texture": "#14"}
			}
		},
		{
			"from": [9.00626, 8.61887, 4.5],
			"to": [9.15626, 8.76887, 4.525],
			"rotation": {"angle": 45, "axis": "z", "origin": [8.80626, 9.21887, 3]},
			"faces": {
				"north": {"uv": [0, 0.5, 1.6, 0.75], "rotation": 180, "texture": "#14"},
				"east": {"uv": [0, 0.5, 0.025, 0.75], "rotation": 180, "texture": "#14"},
				"south": {"uv": [0, 0.5, 1.6, 0.75], "rotation": 180, "texture": "#14"},
				"west": {"uv": [0, 0.5, 0.025, 0.75], "rotation": 180, "texture": "#14"},
				"up": {"uv": [0, 0.025, 1.6, 0.05], "rotation": 180, "texture": "#14"},
				"down": {"uv": [0, 0.025, 1.6, 0.05], "rotation": 180, "texture": "#14"}
			}
		},
		{
			"from": [8.93788, 8.77939, 4.5],
			"to": [9.08788, 8.92939, 4.525],
			"rotation": {"angle": -22.5, "axis": "z", "origin": [8.48788, 8.57939, 3]},
			"faces": {
				"north": {"uv": [0, 0.5, 1.6, 0.75], "rotation": 270, "texture": "#14"},
				"east": {"uv": [0, 0.025, 1.6, 0.05], "rotation": 90, "texture": "#14"},
				"south": {"uv": [0, 0.5, 1.6, 0.75], "rotation": 90, "texture": "#14"},
				"west": {"uv": [0, 0.025, 1.6, 0.05], "rotation": 90, "texture": "#14"},
				"up": {"uv": [0, 0.5, 0.025, 0.75], "rotation": 90, "texture": "#14"},
				"down": {"uv": [0, 0.5, 0.025, 0.75], "rotation": 90, "texture": "#14"}
			}
		},
		{
			"from": [8.88449, 8.06099, 4.5],
			"to": [9.03449, 8.21099, 4.525],
			"rotation": {"angle": 0, "axis": "z", "origin": [10.88449, 13.06099, 3]},
			"faces": {
				"north": {"uv": [0, 0.5, 1.6, 0.75], "rotation": 270, "texture": "#14"},
				"east": {"uv": [0, 0.025, 1.6, 0.05], "rotation": 90, "texture": "#14"},
				"south": {"uv": [0, 0.5, 1.6, 0.75], "rotation": 90, "texture": "#14"},
				"west": {"uv": [0, 0.025, 1.6, 0.05], "rotation": 90, "texture": "#14"},
				"up": {"uv": [0, 0.5, 0.025, 0.75], "rotation": 90, "texture": "#14"},
				"down": {"uv": [0, 0.5, 0.025, 0.75], "rotation": 90, "texture": "#14"}
			}
		},
		{
			"from": [11.61551, 7.81099, 4.5],
			"to": [11.76551, 8.41099, 4.525],
			"rotation": {"angle": 0, "axis": "z", "origin": [9.76551, 13.06099, 3]},
			"faces": {
				"north": {"uv": [0, 0.75, 1.6, 0.5], "rotation": 270, "texture": "#14"},
				"east": {"uv": [0, 0.05, 1.6, 0.025], "rotation": 90, "texture": "#14"},
				"south": {"uv": [0, 0.75, 1.6, 0.5], "rotation": 90, "texture": "#14"},
				"west": {"uv": [0, 0.05, 1.6, 0.025], "rotation": 90, "texture": "#14"},
				"up": {"uv": [0, 0.75, 0.025, 0.5], "rotation": 90, "texture": "#14"},
				"down": {"uv": [0, 0.75, 0.025, 0.5], "rotation": 90, "texture": "#14"}
			}
		},
		{
			"from": [11.56212, 8.57939, 4.5],
			"to": [11.71212, 9.17939, 4.525],
			"rotation": {"angle": 22.5, "axis": "z", "origin": [12.16212, 8.62939, 3]},
			"faces": {
				"north": {"uv": [0, 0.75, 1.6, 0.5], "rotation": 270, "texture": "#14"},
				"east": {"uv": [0, 0.05, 1.6, 0.025], "rotation": 90, "texture": "#14"},
				"south": {"uv": [0, 0.75, 1.6, 0.5], "rotation": 90, "texture": "#14"},
				"west": {"uv": [0, 0.05, 1.6, 0.025], "rotation": 90, "texture": "#14"},
				"up": {"uv": [0, 0.75, 0.025, 0.5], "rotation": 90, "texture": "#14"},
				"down": {"uv": [0, 0.75, 0.025, 0.5], "rotation": 90, "texture": "#14"}
			}
		},
		{
			"from": [11.26874, 8.71887, 4.5],
			"to": [11.86874, 8.86887, 4.525],
			"rotation": {"angle": -45, "axis": "z", "origin": [11.81874, 9.31887, 3]},
			"faces": {
				"north": {"uv": [1.6, 0.5, 0, 0.75], "rotation": 180, "texture": "#14"},
				"east": {"uv": [0.025, 0.5, 0, 0.75], "rotation": 180, "texture": "#14"},
				"south": {"uv": [1.6, 0.5, 0, 0.75], "rotation": 180, "texture": "#14"},
				"west": {"uv": [0.025, 0.5, 0, 0.75], "rotation": 180, "texture": "#14"},
				"up": {"uv": [1.6, 0.025, 0, 0.05], "rotation": 180, "texture": "#14"},
				"down": {"uv": [1.6, 0.025, 0, 0.05], "rotation": 180, "texture": "#14"}
			}
		},
		{
			"from": [10.68765, 9.22446, 4.5],
			"to": [11.28765, 9.37446, 4.525],
			"rotation": {"angle": -22.5, "axis": "z", "origin": [11.23765, 9.82446, 3]},
			"faces": {
				"north": {"uv": [1.6, 0.5, 0, 0.75], "rotation": 180, "texture": "#14"},
				"east": {"uv": [0.025, 0.5, 0, 0.75], "rotation": 180, "texture": "#14"},
				"south": {"uv": [1.6, 0.5, 0, 0.75], "rotation": 180, "texture": "#14"},
				"west": {"uv": [0.025, 0.5, 0, 0.75], "rotation": 180, "texture": "#14"},
				"up": {"uv": [1.6, 0.025, 0, 0.05], "rotation": 180, "texture": "#14"},
				"down": {"uv": [1.6, 0.025, 0, 0.05], "rotation": 180, "texture": "#14"}
			}
		},
		{
			"from": [9.95731, 9.46919, 4.5],
			"to": [10.55731, 9.61919, 4.525],
			"rotation": {"angle": 0, "axis": "z", "origin": [10.50731, 10.06919, 3]},
			"faces": {
				"north": {"uv": [1.6, 0.5, 0, 0.75], "rotation": 180, "texture": "#14"},
				"east": {"uv": [0.025, 0.5, 0, 0.75], "rotation": 180, "texture": "#14"},
				"south": {"uv": [1.6, 0.5, 0, 0.75], "rotation": 180, "texture": "#14"},
				"west": {"uv": [0.025, 0.5, 0, 0.75], "rotation": 180, "texture": "#14"},
				"up": {"uv": [1.6, 0.025, 0, 0.05], "rotation": 180, "texture": "#14"},
				"down": {"uv": [1.6, 0.025, 0, 0.05], "rotation": 180, "texture": "#14"}
			}
		},
		{
			"from": [9.22697, 9.22446, 4.5],
			"to": [9.82697, 9.37446, 4.525],
			"rotation": {"angle": 22.5, "axis": "z", "origin": [9.27697, 9.82446, 3]},
			"faces": {
				"north": {"uv": [0, 0.5, 1.6, 0.75], "rotation": 180, "texture": "#14"},
				"east": {"uv": [0, 0.5, 0.025, 0.75], "rotation": 180, "texture": "#14"},
				"south": {"uv": [0, 0.5, 1.6, 0.75], "rotation": 180, "texture": "#14"},
				"west": {"uv": [0, 0.5, 0.025, 0.75], "rotation": 180, "texture": "#14"},
				"up": {"uv": [0, 0.025, 1.6, 0.05], "rotation": 180, "texture": "#14"},
				"down": {"uv": [0, 0.025, 1.6, 0.05], "rotation": 180, "texture": "#14"}
			}
		},
		{
			"from": [8.64587, 8.71887, 4.5],
			"to": [9.24587, 8.86887, 4.525],
			"rotation": {"angle": 45, "axis": "z", "origin": [8.69587, 9.31887, 3]},
			"faces": {
				"north": {"uv": [0, 0.5, 1.6, 0.75], "rotation": 180, "texture": "#14"},
				"east": {"uv": [0, 0.5, 0.025, 0.75], "rotation": 180, "texture": "#14"},
				"south": {"uv": [0, 0.5, 1.6, 0.75], "rotation": 180, "texture": "#14"},
				"west": {"uv": [0, 0.5, 0.025, 0.75], "rotation": 180, "texture": "#14"},
				"up": {"uv": [0, 0.025, 1.6, 0.05], "rotation": 180, "texture": "#14"},
				"down": {"uv": [0, 0.025, 1.6, 0.05], "rotation": 180, "texture": "#14"}
			}
		},
		{
			"from": [8.80249, 8.57939, 4.5],
			"to": [8.95249, 9.17939, 4.525],
			"rotation": {"angle": -22.5, "axis": "z", "origin": [8.35249, 8.62939, 3]},
			"faces": {
				"north": {"uv": [0, 0.5, 1.6, 0.75], "rotation": 270, "texture": "#14"},
				"east": {"uv": [0, 0.025, 1.6, 0.05], "rotation": 90, "texture": "#14"},
				"south": {"uv": [0, 0.5, 1.6, 0.75], "rotation": 90, "texture": "#14"},
				"west": {"uv": [0, 0.025, 1.6, 0.05], "rotation": 90, "texture": "#14"},
				"up": {"uv": [0, 0.5, 0.025, 0.75], "rotation": 90, "texture": "#14"},
				"down": {"uv": [0, 0.5, 0.025, 0.75], "rotation": 90, "texture": "#14"}
			}
		}
	],
	"display": {
		"thirdperson_righthand": {
			"rotation": [90, 0, 0],
			"translation": [-6.75, 0, 14],
			"scale": [1.2, 1.2, 1.2]
		},
		"thirdperson_lefthand": {
			"rotation": [60, 0, 0],
			"translation": [-5.5, 1.5, 2.5]
		},
		"head": {
			"translation": [-1, -24.75, -4.5],
			"scale": [2, 2, 2]
		}
	},
	"groups": [
		0,
		1,
		2,
		3,
		4,
		5,
		6,
		7,
		8,
		9,
		10,
		11,
		12,
		13,
		14,
		15,
		16,
		17,
		18,
		19,
		20,
		21,
		22,
		23,
		24,
		25,
		26,
		27,
		28,
		29,
		30,
		31,
		32,
		33,
		34,
		35,
		36,
		37,
		38,
		39,
		40,
		41,
		42,
		43,
		44,
		45,
		46,
		47,
		48,
		49,
		50,
		{
			"name": "group",
			"origin": [8.6, 6.975, 4.5],
			"color": 0,
			"children": [
				{
					"name": "group",
					"origin": [7.05, 7, 4.5],
					"color": 0,
					"children": [51, 52]
				},
				{
					"name": "group",
					"origin": [10.25, 8.15, 4.5],
					"color": 0,
					"children": [53, 54]
				}
			]
		},
		55,
		56,
		57,
		58,
		59,
		60,
		61,
		62,
		63,
		64,
		65,
		66,
		67,
		68,
		69,
		70,
		71,
		72,
		73,
		74,
		75,
		76,
		77,
		78,
		79,
		80,
		81,
		82,
		83,
		84,
		85,
		86,
		87,
		88,
		89,
		90
	]
}