{
	"credit": "Made with Blockbench",
	"textures": {
		"0": "block/coal_block1",
		"1": "block/anvil1",
		"3": "block/black_concrete1",
		"4": "block/red_shulker_box1",
		"5": "block/red_terracotta1",
		"6": "block/glass1",
		"8": "block/gray_wool1",
		"9": "block/black_wool1",
		"10": "block/sea_lantern1",
		"11": "block/orange_concrete1",
		"particle": "block/coal_block1"
	},
	"elements": [
		{
			"from": [-1, -1, 2],
			"to": [18.2, 9, 3],
			"faces": {
				"north": {"uv": [0, 0, 16, 10], "texture": "#3"},
				"east": {"uv": [0, 0, 1, 10], "texture": "#3"},
				"south": {"uv": [0, 0, 16, 10], "texture": "#8"},
				"west": {"uv": [0, 0, 1, 10], "texture": "#3"},
				"up": {"uv": [0, 0, 16, 1], "texture": "#3"},
				"down": {"uv": [0, 0, 16, 1], "texture": "#3"}
			}
		},
		{
			"from": [0, 6.76956, 1.84149],
			"to": [17, 14.76956, 2.84149],
			"rotation": {"angle": 22.5, "axis": "x", "origin": [8, 8, 8]},
			"faces": {
				"north": {"uv": [0, 0, 16, 7.999], "texture": "#6"},
				"east": {"uv": [0, 0, 1, 8], "texture": "#6"},
				"south": {"uv": [0, 0, 16, 8], "texture": "#6"},
				"west": {"uv": [0, 0, 1, 8], "texture": "#6"},
				"up": {"uv": [0, 0, 16, 1], "texture": "#6"},
				"down": {"uv": [0, 0, 16, 1], "texture": "#6"}
			}
		},
		{
			"from": [0, 15.53492, 0.92388],
			"to": [17, 16.53492, 1.92388],
			"rotation": {"angle": 22.5, "axis": "x", "origin": [8, 6.07612, 5.61732]},
			"faces": {
				"north": {"uv": [0, 0, 16, 1], "texture": "#3"},
				"east": {"uv": [0, 0, 1, 1], "texture": "#3"},
				"south": {"uv": [0, 0, 16, 1], "texture": "#3"},
				"west": {"uv": [0, 0, 1, 1], "texture": "#3"},
				"up": {"uv": [0, 0, 16, 1], "texture": "#3"},
				"down": {"uv": [0, 0, 16, 1], "texture": "#3"}
			}
		},
		{
			"from": [-1, 6.76956, 1.84149],
			"to": [0, 15.76956, 2.84149],
			"rotation": {"angle": 22.5, "axis": "x", "origin": [8, 8, 8]},
			"faces": {
				"north": {"uv": [0, 0, 1, 9], "texture": "#3"},
				"east": {"uv": [0, 0, 1, 9], "texture": "#3"},
				"south": {"uv": [0, 0, 1, 9], "texture": "#3"},
				"west": {"uv": [0, 0, 1, 9], "texture": "#3"},
				"up": {"uv": [0, 0, 1, 1], "texture": "#3"},
				"down": {"uv": [0, 0, 1, 1], "texture": "#3"}
			}
		},
		{
			"from": [17, 6.76956, 1.84149],
			"to": [18.2, 15.76956, 2.84149],
			"rotation": {"angle": 22.5, "axis": "x", "origin": [8, 8, 8]},
			"faces": {
				"north": {"uv": [0, 0, 1.2, 9], "texture": "#3"},
				"east": {"uv": [0, 0, 1, 9], "texture": "#3"},
				"south": {"uv": [0, 0, 1.2, 9], "texture": "#3"},
				"west": {"uv": [0, 0, 1, 9], "texture": "#3"},
				"up": {"uv": [0, 0, 1.2, 1], "texture": "#3"},
				"down": {"uv": [0, 0, 1.2, 1], "texture": "#3"}
			}
		},
		{
			"from": [-1, -1, 3],
			"to": [18, 0, 16],
			"faces": {
				"north": {"uv": [0, 0, 16, 1], "texture": "#3"},
				"east": {"uv": [0, 0, 13, 1], "texture": "#3"},
				"south": {"uv": [0, 0, 16, 1], "texture": "#3"},
				"west": {"uv": [0, 0, 13, 1], "texture": "#3"},
				"up": {"uv": [0, 0, 16, 16], "texture": "#8"},
				"down": {"uv": [0, 0, 16, 13], "texture": "#3"}
			}
		},
		{
			"from": [-3, -1, 2],
			"to": [-1, 0, 17],
			"faces": {
				"north": {"uv": [0, 0, 2, 1], "texture": "#3"},
				"east": {"uv": [0, 0, 15, 1], "texture": "#3"},
				"south": {"uv": [0, 0, 2, 1], "texture": "#3"},
				"west": {"uv": [0, 0, 15, 1], "texture": "#3"},
				"up": {"uv": [0, 0, 2, 15], "texture": "#3"},
				"down": {"uv": [0, 0, 2, 15], "texture": "#3"}
			}
		},
		{
			"from": [18, -1, 2],
			"to": [20, 0, 17],
			"faces": {
				"north": {"uv": [0, 0, 2, 1], "texture": "#3"},
				"east": {"uv": [0, 0, 15, 1], "texture": "#3"},
				"south": {"uv": [0, 0, 2, 1], "texture": "#3"},
				"west": {"uv": [0, 0, 15, 1], "texture": "#3"},
				"up": {"uv": [0, 0, 2, 15], "texture": "#3"},
				"down": {"uv": [0, 0, 2, 15], "texture": "#3"}
			}
		},
		{
			"from": [-1, 0, 5],
			"to": [0.25, 8, 15],
			"faces": {
				"north": {"uv": [0, 0, 1.25, 8], "texture": "#3"},
				"east": {"uv": [0, 0, 10, 8], "texture": "#3"},
				"south": {"uv": [0, 0, 1.25, 8], "texture": "#3"},
				"west": {"uv": [0, 0, 10, 8], "texture": "#3"},
				"up": {"uv": [0, 0, 1.25, 10], "texture": "#3"},
				"down": {"uv": [0, 0, 1.25, 10], "texture": "#3"}
			}
		},
		{
			"from": [0, 8, 3],
			"to": [17.25, 9, 4],
			"faces": {
				"north": {"uv": [0, 0, 16, 1], "texture": "#8"},
				"east": {"uv": [0, 0, 1, 1], "texture": "#8"},
				"south": {"uv": [0, 0, 16, 1], "texture": "#8"},
				"west": {"uv": [0, 0, 1, 1], "texture": "#8"},
				"up": {"uv": [0, 0, 16, 1], "texture": "#8"},
				"down": {"uv": [0, 0, 16, 1], "texture": "#8"}
			}
		},
		{
			"from": [0, 10.04459, 0.60773],
			"to": [17.25, 12.04459, 1.60773],
			"rotation": {"angle": -45, "axis": "x", "origin": [7, 13.41002, 6.47901]},
			"faces": {
				"north": {"uv": [0, 0, 16, 2], "rotation": 180, "texture": "#8"},
				"east": {"uv": [0, 0, 2, 1], "rotation": 270, "texture": "#8"},
				"south": {"uv": [0, 0, 16, 2], "texture": "#8"},
				"west": {"uv": [0, 0, 2, 1], "rotation": 90, "texture": "#8"},
				"up": {"uv": [0, 0, 16, 1], "rotation": 180, "texture": "#8"},
				"down": {"uv": [0, 0, 16, 1], "texture": "#8"}
			}
		},
		{
			"from": [0, 5.58579, 3.41421],
			"to": [17.25, 7.58579, 5.41421],
			"rotation": {"angle": 0, "axis": "y", "origin": [7, 13.77965, 6.45707]},
			"faces": {
				"north": {"uv": [0, 0, 16, 2], "rotation": 180, "texture": "#8"},
				"east": {"uv": [0, 0, 2, 2], "rotation": 270, "texture": "#8"},
				"south": {"uv": [0, 0, 16, 2], "texture": "#8"},
				"west": {"uv": [0, 0, 2, 2], "rotation": 90, "texture": "#8"},
				"up": {"uv": [0, 0, 16, 2], "rotation": 180, "texture": "#8"},
				"down": {"uv": [0, 0, 16, 2], "texture": "#8"}
			}
		},
		{
			"from": [12.5061, 5.87868, 6.41421],
			"to": [14.7561, 6.37868, 7.31421],
			"rotation": {"angle": -45, "axis": "z", "origin": [12, 13.77965, 6.45707]},
			"faces": {
				"north": {"uv": [0, 0, 2.25, 0.5], "rotation": 180, "texture": "#9"},
				"east": {"uv": [0, 0, 0.5, 0.9], "rotation": 270, "texture": "#9"},
				"south": {"uv": [0, 0, 2.25, 0.5], "texture": "#9"},
				"west": {"uv": [0, 0, 0.5, 0.9], "rotation": 90, "texture": "#9"},
				"up": {"uv": [0, 0, 2.25, 0.9], "rotation": 180, "texture": "#9"},
				"down": {"uv": [0, 0, 2.25, 0.9], "texture": "#9"}
			}
		},
		{
			"from": [4.87994, 12.24264, 6.41421],
			"to": [7.12994, 12.74264, 7.31421],
			"rotation": {"angle": 45, "axis": "z", "origin": [14, 13.77965, 6.45707]},
			"faces": {
				"north": {"uv": [2.25, 0, 4.5, 0.5], "rotation": 180, "texture": "#9"},
				"east": {"uv": [0, 0.9, 0.5, 1.8], "rotation": 90, "texture": "#9"},
				"south": {"uv": [2.25, 0, 4.5, 0.5], "texture": "#9"},
				"west": {"uv": [0, 0.9, 0.5, 1.8], "rotation": 270, "texture": "#9"},
				"up": {"uv": [2.25, 0, 4.5, 0.9], "rotation": 180, "texture": "#9"},
				"down": {"uv": [2.25, 0, 4.5, 0.9], "texture": "#9"}
			}
		},
		{
			"from": [8.15614, 5.52965, 6.41421],
			"to": [8.95614, 8.77965, 7.11421],
			"rotation": {"angle": 0, "axis": "y", "origin": [12, 13.77965, 6.45707]},
			"faces": {
				"north": {"uv": [0, 0, 3.25, 0.8], "rotation": 90, "texture": "#9"},
				"east": {"uv": [0, 0, 3.25, 0.7], "rotation": 270, "texture": "#9"},
				"south": {"uv": [0, 0, 3.25, 0.8], "rotation": 90, "texture": "#9"},
				"west": {"uv": [0, 0, 3.25, 0.7], "rotation": 90, "texture": "#9"},
				"up": {"uv": [0, 0, 0.8, 0.7], "rotation": 180, "texture": "#9"},
				"down": {"uv": [0, 0, 0.8, 0.7], "texture": "#9"}
			}
		},
		{
			"from": [7.05614, 8.62965, 6.41421],
			"to": [10.05614, 9.47965, 7.31421],
			"rotation": {"angle": 0, "axis": "y", "origin": [12, 13.77965, 6.45707]},
			"faces": {
				"north": {"uv": [0, 0, 0.85, 3], "rotation": 90, "texture": "#9"},
				"east": {"uv": [0, 0, 0.85, 0.9], "rotation": 270, "texture": "#9"},
				"south": {"uv": [0, 0, 0.85, 3], "rotation": 90, "texture": "#9"},
				"west": {"uv": [0, 0, 0.85, 0.9], "rotation": 90, "texture": "#9"},
				"up": {"uv": [0, 0, 3, 0.9], "rotation": 180, "texture": "#9"},
				"down": {"uv": [0, 0, 3, 0.9], "texture": "#9"}
			}
		},
		{
			"from": [8.05614, 6.62965, 5.41421],
			"to": [9.05614, 7.47965, 6.51421],
			"rotation": {"angle": 0, "axis": "y", "origin": [12, 13.77965, 6.45707]},
			"faces": {
				"north": {"uv": [0, 0, 0.85, 1], "rotation": 90, "texture": "#0"},
				"east": {"uv": [0, 0, 0.85, 1.1], "rotation": 270, "texture": "#0"},
				"south": {"uv": [0, 0, 0.85, 1], "rotation": 90, "texture": "#0"},
				"west": {"uv": [0, 0, 0.85, 1.1], "rotation": 90, "texture": "#0"},
				"up": {"uv": [0, 0, 1, 1.1], "rotation": 180, "texture": "#0"},
				"down": {"uv": [0, 0, 1, 1.1], "texture": "#0"}
			}
		},
		{
			"from": [7.05614, 4.92965, 6.41421],
			"to": [10.05614, 5.77965, 7.31421],
			"rotation": {"angle": 0, "axis": "y", "origin": [12, 13.77965, 6.45707]},
			"faces": {
				"north": {"uv": [0, 0, 0.85, 3], "rotation": 90, "texture": "#9"},
				"east": {"uv": [0, 0, 0.85, 0.9], "rotation": 270, "texture": "#9"},
				"south": {"uv": [0, 0, 0.85, 3], "rotation": 90, "texture": "#9"},
				"west": {"uv": [0, 0, 0.85, 0.9], "rotation": 90, "texture": "#9"},
				"up": {"uv": [0, 0, 3, 0.9], "rotation": 180, "texture": "#9"},
				"down": {"uv": [0, 0, 3, 0.9], "texture": "#9"}
			}
		},
		{
			"from": [6.25, 5.72351, 6.41421],
			"to": [7, 8.72351, 7.31421],
			"rotation": {"angle": 0, "axis": "y", "origin": [12, 13.77965, 6.45707]},
			"faces": {
				"north": {"uv": [0, 0, 0.75, 3], "texture": "#9"},
				"east": {"uv": [0, 0, 3, 0.9], "rotation": 270, "texture": "#9"},
				"south": {"uv": [0, 0, 0.75, 3], "rotation": 180, "texture": "#9"},
				"west": {"uv": [0, 0, 3, 0.9], "rotation": 90, "texture": "#9"},
				"up": {"uv": [0, 0, 0.75, 0.9], "rotation": 180, "texture": "#9"},
				"down": {"uv": [0, 0, 0.75, 0.9], "texture": "#9"}
			}
		},
		{
			"from": [10.05, 5.72351, 6.41421],
			"to": [10.8, 8.72351, 7.31421],
			"rotation": {"angle": 0, "axis": "y", "origin": [12, 13.77965, 6.45707]},
			"faces": {
				"north": {"uv": [0, 0, 0.75, 3], "texture": "#9"},
				"east": {"uv": [0, 0, 3, 0.9], "rotation": 270, "texture": "#9"},
				"south": {"uv": [0, 0, 0.75, 3], "rotation": 180, "texture": "#9"},
				"west": {"uv": [0, 0, 3, 0.9], "rotation": 90, "texture": "#9"},
				"up": {"uv": [0, 0, 0.75, 0.9], "rotation": 180, "texture": "#9"},
				"down": {"uv": [0, 0, 0.75, 0.9], "texture": "#9"}
			}
		},
		{
			"from": [-1, 0, 3],
			"to": [0.25, 9, 5],
			"faces": {
				"north": {"uv": [0, 0, 1.25, 9], "texture": "#3"},
				"east": {"uv": [0, 0, 2, 9], "texture": "#3"},
				"south": {"uv": [0, 0, 1.25, 9], "texture": "#3"},
				"west": {"uv": [0, 0, 2, 9], "texture": "#3"},
				"up": {"uv": [0, 0, 1.25, 2], "texture": "#3"},
				"down": {"uv": [0, 0, 1.25, 2], "texture": "#3"}
			}
		},
		{
			"from": [17, 0, 3],
			"to": [18.25, 9, 5],
			"faces": {
				"north": {"uv": [0, 0, 1.25, 9], "texture": "#3"},
				"east": {"uv": [0, 0, 2, 9], "texture": "#3"},
				"south": {"uv": [0, 0, 1.25, 9], "texture": "#3"},
				"west": {"uv": [0, 0, 2, 9], "texture": "#3"},
				"up": {"uv": [0, 0, 1.25, 2], "texture": "#3"},
				"down": {"uv": [0, 0, 1.25, 2], "texture": "#3"}
			}
		},
		{
			"from": [-1, 16.5349, 5.28356],
			"to": [0.25, 17.5349, 15.28356],
			"rotation": {"angle": 0, "axis": "y", "origin": [8, 8.5349, 5.28356]},
			"faces": {
				"north": {"uv": [0, 0, 1.25, 1], "texture": "#3"},
				"east": {"uv": [0, 0, 10, 1], "texture": "#3"},
				"south": {"uv": [0, 0, 1.25, 1], "texture": "#3"},
				"west": {"uv": [0, 0, 10, 1], "texture": "#3"},
				"up": {"uv": [0, 0, 1.25, 10], "texture": "#3"},
				"down": {"uv": [0, 0, 1.25, 10], "texture": "#3"}
			}
		},
		{
			"from": [-1, 8.9349, 15.28356],
			"to": [0.25, 17.5349, 16.58356],
			"rotation": {"angle": 0, "axis": "y", "origin": [8, 8.5349, 5.28356]},
			"faces": {
				"north": {"uv": [0, 0, 1.25, 8.6], "texture": "#3"},
				"east": {"uv": [0, 0, 1.3, 8.6], "texture": "#3"},
				"south": {"uv": [0, 0, 1.25, 8.6], "texture": "#3"},
				"west": {"uv": [0, 0, 1.3, 8.6], "texture": "#3"},
				"up": {"uv": [0, 0, 1.25, 1.3], "texture": "#3"},
				"down": {"uv": [0, 0, 1.25, 1.3], "texture": "#3"}
			}
		},
		{
			"from": [0.2, 16.1349, 15.28356],
			"to": [17.45, 17.5349, 16.58356],
			"rotation": {"angle": 0, "axis": "y", "origin": [8, 8.5349, 5.28356]},
			"faces": {
				"north": {"uv": [0, 0, 16, 1.4], "texture": "#3"},
				"east": {"uv": [0, 0, 1.3, 1.4], "texture": "#3"},
				"south": {"uv": [0, 0, 16, 1.4], "texture": "#3"},
				"west": {"uv": [0, 0, 1.3, 1.4], "texture": "#3"},
				"up": {"uv": [0, 0, 16, 1.3], "texture": "#3"},
				"down": {"uv": [0, 0, 16, 1.3], "texture": "#3"}
			}
		},
		{
			"from": [16.95, 8.9349, 15.28356],
			"to": [18.2, 17.5349, 16.58356],
			"rotation": {"angle": 0, "axis": "y", "origin": [8, 8.5349, 5.28356]},
			"faces": {
				"north": {"uv": [1.25, 0, 2.5, 8.6], "texture": "#3"},
				"east": {"uv": [1.3, 0, 2.6, 8.6], "texture": "#3"},
				"south": {"uv": [1.25, 0, 2.5, 8.6], "texture": "#3"},
				"west": {"uv": [1.3, 0, 2.6, 8.6], "texture": "#3"},
				"up": {"uv": [1.25, 0, 2.5, 1.3], "texture": "#3"},
				"down": {"uv": [1.25, 0, 2.5, 1.3], "texture": "#3"}
			}
		},
		{
			"from": [-1, -10.07969, 24.56497],
			"to": [0.25, -4.07969, 25.56497],
			"rotation": {"angle": -45, "axis": "x", "origin": [8, 6.02082, 5.25126]},
			"faces": {
				"north": {"uv": [0, 0, 1.25, 6], "rotation": 180, "texture": "#3"},
				"east": {"uv": [0, 0, 6, 1], "rotation": 270, "texture": "#3"},
				"south": {"uv": [0, 0, 1.25, 6], "texture": "#3"},
				"west": {"uv": [0, 0, 6, 1], "rotation": 90, "texture": "#3"},
				"up": {"uv": [0, 0, 1.25, 1], "rotation": 180, "texture": "#3"},
				"down": {"uv": [0, 0, 1.25, 1], "texture": "#3"}
			}
		},
		{
			"from": [16.95, -10.07969, 24.56497],
			"to": [18.2, -4.07969, 25.56497],
			"rotation": {"angle": -45, "axis": "x", "origin": [8, 6.02082, 5.25126]},
			"faces": {
				"north": {"uv": [1.25, 0, 2.5, 6], "rotation": 180, "texture": "#3"},
				"east": {"uv": [0, 1, 6, 2], "rotation": 90, "texture": "#3"},
				"south": {"uv": [1.25, 0, 2.5, 6], "texture": "#3"},
				"west": {"uv": [0, 1, 6, 2], "rotation": 270, "texture": "#3"},
				"up": {"uv": [1.25, 0, 2.5, 1], "rotation": 180, "texture": "#3"},
				"down": {"uv": [1.25, 0, 2.5, 1], "texture": "#3"}
			}
		},
		{
			"from": [-1, 19.72196, 8.06117],
			"to": [0.25, 20.72196, 19.06117],
			"rotation": {"angle": 22.5, "axis": "x", "origin": [8, -2.36338, 4.10871]},
			"faces": {
				"north": {"uv": [0, 0, 1.25, 1], "texture": "#3"},
				"east": {"uv": [0, 0, 11, 1], "texture": "#3"},
				"south": {"uv": [0, 0, 1.25, 1], "texture": "#3"},
				"west": {"uv": [0, 0, 11, 1], "texture": "#3"},
				"up": {"uv": [0, 0, 1.25, 11], "texture": "#3"},
				"down": {"uv": [0, 0, 1.25, 11], "texture": "#3"}
			}
		},
		{
			"from": [16.95, 19.72196, 8.06117],
			"to": [18.2, 20.72196, 19.06117],
			"rotation": {"angle": 22.5, "axis": "x", "origin": [8, -2.36338, 4.10871]},
			"faces": {
				"north": {"uv": [1.25, 0, 2.5, 1], "texture": "#3"},
				"east": {"uv": [5, 0, 16, 1], "texture": "#3"},
				"south": {"uv": [1.25, 0, 2.5, 1], "texture": "#3"},
				"west": {"uv": [5, 0, 16, 1], "texture": "#3"},
				"up": {"uv": [1.25, 0, 2.5, 11], "texture": "#3"},
				"down": {"uv": [1.25, 0, 2.5, 11], "texture": "#3"}
			}
		},
		{
			"from": [17, 16.5349, 5.28356],
			"to": [18.25, 17.5349, 15.28356],
			"rotation": {"angle": 0, "axis": "y", "origin": [8, 8.5349, 5.28356]},
			"faces": {
				"north": {"uv": [0, 0, 1.25, 1], "texture": "#3"},
				"east": {"uv": [0, 0, 10, 1], "texture": "#3"},
				"south": {"uv": [0, 0, 1.25, 1], "texture": "#3"},
				"west": {"uv": [0, 0, 10, 1], "texture": "#3"},
				"up": {"uv": [0, 0, 1.25, 10], "texture": "#3"},
				"down": {"uv": [0, 0, 1.25, 10], "texture": "#3"}
			}
		},
		{
			"from": [16.95, 0, 5],
			"to": [18.2, 8, 15],
			"faces": {
				"north": {"uv": [1.25, 0, 2.5, 8], "texture": "#3"},
				"east": {"uv": [6, 0, 16, 8], "texture": "#3"},
				"south": {"uv": [1.25, 0, 2.5, 8], "texture": "#3"},
				"west": {"uv": [6, 0, 16, 8], "texture": "#3"},
				"up": {"uv": [1.25, 0, 2.5, 10], "texture": "#3"},
				"down": {"uv": [1.25, 0, 2.5, 10], "texture": "#3"}
			}
		},
		{
			"from": [-1.5, 0, 4],
			"to": [-0.75, 3, 5],
			"faces": {
				"north": {"uv": [0, 0, 0.75, 3], "texture": "#1"},
				"east": {"uv": [0, 0, 1, 3], "texture": "#1"},
				"south": {"uv": [0, 0, 0.75, 3], "texture": "#1"},
				"west": {"uv": [0, 0, 1, 3], "texture": "#1"},
				"up": {"uv": [0, 0, 0.75, 1], "texture": "#1"},
				"down": {"uv": [0, 0, 0.75, 1], "texture": "#1"}
			}
		},
		{
			"from": [17.75, 0, 4],
			"to": [18.5, 3, 5],
			"faces": {
				"north": {"uv": [0.75, 0, 1.5, 3], "texture": "#1"},
				"east": {"uv": [1, 0, 2, 3], "texture": "#1"},
				"south": {"uv": [0.75, 0, 1.5, 3], "texture": "#1"},
				"west": {"uv": [1, 0, 2, 3], "texture": "#1"},
				"up": {"uv": [0.75, 0, 1.5, 1], "texture": "#1"},
				"down": {"uv": [0.75, 0, 1.5, 1], "texture": "#1"}
			}
		},
		{
			"from": [-1.25, 3, 4.25],
			"to": [-0.75, 5, 4.75],
			"faces": {
				"north": {"uv": [0, 0, 0.5, 2], "texture": "#1"},
				"east": {"uv": [0, 0, 0.5, 2], "texture": "#1"},
				"south": {"uv": [0, 0, 0.5, 2], "texture": "#1"},
				"west": {"uv": [0, 0, 0.5, 2], "texture": "#1"},
				"up": {"uv": [0, 0, 0.5, 0.5], "texture": "#1"},
				"down": {"uv": [0, 0, 0.5, 0.5], "texture": "#1"}
			}
		},
		{
			"from": [17.95, 3, 4.25],
			"to": [18.45, 6, 4.75],
			"faces": {
				"north": {"uv": [0.5, 0, 1, 3], "texture": "#1"},
				"east": {"uv": [0.5, 0, 1, 3], "texture": "#1"},
				"south": {"uv": [0.5, 0, 1, 3], "texture": "#1"},
				"west": {"uv": [0.5, 0, 1, 3], "texture": "#1"},
				"up": {"uv": [0.5, 0, 1, 0.5], "texture": "#1"},
				"down": {"uv": [0.5, 0, 1, 0.5], "texture": "#1"}
			}
		},
		{
			"from": [-1.5, 5, 4],
			"to": [-0.75, 8, 5],
			"faces": {
				"north": {"uv": [0, 0, 0.75, 3], "texture": "#1"},
				"east": {"uv": [0, 0, 1, 3], "texture": "#1"},
				"south": {"uv": [0, 0, 0.75, 3], "texture": "#1"},
				"west": {"uv": [0, 0, 1, 3], "texture": "#1"},
				"up": {"uv": [0, 0, 0.75, 1], "texture": "#1"},
				"down": {"uv": [0, 0, 0.75, 1], "texture": "#1"}
			}
		},
		{
			"from": [17.75, 5, 4],
			"to": [18.5, 8, 5],
			"faces": {
				"north": {"uv": [0.75, 0, 1.5, 3], "texture": "#1"},
				"east": {"uv": [1, 0, 2, 3], "texture": "#1"},
				"south": {"uv": [0.75, 0, 1.5, 3], "texture": "#1"},
				"west": {"uv": [1, 0, 2, 3], "texture": "#1"},
				"up": {"uv": [0.75, 0, 1.5, 1], "texture": "#1"},
				"down": {"uv": [0.75, 0, 1.5, 1], "texture": "#1"}
			}
		},
		{
			"from": [-1.5, 1, 5],
			"to": [-0.75, 2, 7],
			"faces": {
				"north": {"uv": [0, 0, 0.75, 1], "texture": "#1"},
				"east": {"uv": [0, 0, 2, 1], "texture": "#1"},
				"south": {"uv": [0, 0, 0.75, 1], "texture": "#1"},
				"west": {"uv": [0, 0, 2, 1], "texture": "#1"},
				"up": {"uv": [0, 0, 0.75, 2], "texture": "#1"},
				"down": {"uv": [0, 0, 0.75, 2], "texture": "#1"}
			}
		},
		{
			"from": [17.75, 1, 5],
			"to": [18.5, 2, 7],
			"faces": {
				"north": {"uv": [0.75, 0, 1.5, 1], "texture": "#1"},
				"east": {"uv": [2, 0, 4, 1], "texture": "#1"},
				"south": {"uv": [0.75, 0, 1.5, 1], "texture": "#1"},
				"west": {"uv": [2, 0, 4, 1], "texture": "#1"},
				"up": {"uv": [0.75, 0, 1.5, 2], "texture": "#1"},
				"down": {"uv": [0.75, 0, 1.5, 2], "texture": "#1"}
			}
		},
		{
			"from": [-1.5, 6, 5],
			"to": [-0.75, 7, 7],
			"faces": {
				"north": {"uv": [0, 0, 0.75, 1], "texture": "#1"},
				"east": {"uv": [0, 0, 2, 1], "texture": "#1"},
				"south": {"uv": [0, 0, 0.75, 1], "texture": "#1"},
				"west": {"uv": [0, 0, 2, 1], "texture": "#1"},
				"up": {"uv": [0, 0, 0.75, 2], "texture": "#1"},
				"down": {"uv": [0, 0, 0.75, 2], "texture": "#1"}
			}
		},
		{
			"from": [-1.5, 6, 11],
			"to": [-0.75, 7, 14],
			"faces": {
				"north": {"uv": [0, 0, 0.75, 1], "texture": "#1"},
				"east": {"uv": [0, 0, 3, 1], "texture": "#1"},
				"south": {"uv": [0, 0, 0.75, 1], "texture": "#1"},
				"west": {"uv": [0, 0, 3, 1], "texture": "#1"},
				"up": {"uv": [0, 0, 0.75, 3], "texture": "#1"},
				"down": {"uv": [0, 0, 0.75, 3], "texture": "#1"}
			}
		},
		{
			"from": [17.5, 6, 11],
			"to": [18.25, 7, 14],
			"faces": {
				"north": {"uv": [0, 0, 0.75, 1], "texture": "#1"},
				"east": {"uv": [0, 0, 3, 1], "texture": "#1"},
				"south": {"uv": [0, 0, 0.75, 1], "texture": "#1"},
				"west": {"uv": [0, 0, 3, 1], "texture": "#1"},
				"up": {"uv": [0, 0, 0.75, 3], "texture": "#1"},
				"down": {"uv": [0, 0, 0.75, 3], "texture": "#1"}
			}
		},
		{
			"from": [17.75, 6, 5],
			"to": [18.5, 7, 7],
			"faces": {
				"north": {"uv": [0.75, 0, 1.5, 1], "texture": "#1"},
				"east": {"uv": [2, 0, 4, 1], "texture": "#1"},
				"south": {"uv": [0.75, 0, 1.5, 1], "texture": "#1"},
				"west": {"uv": [2, 0, 4, 1], "texture": "#1"},
				"up": {"uv": [0.75, 0, 1.5, 2], "texture": "#1"},
				"down": {"uv": [0.75, 0, 1.5, 2], "texture": "#1"}
			}
		},
		{
			"from": [12, -1, -6],
			"to": [17, 9, 2],
			"faces": {
				"north": {"uv": [0, 0, 5, 10], "texture": "#3"},
				"east": {"uv": [0, 0, 8, 10], "texture": "#3"},
				"south": {"uv": [0, 0, 5, 10], "texture": "#3"},
				"west": {"uv": [0, 0, 8, 10], "texture": "#3"},
				"up": {"uv": [0, 0, 5, 8], "texture": "#3"},
				"down": {"uv": [0, 0, 5, 8], "texture": "#3"}
			}
		},
		{
			"from": [0, -1, -6],
			"to": [5, 9, 2],
			"faces": {
				"north": {"uv": [0, 0, 5, 10], "texture": "#3"},
				"east": {"uv": [0, 0, 8, 10], "texture": "#3"},
				"south": {"uv": [0, 0, 5, 10], "texture": "#3"},
				"west": {"uv": [0, 0, 8, 10], "texture": "#3"},
				"up": {"uv": [0, 0, 5, 8], "texture": "#3"},
				"down": {"uv": [0, 0, 5, 8], "texture": "#3"}
			}
		},
		{
			"from": [-1, -3, -6.7],
			"to": [18, -1, -4],
			"rotation": {"angle": 0, "axis": "y", "origin": [0, 0, -1]},
			"faces": {
				"north": {"uv": [0, 0, 16, 2], "texture": "#1"},
				"east": {"uv": [0, 0, 2.7, 2], "texture": "#1"},
				"south": {"uv": [0, 0, 16, 2], "texture": "#1"},
				"west": {"uv": [0, 0, 2.7, 2], "texture": "#1"},
				"up": {"uv": [0, 0, 16, 2.7], "texture": "#1"},
				"down": {"uv": [0, 0, 16, 2.7], "texture": "#1"}
			}
		},
		{
			"from": [0.25, -3, 22.1],
			"to": [17, -1, 25],
			"faces": {
				"north": {"uv": [0, 0, 16, 2], "texture": "#1"},
				"east": {"uv": [0, 0, 2.9, 2], "texture": "#1"},
				"south": {"uv": [0, 0, 16, 2], "texture": "#1"},
				"west": {"uv": [0, 0, 2.9, 2], "texture": "#1"},
				"up": {"uv": [0, 0, 16, 2.9], "texture": "#1"},
				"down": {"uv": [0, 0, 16, 2.9], "texture": "#1"}
			}
		},
		{
			"from": [7, -2.5, -4.4],
			"to": [9, -1, 23.3],
			"faces": {
				"north": {"uv": [0, 0, 2, 1.5], "texture": "#1"},
				"east": {"uv": [0, 0, 16, 1.5], "texture": "#1"},
				"south": {"uv": [0, 0, 2, 1.5], "texture": "#1"},
				"west": {"uv": [0, 0, 16, 1.5], "texture": "#1"},
				"up": {"uv": [0, 0, 2, 16], "texture": "#1"},
				"down": {"uv": [0, 0, 2, 16], "texture": "#1"}
			}
		},
		{
			"from": [5, 9, -9],
			"to": [12, 9.75, -3],
			"faces": {
				"north": {"uv": [0, 0, 7, 0.75], "texture": "#3"},
				"east": {"uv": [0, 0, 6, 0.75], "texture": "#3"},
				"south": {"uv": [0, 0, 7, 0.75], "texture": "#3"},
				"west": {"uv": [0, 0, 6, 0.75], "texture": "#3"},
				"up": {"uv": [0, 0, 7, 6], "texture": "#3"},
				"down": {"uv": [0, 0, 7, 6], "texture": "#3"}
			}
		},
		{
			"from": [5, 14.87971, -5.96022],
			"to": [12, 15.62971, -3.96022],
			"rotation": {"angle": -22.5, "axis": "x", "origin": [8, 0.02151, 8.29953]},
			"faces": {
				"north": {"uv": [0, 0, 7, 0.75], "texture": "#3"},
				"east": {"uv": [0, 0, 2, 0.75], "texture": "#3"},
				"south": {"uv": [0, 0, 7, 0.75], "texture": "#3"},
				"west": {"uv": [0, 0, 2, 0.75], "texture": "#3"},
				"up": {"uv": [0, 0, 7, 2], "texture": "#3"},
				"down": {"uv": [0, 0, 7, 2], "texture": "#3"}
			}
		},
		{
			"from": [5, 9, 0],
			"to": [12, 9.75, 2],
			"faces": {
				"north": {"uv": [4, 0, 10.999, 1.999], "texture": "#3"},
				"east": {"uv": [4, 0, 10.999, 1.999], "texture": "#3"},
				"south": {"uv": [4, 0, 10.999, 1.999], "texture": "#3"},
				"west": {"uv": [4, 0, 10.999, 1.999], "texture": "#3"},
				"up": {"uv": [4, 0, 10.999, 1.999], "texture": "#3"},
				"down": {"uv": [4, 0, 10.999, 1.999], "texture": "#3"}
			}
		},
		{
			"from": [11, 9, -3],
			"to": [12, 9.75, 0],
			"faces": {
				"north": {"uv": [4, 0, 10.999, 1.999], "texture": "#3"},
				"east": {"uv": [4, 0, 10.999, 1.999], "texture": "#3"},
				"south": {"uv": [4, 0, 10.999, 1.999], "texture": "#3"},
				"west": {"uv": [4, 0, 10.999, 1.999], "texture": "#3"},
				"up": {"uv": [4, 0, 10.999, 1.999], "texture": "#3"},
				"down": {"uv": [4, 0, 10.999, 1.999], "texture": "#3"}
			}
		},
		{
			"from": [5, 9, -3],
			"to": [6, 9.75, 0],
			"faces": {
				"north": {"uv": [4, 0, 10.999, 1.999], "texture": "#3"},
				"east": {"uv": [4, 0, 10.999, 1.999], "texture": "#3"},
				"south": {"uv": [4, 0, 10.999, 1.999], "texture": "#3"},
				"west": {"uv": [4, 0, 10.999, 1.999], "texture": "#3"},
				"up": {"uv": [4, 0, 10.999, 1.999], "texture": "#3"},
				"down": {"uv": [4, 0, 10.999, 1.999], "texture": "#3"}
			}
		},
		{
			"from": [6, 11.85756, -1.80256],
			"to": [11, 12.60756, 1.19744],
			"rotation": {"angle": -22.5, "axis": "x", "origin": [8, 8, 8]},
			"faces": {
				"north": {"uv": [0, 0, 5, 0.75], "texture": "#0"},
				"east": {"uv": [0, 0, 3, 0.75], "texture": "#0"},
				"south": {"uv": [0, 0, 5, 0.75], "texture": "#0"},
				"west": {"uv": [0, 0, 3, 0.75], "texture": "#0"},
				"up": {"uv": [0, 0, 5, 3], "texture": "#0"},
				"down": {"uv": [0, 0, 5, 3], "texture": "#0"}
			}
		},
		{
			"from": [3, -1, -12.75],
			"to": [14, 9, -6],
			"faces": {
				"north": {"uv": [0, 0, 11, 10], "texture": "#3"},
				"east": {"uv": [0, 0, 6.75, 10], "texture": "#3"},
				"south": {"uv": [0, 0, 11, 10], "texture": "#3"},
				"west": {"uv": [0, 0, 6.75, 10], "texture": "#3"},
				"up": {"uv": [0, 0, 11, 6.75], "texture": "#3"},
				"down": {"uv": [0, 0, 11, 6.75], "texture": "#3"}
			}
		},
		{
			"from": [12, 2, -13],
			"to": [13, 8, -12.5],
			"faces": {
				"north": {"uv": [0, 0, 1, 6], "texture": "#0"},
				"east": {"uv": [0, 0, 0.5, 6], "texture": "#0"},
				"south": {"uv": [0, 0, 1, 6], "texture": "#0"},
				"west": {"uv": [0, 0, 0.5, 6], "texture": "#0"},
				"up": {"uv": [0, 0, 1, 0.5], "texture": "#0"},
				"down": {"uv": [0, 0, 1, 0.5], "texture": "#0"}
			}
		},
		{
			"from": [10, 2, -13],
			"to": [11, 8, -12.5],
			"faces": {
				"north": {"uv": [0, 0, 1, 6], "texture": "#0"},
				"east": {"uv": [0, 0, 0.5, 6], "texture": "#0"},
				"south": {"uv": [0, 0, 1, 6], "texture": "#0"},
				"west": {"uv": [0, 0, 0.5, 6], "texture": "#0"},
				"up": {"uv": [0, 0, 1, 0.5], "texture": "#0"},
				"down": {"uv": [0, 0, 1, 0.5], "texture": "#0"}
			}
		},
		{
			"from": [8, 2, -13],
			"to": [9, 8, -12.5],
			"faces": {
				"north": {"uv": [0, 0, 1, 6], "texture": "#0"},
				"east": {"uv": [0, 0, 0.5, 6], "texture": "#0"},
				"south": {"uv": [0, 0, 1, 6], "texture": "#0"},
				"west": {"uv": [0, 0, 0.5, 6], "texture": "#0"},
				"up": {"uv": [0, 0, 1, 0.5], "texture": "#0"},
				"down": {"uv": [0, 0, 1, 0.5], "texture": "#0"}
			}
		},
		{
			"from": [6, 2, -13],
			"to": [7, 8, -12.5],
			"faces": {
				"north": {"uv": [0, 0, 1, 6], "texture": "#0"},
				"east": {"uv": [0, 0, 0.5, 6], "texture": "#0"},
				"south": {"uv": [0, 0, 1, 6], "texture": "#0"},
				"west": {"uv": [0, 0, 0.5, 6], "texture": "#0"},
				"up": {"uv": [0, 0, 1, 0.5], "texture": "#0"},
				"down": {"uv": [0, 0, 1, 0.5], "texture": "#0"}
			}
		},
		{
			"from": [4, 2, -13],
			"to": [5, 8, -12.5],
			"faces": {
				"north": {"uv": [0, 0, 1, 6], "texture": "#0"},
				"east": {"uv": [0, 0, 0.5, 6], "texture": "#0"},
				"south": {"uv": [0, 0, 1, 6], "texture": "#0"},
				"west": {"uv": [0, 0, 0.5, 6], "texture": "#0"},
				"up": {"uv": [0, 0, 1, 0.5], "texture": "#0"},
				"down": {"uv": [0, 0, 1, 0.5], "texture": "#0"}
			}
		},
		{
			"from": [5, -1, -6],
			"to": [12, 8, 2],
			"faces": {
				"north": {"uv": [0, 0, 7, 9], "texture": "#3"},
				"east": {"uv": [0, 0, 8, 9], "texture": "#3"},
				"south": {"uv": [0, 0, 7, 9], "texture": "#3"},
				"west": {"uv": [0, 0, 8, 9], "texture": "#3"},
				"up": {"uv": [0, 0, 7, 8], "texture": "#3"},
				"down": {"uv": [0, 0, 7, 8], "texture": "#3"}
			}
		},
		{
			"from": [-7.1907, 1, -10.08869],
			"to": [-4.1907, 8.9999, -3.08869],
			"rotation": {"angle": -22.5, "axis": "y", "origin": [3.72271, 8, 13.53071]},
			"faces": {
				"north": {"uv": [0, 0, 3, 7.9], "texture": "#3"},
				"east": {"uv": [0, 0, 7, 7.9], "texture": "#3"},
				"south": {"uv": [0, 0, 3, 7.9], "texture": "#3"},
				"west": {"uv": [0, 0, 7, 7.9], "texture": "#3"},
				"up": {"uv": [0, 0, 3, 7], "texture": "#3"},
				"down": {"uv": [0, 0, 3, 7], "texture": "#3"}
			}
		},
		{
			"from": [21.1907, 1, -10.08869],
			"to": [24.1907, 8.999, -3.08869],
			"rotation": {"angle": 22.5, "axis": "y", "origin": [13.27729, 8, 13.53071]},
			"faces": {
				"north": {"uv": [3, 0, 6, 7.8], "texture": "#3"},
				"east": {"uv": [5, 0, 12, 7.8], "texture": "#3"},
				"south": {"uv": [3, 0, 6, 7.8], "texture": "#3"},
				"west": {"uv": [5, 0, 12, 7.8], "texture": "#3"},
				"up": {"uv": [3, 0, 6, 7], "texture": "#3"},
				"down": {"uv": [3, 0, 6, 7], "texture": "#3"}
			}
		},
		{
			"from": [2, 0, -13],
			"to": [15, 2, -12],
			"faces": {
				"north": {"uv": [0, 0, 13, 2], "texture": "#3"},
				"east": {"uv": [0, 0, 1, 2], "texture": "#3"},
				"south": {"uv": [0, 0, 13, 2], "texture": "#3"},
				"west": {"uv": [0, 0, 1, 2], "texture": "#3"},
				"up": {"uv": [0, 0, 13, 1], "texture": "#3"},
				"down": {"uv": [0, 0, 13, 1], "texture": "#3"}
			}
		},
		{
			"from": [-4, 0, -15],
			"to": [21.5, 2, -13],
			"faces": {
				"north": {"uv": [0, 0, 16, 2], "texture": "#1"},
				"east": {"uv": [0, 0, 2, 2], "texture": "#1"},
				"south": {"uv": [0, 0, 16, 2], "texture": "#1"},
				"west": {"uv": [0, 0, 2, 2], "texture": "#1"},
				"up": {"uv": [0, 0, 16, 2], "texture": "#1"},
				"down": {"uv": [0, 0, 16, 2], "texture": "#1"}
			}
		},
		{
			"from": [0, -1.75, -15],
			"to": [17, 0, -13],
			"faces": {
				"north": {"uv": [0, 0, 16, 1.75], "texture": "#1"},
				"east": {"uv": [0, 0, 2, 1.75], "texture": "#1"},
				"south": {"uv": [0, 0, 16, 1.75], "texture": "#1"},
				"west": {"uv": [0, 0, 2, 1.75], "texture": "#1"},
				"up": {"uv": [0, 0, 16, 2], "texture": "#1"},
				"down": {"uv": [0, 0, 16, 2], "texture": "#1"}
			}
		},
		{
			"from": [3.69069, 0.42491, -14.9],
			"to": [8.69069, 1.92491, -13],
			"rotation": {"angle": -22.5, "axis": "z", "origin": [-1.22273, 19.5443, 8]},
			"faces": {
				"north": {"uv": [5, 0, 10, 1.5], "texture": "#1"},
				"east": {"uv": [2, 0, 3.9, 1.5], "texture": "#1"},
				"south": {"uv": [5, 0, 10, 1.5], "texture": "#1"},
				"west": {"uv": [2, 0, 3.9, 1.5], "texture": "#1"},
				"up": {"uv": [5, 0, 10, 1.9], "texture": "#1"},
				"down": {"uv": [5, 0, 10, 1.9], "texture": "#1"}
			}
		},
		{
			"from": [8.92871, 0.58832, -14.9],
			"to": [13.92871, 2.08832, -13],
			"rotation": {"angle": 22.5, "axis": "z", "origin": [18.84213, 19.70772, 8]},
			"faces": {
				"north": {"uv": [10, 0, 15, 1.5], "texture": "#1"},
				"east": {"uv": [3.9, 0, 5.8, 1.5], "texture": "#1"},
				"south": {"uv": [10, 0, 15, 1.5], "texture": "#1"},
				"west": {"uv": [3.9, 0, 5.8, 1.5], "texture": "#1"},
				"up": {"uv": [10, 0, 15, 1.9], "texture": "#1"},
				"down": {"uv": [10, 0, 15, 1.9], "texture": "#1"}
			}
		},
		{
			"from": [-5, 5, -12],
			"to": [0, 7, 1],
			"faces": {
				"north": {"uv": [0, 0, 5, 2], "texture": "#3"},
				"east": {"uv": [0, 0, 13, 2], "texture": "#3"},
				"south": {"uv": [0, 0, 5, 2], "texture": "#3"},
				"west": {"uv": [0, 0, 13, 2], "texture": "#3"},
				"up": {"uv": [0, 0, 5, 13], "texture": "#3"},
				"down": {"uv": [0, 0, 5, 13], "texture": "#3"}
			}
		},
		{
			"from": [-4, 5, 17],
			"to": [0, 7, 30],
			"faces": {
				"north": {"uv": [0, 0, 4, 2], "texture": "#3"},
				"east": {"uv": [0, 0, 13, 2], "texture": "#3"},
				"south": {"uv": [0, 0, 4, 2], "texture": "#3"},
				"west": {"uv": [0, 0, 13, 2], "texture": "#3"},
				"up": {"uv": [0, 0, 4, 13], "texture": "#3"},
				"down": {"uv": [0, 0, 4, 13], "texture": "#3"}
			}
		},
		{
			"from": [17, 5, 17],
			"to": [21, 7, 30],
			"faces": {
				"north": {"uv": [4, 0, 8, 2], "texture": "#3"},
				"east": {"uv": [3, 0, 16, 2], "texture": "#3"},
				"south": {"uv": [4, 0, 8, 2], "texture": "#3"},
				"west": {"uv": [3, 0, 16, 2], "texture": "#3"},
				"up": {"uv": [4, 0, 8, 13], "texture": "#3"},
				"down": {"uv": [4, 0, 8, 13], "texture": "#3"}
			}
		},
		{
			"from": [17, 5, -12],
			"to": [22, 7, 1],
			"faces": {
				"north": {"uv": [5, 0, 10, 2], "texture": "#3"},
				"east": {"uv": [3, 0, 16, 2], "texture": "#3"},
				"south": {"uv": [5, 0, 10, 2], "texture": "#3"},
				"west": {"uv": [3, 0, 16, 2], "texture": "#3"},
				"up": {"uv": [5, 0, 10, 13], "texture": "#3"},
				"down": {"uv": [5, 0, 10, 13], "texture": "#3"}
			}
		},
		{
			"from": [14, 5, -12],
			"to": [17, 7, -6],
			"faces": {
				"north": {"uv": [5, 0, 8, 2], "texture": "#9"},
				"east": {"uv": [3, 0, 9, 2], "texture": "#9"},
				"south": {"uv": [5, 0, 8, 2], "texture": "#9"},
				"west": {"uv": [3, 0, 9, 2], "texture": "#9"},
				"up": {"uv": [5, 0, 8, 6], "texture": "#9"},
				"down": {"uv": [5, 0, 8, 6], "texture": "#9"}
			}
		},
		{
			"from": [0, 5, -12],
			"to": [3, 7, -6],
			"faces": {
				"north": {"uv": [5, 0, 8, 2], "texture": "#3"},
				"east": {"uv": [3, 0, 9, 2], "texture": "#3"},
				"south": {"uv": [5, 0, 8, 2], "texture": "#3"},
				"west": {"uv": [3, 0, 9, 2], "texture": "#3"},
				"up": {"uv": [5, 0, 8, 6], "texture": "#3"},
				"down": {"uv": [5, 0, 8, 6], "texture": "#3"}
			}
		},
		{
			"from": [-5, -0.23671, 0.8373],
			"to": [0, 7.76329, 2.8373],
			"rotation": {"angle": -22.5, "axis": "x", "origin": [8, 2.76329, 3.8373]},
			"faces": {
				"north": {"uv": [0, 0, 5, 8], "rotation": 180, "texture": "#3"},
				"east": {"uv": [0, 0, 8, 2], "rotation": 270, "texture": "#3"},
				"south": {"uv": [0, 0, 5, 8], "texture": "#3"},
				"west": {"uv": [0, 0, 8, 2], "rotation": 90, "texture": "#3"},
				"up": {"uv": [0, 0, 5, 2], "rotation": 180, "texture": "#3"},
				"down": {"uv": [0, 0, 5, 2], "texture": "#3"}
			}
		},
		{
			"from": [-4, -7.33453, 27.6298],
			"to": [0, -3.33453, 29.6298],
			"rotation": {"angle": -22.5, "axis": "x", "origin": [8, 2.76329, 3.8373]},
			"faces": {
				"north": {"uv": [0, 0, 4, 4], "rotation": 180, "texture": "#3"},
				"east": {"uv": [0, 0, 4, 2], "rotation": 270, "texture": "#3"},
				"south": {"uv": [0, 0, 4, 4], "texture": "#3"},
				"west": {"uv": [0, 0, 4, 2], "rotation": 90, "texture": "#3"},
				"up": {"uv": [0, 0, 4, 2], "rotation": 180, "texture": "#3"},
				"down": {"uv": [0, 0, 4, 2], "texture": "#3"}
			}
		},
		{
			"from": [17, -7.33453, 27.6298],
			"to": [21, -3.33453, 29.6298],
			"rotation": {"angle": -22.5, "axis": "x", "origin": [8, 2.76329, 3.8373]},
			"faces": {
				"north": {"uv": [4, 0, 8, 4], "rotation": 180, "texture": "#3"},
				"east": {"uv": [0, 2, 4, 4], "rotation": 90, "texture": "#3"},
				"south": {"uv": [4, 0, 8, 4], "texture": "#3"},
				"west": {"uv": [0, 2, 4, 4], "rotation": 270, "texture": "#3"},
				"up": {"uv": [4, 0, 8, 2], "rotation": 180, "texture": "#3"},
				"down": {"uv": [4, 0, 8, 2], "texture": "#3"}
			}
		},
		{
			"from": [-4, -6.56917, 17.21796],
			"to": [1, -2.56917, 19.21796],
			"rotation": {"angle": 22.5, "axis": "x", "origin": [8, 2.76329, 41.1627]},
			"faces": {
				"north": {"uv": [4, 0, 9, 4], "texture": "#3"},
				"east": {"uv": [0, 2, 4, 4], "rotation": 270, "texture": "#3"},
				"south": {"uv": [4, 0, 9, 4], "rotation": 180, "texture": "#3"},
				"west": {"uv": [0, 2, 4, 4], "rotation": 90, "texture": "#3"},
				"up": {"uv": [0, 2, 5, 4], "rotation": 180, "texture": "#3"},
				"down": {"uv": [0, 2, 5, 4], "texture": "#3"}
			}
		},
		{
			"from": [17, -6.56917, 17.21796],
			"to": [21, -2.56917, 19.21796],
			"rotation": {"angle": 22.5, "axis": "x", "origin": [8, 2.76329, 41.1627]},
			"faces": {
				"north": {"uv": [8, 0, 12, 4], "texture": "#3"},
				"east": {"uv": [0, 4, 4, 6], "rotation": 90, "texture": "#3"},
				"south": {"uv": [8, 0, 12, 4], "rotation": 180, "texture": "#3"},
				"west": {"uv": [0, 4, 4, 6], "rotation": 270, "texture": "#3"},
				"up": {"uv": [4, 2, 8, 4], "rotation": 180, "texture": "#3"},
				"down": {"uv": [4, 2, 8, 4], "texture": "#3"}
			}
		},
		{
			"from": [-4, -0.69552, 15.46927],
			"to": [0, 3.30448, 17.46927],
			"rotation": {"angle": 0, "axis": "y", "origin": [8, 12.87365, 37.57672]},
			"faces": {
				"north": {"uv": [4, 0, 8, 4], "texture": "#3"},
				"east": {"uv": [0, 2, 4, 4], "rotation": 270, "texture": "#3"},
				"south": {"uv": [4, 0, 8, 4], "rotation": 180, "texture": "#3"},
				"west": {"uv": [0, 2, 4, 4], "rotation": 90, "texture": "#3"},
				"up": {"uv": [0, 2, 4, 4], "rotation": 180, "texture": "#3"},
				"down": {"uv": [0, 2, 4, 4], "texture": "#3"}
			}
		},
		{
			"from": [17, -0.69552, 15.46927],
			"to": [21, 3.30448, 17.46927],
			"rotation": {"angle": 0, "axis": "y", "origin": [8, 12.87365, 37.57672]},
			"faces": {
				"north": {"uv": [8, 0, 12, 4], "texture": "#3"},
				"east": {"uv": [0, 4, 4, 6], "rotation": 90, "texture": "#3"},
				"south": {"uv": [8, 0, 12, 4], "rotation": 180, "texture": "#3"},
				"west": {"uv": [0, 4, 4, 6], "rotation": 270, "texture": "#3"},
				"up": {"uv": [4, 2, 8, 4], "rotation": 180, "texture": "#3"},
				"down": {"uv": [4, 2, 8, 4], "texture": "#3"}
			}
		},
		{
			"from": [-4, -0.69552, 29.53073],
			"to": [0, 3.30448, 31.53073],
			"rotation": {"angle": 0, "axis": "y", "origin": [8, 12.87365, 51.63818]},
			"faces": {
				"north": {"uv": [4, 0, 8, 4], "texture": "#3"},
				"east": {"uv": [0, 2, 4, 4], "rotation": 270, "texture": "#3"},
				"south": {"uv": [4, 0, 8, 4], "rotation": 180, "texture": "#3"},
				"west": {"uv": [0, 2, 4, 4], "rotation": 90, "texture": "#3"},
				"up": {"uv": [0, 2, 4, 4], "rotation": 180, "texture": "#3"},
				"down": {"uv": [0, 2, 4, 4], "texture": "#3"}
			}
		},
		{
			"from": [17, -0.69552, 29.53073],
			"to": [21, 3.30448, 31.53073],
			"rotation": {"angle": 0, "axis": "y", "origin": [8, 12.87365, 51.63818]},
			"faces": {
				"north": {"uv": [8, 0, 12, 4], "texture": "#3"},
				"east": {"uv": [0, 4, 4, 6], "rotation": 90, "texture": "#3"},
				"south": {"uv": [8, 0, 12, 4], "rotation": 180, "texture": "#3"},
				"west": {"uv": [0, 4, 4, 6], "rotation": 270, "texture": "#3"},
				"up": {"uv": [4, 2, 8, 4], "rotation": 180, "texture": "#3"},
				"down": {"uv": [4, 2, 8, 4], "texture": "#3"}
			}
		},
		{
			"from": [-5, -1.44438, -15.9747],
			"to": [3, 1.55562, -13.9747],
			"rotation": {"angle": 22.5, "axis": "x", "origin": [8, -5.71328, -0.30198]},
			"faces": {
				"north": {"uv": [0, 0, 8, 3], "rotation": 180, "texture": "#3"},
				"east": {"uv": [0, 0, 3, 2], "rotation": 270, "texture": "#3"},
				"south": {"uv": [0, 0, 8, 3], "texture": "#3"},
				"west": {"uv": [0, 0, 3, 2], "rotation": 90, "texture": "#3"},
				"up": {"uv": [0, 0, 8, 2], "rotation": 180, "texture": "#3"},
				"down": {"uv": [0, 0, 8, 2], "texture": "#3"}
			}
		},
		{
			"from": [15, -1.44438, -15.9747],
			"to": [22, 1.55562, -13.9747],
			"rotation": {"angle": 22.5, "axis": "x", "origin": [8, -5.71328, -0.30198]},
			"faces": {
				"north": {"uv": [5, 0, 12, 3], "rotation": 180, "texture": "#3"},
				"east": {"uv": [0, 2, 3, 4], "rotation": 90, "texture": "#3"},
				"south": {"uv": [5, 0, 12, 3], "texture": "#3"},
				"west": {"uv": [0, 2, 3, 4], "rotation": 270, "texture": "#3"},
				"up": {"uv": [5, 0, 12, 2], "rotation": 180, "texture": "#3"},
				"down": {"uv": [5, 0, 12, 2], "texture": "#3"}
			}
		},
		{
			"from": [17, -0.23671, 0.8373],
			"to": [22, 7.76329, 2.8373],
			"rotation": {"angle": -22.5, "axis": "x", "origin": [8, 2.76329, 3.8373]},
			"faces": {
				"north": {"uv": [5, 0, 10, 8], "rotation": 180, "texture": "#3"},
				"east": {"uv": [0, 2, 8, 4], "rotation": 90, "texture": "#3"},
				"south": {"uv": [5, 0, 10, 8], "texture": "#3"},
				"west": {"uv": [0, 2, 8, 4], "rotation": 270, "texture": "#3"},
				"up": {"uv": [5, 0, 10, 2], "rotation": 180, "texture": "#3"},
				"down": {"uv": [5, 0, 10, 2], "texture": "#3"}
			}
		},
		{
			"from": [3, -1, 16],
			"to": [14, 0, 28],
			"faces": {
				"north": {"uv": [0, 0, 11, 1], "texture": "#3"},
				"east": {"uv": [0, 0, 12, 1], "texture": "#3"},
				"south": {"uv": [0, 0, 11, 1], "texture": "#3"},
				"west": {"uv": [0, 0, 12, 1], "texture": "#3"},
				"up": {"uv": [0, 0, 11, 12], "texture": "#3"},
				"down": {"uv": [0, 0, 11, 12], "texture": "#3"}
			}
		},
		{
			"from": [-1, 0, 15],
			"to": [18, 9, 18],
			"faces": {
				"north": {"uv": [0, 0, 16, 9], "texture": "#8"},
				"east": {"uv": [0, 0, 3, 9], "texture": "#3"},
				"south": {"uv": [0, 0, 16, 9], "texture": "#3"},
				"west": {"uv": [0, 0, 3, 9], "texture": "#3"},
				"up": {"uv": [0, 0, 16, 3], "texture": "#3"},
				"down": {"uv": [0, 0, 16, 3], "texture": "#3"}
			}
		},
		{
			"from": [2, 0, 18],
			"to": [3, 9, 28],
			"faces": {
				"north": {"uv": [0, 0, 1, 9], "texture": "#3"},
				"east": {"uv": [0, 0, 10, 9], "texture": "#3"},
				"south": {"uv": [0, 0, 1, 9], "texture": "#3"},
				"west": {"uv": [0, 0, 10, 9], "texture": "#3"},
				"up": {"uv": [0, 0, 1, 10], "texture": "#3"},
				"down": {"uv": [0, 0, 1, 10], "texture": "#3"}
			}
		},
		{
			"from": [14, 0, 18],
			"to": [15, 9, 28],
			"faces": {
				"north": {"uv": [0, 0, 1, 9], "texture": "#3"},
				"east": {"uv": [0, 0, 10, 9], "texture": "#3"},
				"south": {"uv": [0, 0, 1, 9], "texture": "#3"},
				"west": {"uv": [0, 0, 10, 9], "texture": "#3"},
				"up": {"uv": [0, 0, 1, 10], "texture": "#3"},
				"down": {"uv": [0, 0, 1, 10], "texture": "#3"}
			}
		},
		{
			"from": [-1, 7, 18],
			"to": [2, 9, 28],
			"faces": {
				"north": {"uv": [0, 0, 3, 2], "texture": "#3"},
				"east": {"uv": [0, 0, 10, 2], "texture": "#3"},
				"south": {"uv": [0, 0, 3, 2], "texture": "#3"},
				"west": {"uv": [0, 0, 10, 2], "texture": "#3"},
				"up": {"uv": [0, 0, 3, 10], "texture": "#3"},
				"down": {"uv": [0, 0, 3, 10], "texture": "#3"}
			}
		},
		{
			"from": [15, 7, 18],
			"to": [18, 9, 28],
			"faces": {
				"north": {"uv": [0, 0, 3, 2], "texture": "#3"},
				"east": {"uv": [0, 0, 10, 2], "texture": "#3"},
				"south": {"uv": [0, 0, 3, 2], "texture": "#3"},
				"west": {"uv": [0, 0, 10, 2], "texture": "#3"},
				"up": {"uv": [0, 0, 3, 10], "texture": "#3"},
				"down": {"uv": [0, 0, 3, 10], "texture": "#3"}
			}
		},
		{
			"from": [-1, -1, 28],
			"to": [18, 9, 31],
			"shade": false,
			"faces": {
				"north": {"uv": [0, 0, 16, 10], "texture": "#3"},
				"east": {"uv": [0, 0, 3, 10], "texture": "#3"},
				"south": {"uv": [0, 0, 16, 10], "texture": "#3"},
				"west": {"uv": [0, 0, 3, 10], "texture": "#3"},
				"up": {"uv": [0, 0, 16, 3], "texture": "#3"},
				"down": {"uv": [0, 0, 16, 3], "texture": "#3"}
			}
		},
		{
			"from": [-3, -1, 31],
			"to": [20, 1, 32],
			"faces": {
				"north": {"uv": [0, 0, 16, 2], "texture": "#1"},
				"east": {"uv": [0, 0, 1, 2], "texture": "#1"},
				"south": {"uv": [0, 0, 16, 2], "texture": "#1"},
				"west": {"uv": [0, 0, 1, 2], "texture": "#1"},
				"up": {"uv": [0, 0, 16, 1], "texture": "#1"},
				"down": {"uv": [0, 0, 16, 1], "texture": "#1"}
			}
		},
		{
			"from": [-1.75, 6, 30],
			"to": [3.5, 8, 31.5],
			"faces": {
				"north": {"uv": [0, 0, 15.249, 15.999], "texture": "#4"},
				"east": {"uv": [0, 0, 15.249, 15.999], "texture": "#4"},
				"south": {"uv": [0, 0, 15.249, 15.999], "texture": "#4"},
				"west": {"uv": [0, 0, 15.249, 15.999], "texture": "#4"},
				"up": {"uv": [0, 0, 15.249, 15.999], "texture": "#4"},
				"down": {"uv": [0, 0, 15.249, 15.999], "texture": "#4"}
			}
		},
		{
			"from": [-1.75, 5, 31],
			"to": [3.5, 6, 31.5],
			"faces": {
				"north": {"uv": [0, 0, 15.249, 15.999], "texture": "#4"},
				"east": {"uv": [0, 0, 15.249, 15.999], "texture": "#4"},
				"south": {"uv": [0, 0, 15.249, 15.999], "texture": "#11"},
				"west": {"uv": [0, 0, 15.249, 15.999], "texture": "#4"},
				"up": {"uv": [0, 0, 15.249, 15.999], "texture": "#4"},
				"down": {"uv": [0, 0, 15.249, 15.999], "texture": "#4"}
			}
		},
		{
			"from": [13.55, 5, 30],
			"to": [18.8, 6, 31.5],
			"faces": {
				"north": {"uv": [0, 0, 15.249, 15.999], "texture": "#4"},
				"east": {"uv": [0, 0, 15.249, 15.999], "texture": "#4"},
				"south": {"uv": [0, 0, 15.249, 15.999], "texture": "#11"},
				"west": {"uv": [0, 0, 15.249, 15.999], "texture": "#4"},
				"up": {"uv": [0, 0, 15.249, 15.999], "texture": "#4"},
				"down": {"uv": [0, 0, 15.249, 15.999], "texture": "#4"}
			}
		},
		{
			"from": [13.5, 6, 30],
			"to": [18.75, 8, 31.5],
			"faces": {
				"north": {"uv": [0, 0, 15.249, 15.999], "texture": "#4"},
				"east": {"uv": [0, 0, 15.249, 15.999], "texture": "#4"},
				"south": {"uv": [0, 0, 15.249, 15.999], "texture": "#4"},
				"west": {"uv": [0, 0, 15.249, 15.999], "texture": "#4"},
				"up": {"uv": [0, 0, 15.249, 15.999], "texture": "#4"},
				"down": {"uv": [0, 0, 15.249, 15.999], "texture": "#4"}
			}
		},
		{
			"from": [16, 5, -13],
			"to": [19, 8, -11],
			"faces": {
				"north": {"uv": [0, 0, 16, 16], "texture": "#10"},
				"east": {"uv": [0, 0, 2, 3], "texture": "#3"},
				"south": {"uv": [0, 0, 3, 3], "texture": "#3"},
				"west": {"uv": [0, 0, 2, 3], "texture": "#3"},
				"up": {"uv": [0, 0, 3, 2], "texture": "#3"},
				"down": {"uv": [0, 0, 3, 2], "texture": "#5"}
			}
		},
		{
			"from": [-1, 5, -13],
			"to": [2, 8, -11],
			"faces": {
				"north": {"uv": [0, 0, 16, 16], "texture": "#10"},
				"east": {"uv": [0, 0, 2, 3], "texture": "#3"},
				"south": {"uv": [0, 0, 3, 3], "texture": "#3"},
				"west": {"uv": [0, 0, 2, 3], "texture": "#3"},
				"up": {"uv": [0, 0, 3, 2], "texture": "#3"},
				"down": {"uv": [0, 0, 3, 2], "texture": "#5"}
			}
		},
		{
			"from": [-3, 5, -13],
			"to": [-1, 6, -11],
			"faces": {
				"north": {"uv": [0, 0, 16, 16], "texture": "#11"},
				"east": {"uv": [0, 0, 2, 3], "texture": "#5"},
				"south": {"uv": [0, 0, 3, 3], "texture": "#5"},
				"west": {"uv": [0, 0, 2, 3], "texture": "#3"},
				"up": {"uv": [0, 0, 3, 2], "texture": "#3"},
				"down": {"uv": [0, 0, 3, 2], "texture": "#5"}
			}
		},
		{
			"from": [19, 5, -13],
			"to": [21, 6, -11],
			"faces": {
				"north": {"uv": [0, 0, 16, 16], "texture": "#11"},
				"east": {"uv": [0, 0, 2, 3], "texture": "#3"},
				"south": {"uv": [0, 0, 3, 3], "texture": "#5"},
				"west": {"uv": [0, 0, 2, 3], "texture": "#5"},
				"up": {"uv": [0, 0, 3, 2], "texture": "#3"},
				"down": {"uv": [0, 0, 3, 2], "texture": "#5"}
			}
		}
	],
	"display": {
		"thirdperson_righthand": {
			"rotation": [90, 0, 0],
			"translation": [-6.75, 0, 14],
			"scale": [1.2, 1.2, 1.2]
		},
		"thirdperson_lefthand": {
			"rotation": [90, 0, 0],
			"translation": [-5.75, 0.75, 12.5],
			"scale": [1.5, 1.5, 1.5]
		},
		"head": {
			"translation": [-1, -24.75, -4.5],
			"scale": [2, 2, 2]
		}
	}
}