{
	"credit": "Made with Blockbench",
	"textures": {
		"0": "block/coal_block1",
		"7": "block/light_gray_wool1",
		"particle": "block/coal_block1"
	},
	"elements": [
		{
			"from": [-5, -4.82843, 17.17157],
			"to": [0, 0.17157, 20.17157],
			"rotation": {"angle": 0, "axis": "y", "origin": [-5, -2.42843, 22.47157]},
			"faces": {
				"north": {"uv": [0, 0, 5.999, 6.999], "texture": "#0"},
				"east": {"uv": [0, 0, 5.999, 6.999], "texture": "#0"},
				"south": {"uv": [0, 0, 5.999, 6.999], "texture": "#0"},
				"west": {"uv": [0, 0, 5.999, 6.999], "texture": "#0"},
				"up": {"uv": [0, 0, 5.999, 6.999], "texture": "#0"},
				"down": {"uv": [0, 0, 5.999, 6.999], "texture": "#0"}
			}
		},
		{
			"from": [-4.98, -7.87315, 20.42096],
			"to": [-0.01, -4.87315, 24.42096],
			"rotation": {"angle": 45, "axis": "x", "origin": [-5, -2.42843, 22.47157]},
			"faces": {
				"north": {"uv": [0, 0, 5.999, 6.999], "texture": "#0"},
				"east": {"uv": [0, 0, 5.999, 6.999], "texture": "#0"},
				"south": {"uv": [0, 0, 5.999, 6.999], "texture": "#0"},
				"west": {"uv": [0, 0, 5.999, 6.999], "texture": "#0"},
				"up": {"uv": [0, 0, 5.999, 6.999], "texture": "#0"},
				"down": {"uv": [0, 0, 5.999, 6.999], "texture": "#0"}
			}
		},
		{
			"from": [-4.98, -7.91335, 20.56238],
			"to": [-0.01, -4.91335, 24.56238],
			"rotation": {"angle": -45, "axis": "x", "origin": [-5, -2.42843, 22.47157]},
			"faces": {
				"north": {"uv": [0, 0, 5.999, 6.999], "texture": "#0"},
				"east": {"uv": [0, 0, 5.999, 6.999], "texture": "#0"},
				"south": {"uv": [0, 0, 5.999, 6.999], "texture": "#0"},
				"west": {"uv": [0, 0, 5.999, 6.999], "texture": "#0"},
				"up": {"uv": [0, 0, 5.999, 6.999], "texture": "#0"},
				"down": {"uv": [0, 0, 5.999, 6.999], "texture": "#0"}
			}
		},
		{
			"from": [-5, -7.65685, 20],
			"to": [0, -4.65685, 25],
			"rotation": {"angle": 0, "axis": "y", "origin": [-5, -2.42843, 22.47157]},
			"faces": {
				"north": {"uv": [0, 0, 5.999, 6.999], "texture": "#0"},
				"east": {"uv": [0, 0, 5.999, 6.999], "texture": "#0"},
				"south": {"uv": [0, 0, 5.999, 6.999], "texture": "#0"},
				"west": {"uv": [0, 0, 5.999, 6.999], "texture": "#0"},
				"up": {"uv": [0, 0, 5.999, 6.999], "texture": "#0"},
				"down": {"uv": [0, 0, 5.999, 6.999], "texture": "#0"}
			}
		},
		{
			"from": [-4.98, 0.15772, 20.56238],
			"to": [-0.01, 3.15772, 24.56238],
			"rotation": {"angle": -45, "axis": "x", "origin": [-5, -2.42843, 22.47157]},
			"faces": {
				"north": {"uv": [0, 0, 5.999, 6.999], "texture": "#0"},
				"east": {"uv": [0, 0, 5.999, 6.999], "texture": "#0"},
				"south": {"uv": [0, 0, 5.999, 6.999], "texture": "#0"},
				"west": {"uv": [0, 0, 5.999, 6.999], "texture": "#0"},
				"up": {"uv": [0, 0, 5.999, 6.999], "texture": "#0"},
				"down": {"uv": [0, 0, 5.999, 6.999], "texture": "#0"}
			}
		},
		{
			"from": [-5, -4.82843, 24.82843],
			"to": [0, 0.17157, 27.82843],
			"rotation": {"angle": 0, "axis": "y", "origin": [-5, -2.42843, 22.47157]},
			"faces": {
				"north": {"uv": [0, 0, 5.999, 6.999], "texture": "#0"},
				"east": {"uv": [0, 0, 5.999, 6.999], "texture": "#0"},
				"south": {"uv": [0, 0, 5.999, 6.999], "texture": "#0"},
				"west": {"uv": [0, 0, 5.999, 6.999], "texture": "#0"},
				"up": {"uv": [0, 0, 5.999, 6.999], "texture": "#0"},
				"down": {"uv": [0, 0, 5.999, 6.999], "texture": "#0"}
			}
		},
		{
			"from": [-4.98, 0.19792, 20.42096],
			"to": [-0.01, 3.19792, 24.42096],
			"rotation": {"angle": 45, "axis": "x", "origin": [-5, -2.42843, 22.47157]},
			"faces": {
				"north": {"uv": [0, 0, 5.999, 6.999], "texture": "#0"},
				"east": {"uv": [0, 0, 5.999, 6.999], "texture": "#0"},
				"south": {"uv": [0, 0, 5.999, 6.999], "texture": "#0"},
				"west": {"uv": [0, 0, 5.999, 6.999], "texture": "#0"},
				"up": {"uv": [0, 0, 5.999, 6.999], "texture": "#0"},
				"down": {"uv": [0, 0, 5.999, 6.999], "texture": "#0"}
			}
		},
		{
			"from": [-5, 0, 20],
			"to": [0, 3, 25],
			"rotation": {"angle": 0, "axis": "y", "origin": [-5, -2.42843, 22.47157]},
			"faces": {
				"north": {"uv": [0, 0, 5.999, 6.999], "texture": "#0"},
				"east": {"uv": [0, 0, 5.999, 6.999], "texture": "#0"},
				"south": {"uv": [0, 0, 5.999, 6.999], "texture": "#0"},
				"west": {"uv": [0, 0, 5.999, 6.999], "texture": "#0"},
				"up": {"uv": [0, 0, 5.999, 6.999], "texture": "#0"},
				"down": {"uv": [0, 0, 5.999, 6.999], "texture": "#0"}
			}
		},
		{
			"from": [-4.75, -4, 21],
			"to": [-0.225, -1, 24],
			"rotation": {"angle": 0, "axis": "y", "origin": [-5, -2.42843, 22.47157]},
			"faces": {
				"north": {"uv": [0, 0, 4.5, 3], "texture": "#7"},
				"east": {"uv": [0, 0, 3, 3], "texture": "#7"},
				"south": {"uv": [0, 0, 4.5, 3], "texture": "#7"},
				"west": {"uv": [3, 3, 6, 6], "texture": "#7"},
				"up": {"uv": [0, 0, 4.5, 3], "texture": "#7"},
				"down": {"uv": [0, 0, 4.5, 3], "texture": "#7"}
			}
		},
		{
			"from": [-4.5, -3, 20],
			"to": [-0.25, -2, 25],
			"rotation": {"angle": 0, "axis": "y", "origin": [-5, -2.42843, 22.47157]},
			"faces": {
				"north": {"uv": [0, 0, 4.25, 1], "texture": "#7"},
				"east": {"uv": [0, 0, 5, 1], "texture": "#7"},
				"south": {"uv": [0, 0, 4.25, 1], "texture": "#7"},
				"west": {"uv": [0, 0, 5, 1], "texture": "#7"},
				"up": {"uv": [0, 0, 4.25, 5], "texture": "#7"},
				"down": {"uv": [0, 0, 4.25, 5], "texture": "#7"}
			}
		},
		{
			"from": [-4.5, -3.02355, 19.67401],
			"to": [-0.25, -2.02355, 25.67401],
			"rotation": {"angle": -45, "axis": "x", "origin": [-5, -2.42843, 22.47157]},
			"faces": {
				"north": {"uv": [0, 0, 4.25, 1], "texture": "#7"},
				"east": {"uv": [0, 0, 6, 1], "texture": "#7"},
				"south": {"uv": [0, 0, 4.25, 1], "texture": "#7"},
				"west": {"uv": [0, 0, 6, 1], "texture": "#7"},
				"up": {"uv": [0, 0, 4.25, 6], "texture": "#7"},
				"down": {"uv": [0, 0, 4.25, 6], "texture": "#7"}
			}
		},
		{
			"from": [-4.5, -3.06554, 18.85599],
			"to": [-0.25, -2.06554, 24.85599],
			"rotation": {"angle": 45, "axis": "x", "origin": [-5, -2.42843, 22.47157]},
			"faces": {
				"north": {"uv": [0, 1, 4.25, 2], "texture": "#7"},
				"east": {"uv": [0, 1, 6, 2], "texture": "#7"},
				"south": {"uv": [0, 1, 4.25, 2], "texture": "#7"},
				"west": {"uv": [0, 1, 6, 2], "texture": "#7"},
				"up": {"uv": [0, 5, 4.25, 11], "texture": "#7"},
				"down": {"uv": [0, 5, 4.25, 11], "texture": "#7"}
			}
		},
		{
			"from": [-4.5, -6, 22],
			"to": [-0.5, 0, 23],
			"rotation": {"angle": 0, "axis": "x", "origin": [-5, -2.42843, 22.47157]},
			"faces": {
				"north": {"uv": [0, 0, 4, 6], "rotation": 180, "texture": "#7"},
				"east": {"uv": [0, 0, 6, 1], "rotation": 270, "texture": "#7"},
				"south": {"uv": [0, 0, 4, 6], "texture": "#7"},
				"west": {"uv": [0, 0, 6, 1], "rotation": 90, "texture": "#7"},
				"up": {"uv": [0, 0, 4, 1], "rotation": 180, "texture": "#7"},
				"down": {"uv": [0, 0, 4, 1], "texture": "#7"}
			}
		},
		{
			"from": [-5, -4.82843, -10.82843],
			"to": [0, 0.17157, -7.82843],
			"rotation": {"angle": 0, "axis": "y", "origin": [-5, -2.42843, -5.52843]},
			"faces": {
				"north": {"uv": [0, 0, 5.999, 6.999], "texture": "#0"},
				"east": {"uv": [0, 0, 5.999, 6.999], "texture": "#0"},
				"south": {"uv": [0, 0, 5.999, 6.999], "texture": "#0"},
				"west": {"uv": [0, 0, 5.999, 6.999], "texture": "#0"},
				"up": {"uv": [0, 0, 5.999, 6.999], "texture": "#0"},
				"down": {"uv": [0, 0, 5.999, 6.999], "texture": "#0"}
			}
		},
		{
			"from": [-4.98, -7.87315, -7.57904],
			"to": [-0.01, -4.87315, -3.57904],
			"rotation": {"angle": 45, "axis": "x", "origin": [-5, -2.42843, -5.52843]},
			"faces": {
				"north": {"uv": [0, 0, 5.999, 6.999], "texture": "#0"},
				"east": {"uv": [0, 0, 5.999, 6.999], "texture": "#0"},
				"south": {"uv": [0, 0, 5.999, 6.999], "texture": "#0"},
				"west": {"uv": [0, 0, 5.999, 6.999], "texture": "#0"},
				"up": {"uv": [0, 0, 5.999, 6.999], "texture": "#0"},
				"down": {"uv": [0, 0, 5.999, 6.999], "texture": "#0"}
			}
		},
		{
			"from": [-4.98, -7.91335, -7.43762],
			"to": [-0.01, -4.91335, -3.43762],
			"rotation": {"angle": -45, "axis": "x", "origin": [-5, -2.42843, -5.52843]},
			"faces": {
				"north": {"uv": [0, 0, 5.999, 6.999], "texture": "#0"},
				"east": {"uv": [0, 0, 5.999, 6.999], "texture": "#0"},
				"south": {"uv": [0, 0, 5.999, 6.999], "texture": "#0"},
				"west": {"uv": [0, 0, 5.999, 6.999], "texture": "#0"},
				"up": {"uv": [0, 0, 5.999, 6.999], "texture": "#0"},
				"down": {"uv": [0, 0, 5.999, 6.999], "texture": "#0"}
			}
		},
		{
			"from": [-5, -7.65685, -8],
			"to": [0, -4.65685, -3],
			"rotation": {"angle": 0, "axis": "y", "origin": [-5, -2.42843, -5.52843]},
			"faces": {
				"north": {"uv": [0, 0, 5.999, 6.999], "texture": "#0"},
				"east": {"uv": [0, 0, 5.999, 6.999], "texture": "#0"},
				"south": {"uv": [0, 0, 5.999, 6.999], "texture": "#0"},
				"west": {"uv": [0, 0, 5.999, 6.999], "texture": "#0"},
				"up": {"uv": [0, 0, 5.999, 6.999], "texture": "#0"},
				"down": {"uv": [0, 0, 5.999, 6.999], "texture": "#0"}
			}
		},
		{
			"from": [-4.98, 0.15772, -7.43762],
			"to": [-0.01, 3.15772, -3.43762],
			"rotation": {"angle": -45, "axis": "x", "origin": [-5, -2.42843, -5.52843]},
			"faces": {
				"north": {"uv": [0, 0, 5.999, 6.999], "texture": "#0"},
				"east": {"uv": [0, 0, 5.999, 6.999], "texture": "#0"},
				"south": {"uv": [0, 0, 5.999, 6.999], "texture": "#0"},
				"west": {"uv": [0, 0, 5.999, 6.999], "texture": "#0"},
				"up": {"uv": [0, 0, 5.999, 6.999], "texture": "#0"},
				"down": {"uv": [0, 0, 5.999, 6.999], "texture": "#0"}
			}
		},
		{
			"from": [-5, -4.82843, -3.17157],
			"to": [0, 0.17157, -0.17157],
			"rotation": {"angle": 0, "axis": "y", "origin": [-5, -2.42843, -5.52843]},
			"faces": {
				"north": {"uv": [0, 0, 5.999, 6.999], "texture": "#0"},
				"east": {"uv": [0, 0, 5.999, 6.999], "texture": "#0"},
				"south": {"uv": [0, 0, 5.999, 6.999], "texture": "#0"},
				"west": {"uv": [0, 0, 5.999, 6.999], "texture": "#0"},
				"up": {"uv": [0, 0, 5.999, 6.999], "texture": "#0"},
				"down": {"uv": [0, 0, 5.999, 6.999], "texture": "#0"}
			}
		},
		{
			"from": [-4.98, 0.19792, -7.57904],
			"to": [-0.01, 3.19792, -3.57904],
			"rotation": {"angle": 45, "axis": "x", "origin": [-5, -2.42843, -5.52843]},
			"faces": {
				"north": {"uv": [0, 0, 5.999, 6.999], "texture": "#0"},
				"east": {"uv": [0, 0, 5.999, 6.999], "texture": "#0"},
				"south": {"uv": [0, 0, 5.999, 6.999], "texture": "#0"},
				"west": {"uv": [0, 0, 5.999, 6.999], "texture": "#0"},
				"up": {"uv": [0, 0, 5.999, 6.999], "texture": "#0"},
				"down": {"uv": [0, 0, 5.999, 6.999], "texture": "#0"}
			}
		},
		{
			"from": [-5, 0, -8],
			"to": [0, 3, -3],
			"rotation": {"angle": 0, "axis": "y", "origin": [-5, -2.42843, -5.52843]},
			"faces": {
				"north": {"uv": [0, 0, 5.999, 6.999], "texture": "#0"},
				"east": {"uv": [0, 0, 5.999, 6.999], "texture": "#0"},
				"south": {"uv": [0, 0, 5.999, 6.999], "texture": "#0"},
				"west": {"uv": [0, 0, 5.999, 6.999], "texture": "#0"},
				"up": {"uv": [0, 0, 5.999, 6.999], "texture": "#0"},
				"down": {"uv": [0, 0, 5.999, 6.999], "texture": "#0"}
			}
		},
		{
			"from": [-4.75, -4, -7],
			"to": [-0.225, -1, -4],
			"rotation": {"angle": 0, "axis": "y", "origin": [-5, -2.42843, -5.52843]},
			"faces": {
				"north": {"uv": [0, 0, 4.5, 3], "texture": "#7"},
				"east": {"uv": [0, 0, 3, 3], "texture": "#7"},
				"south": {"uv": [0, 0, 4.5, 3], "texture": "#7"},
				"west": {"uv": [3, 3, 6, 6], "texture": "#7"},
				"up": {"uv": [0, 0, 4.5, 3], "texture": "#7"},
				"down": {"uv": [0, 0, 4.5, 3], "texture": "#7"}
			}
		},
		{
			"from": [-4.5, -3, -8],
			"to": [-0.25, -2, -3],
			"rotation": {"angle": 0, "axis": "y", "origin": [-5, -2.42843, -5.52843]},
			"faces": {
				"north": {"uv": [0, 0, 4.25, 1], "texture": "#7"},
				"east": {"uv": [0, 0, 5, 1], "texture": "#7"},
				"south": {"uv": [0, 0, 4.25, 1], "texture": "#7"},
				"west": {"uv": [0, 0, 5, 1], "texture": "#7"},
				"up": {"uv": [0, 0, 4.25, 5], "texture": "#7"},
				"down": {"uv": [0, 0, 4.25, 5], "texture": "#7"}
			}
		},
		{
			"from": [-4.5, -3.02355, -8.32599],
			"to": [-0.25, -2.02355, -2.32599],
			"rotation": {"angle": -45, "axis": "x", "origin": [-5, -2.42843, -5.52843]},
			"faces": {
				"north": {"uv": [0, 0, 4.25, 1], "texture": "#7"},
				"east": {"uv": [0, 0, 6, 1], "texture": "#7"},
				"south": {"uv": [0, 0, 4.25, 1], "texture": "#7"},
				"west": {"uv": [0, 0, 6, 1], "texture": "#7"},
				"up": {"uv": [0, 0, 4.25, 6], "texture": "#7"},
				"down": {"uv": [0, 0, 4.25, 6], "texture": "#7"}
			}
		},
		{
			"from": [-4.5, -3.06554, -9.14401],
			"to": [-0.25, -2.06554, -3.14401],
			"rotation": {"angle": 45, "axis": "x", "origin": [-5, -2.42843, -5.52843]},
			"faces": {
				"north": {"uv": [0, 1, 4.25, 2], "texture": "#7"},
				"east": {"uv": [0, 1, 6, 2], "texture": "#7"},
				"south": {"uv": [0, 1, 4.25, 2], "texture": "#7"},
				"west": {"uv": [0, 1, 6, 2], "texture": "#7"},
				"up": {"uv": [0, 5, 4.25, 11], "texture": "#7"},
				"down": {"uv": [0, 5, 4.25, 11], "texture": "#7"}
			}
		},
		{
			"from": [-4.5, -6, -6],
			"to": [-0.5, 0, -5],
			"rotation": {"angle": 0, "axis": "x", "origin": [-5, -2.42843, -5.52843]},
			"faces": {
				"north": {"uv": [0, 0, 4, 6], "rotation": 180, "texture": "#7"},
				"east": {"uv": [0, 0, 6, 1], "rotation": 270, "texture": "#7"},
				"south": {"uv": [0, 0, 4, 6], "texture": "#7"},
				"west": {"uv": [0, 0, 6, 1], "rotation": 90, "texture": "#7"},
				"up": {"uv": [0, 0, 4, 1], "rotation": 180, "texture": "#7"},
				"down": {"uv": [0, 0, 4, 1], "texture": "#7"}
			}
		},
		{
			"from": [16, -4.82843, 17.17157],
			"to": [21, 0.17157, 20.17157],
			"rotation": {"angle": 0, "axis": "y", "origin": [21, -2.42843, 22.47157]},
			"faces": {
				"north": {"uv": [5.999, 0, 0, 6.999], "texture": "#0"},
				"east": {"uv": [5.999, 0, 0, 6.999], "texture": "#0"},
				"south": {"uv": [5.999, 0, 0, 6.999], "texture": "#0"},
				"west": {"uv": [5.999, 0, 0, 6.999], "texture": "#0"},
				"up": {"uv": [5.999, 0, 0, 6.999], "texture": "#0"},
				"down": {"uv": [5.999, 0, 0, 6.999], "texture": "#0"}
			}
		},
		{
			"from": [16.01, -7.87315, 20.42096],
			"to": [20.98, -4.87315, 24.42096],
			"rotation": {"angle": 45, "axis": "x", "origin": [21, -2.42843, 22.47157]},
			"faces": {
				"north": {"uv": [5.999, 0, 0, 6.999], "texture": "#0"},
				"east": {"uv": [5.999, 0, 0, 6.999], "texture": "#0"},
				"south": {"uv": [5.999, 0, 0, 6.999], "texture": "#0"},
				"west": {"uv": [5.999, 0, 0, 6.999], "texture": "#0"},
				"up": {"uv": [5.999, 0, 0, 6.999], "texture": "#0"},
				"down": {"uv": [5.999, 0, 0, 6.999], "texture": "#0"}
			}
		},
		{
			"from": [16.01, -7.91335, 20.56238],
			"to": [20.98, -4.91335, 24.56238],
			"rotation": {"angle": -45, "axis": "x", "origin": [21, -2.42843, 22.47157]},
			"faces": {
				"north": {"uv": [5.999, 0, 0, 6.999], "texture": "#0"},
				"east": {"uv": [5.999, 0, 0, 6.999], "texture": "#0"},
				"south": {"uv": [5.999, 0, 0, 6.999], "texture": "#0"},
				"west": {"uv": [5.999, 0, 0, 6.999], "texture": "#0"},
				"up": {"uv": [5.999, 0, 0, 6.999], "texture": "#0"},
				"down": {"uv": [5.999, 0, 0, 6.999], "texture": "#0"}
			}
		},
		{
			"from": [16, -7.65685, 20],
			"to": [21, -4.65685, 25],
			"rotation": {"angle": 0, "axis": "y", "origin": [21, -2.42843, 22.47157]},
			"faces": {
				"north": {"uv": [5.999, 0, 0, 6.999], "texture": "#0"},
				"east": {"uv": [5.999, 0, 0, 6.999], "texture": "#0"},
				"south": {"uv": [5.999, 0, 0, 6.999], "texture": "#0"},
				"west": {"uv": [5.999, 0, 0, 6.999], "texture": "#0"},
				"up": {"uv": [5.999, 0, 0, 6.999], "texture": "#0"},
				"down": {"uv": [5.999, 0, 0, 6.999], "texture": "#0"}
			}
		},
		{
			"from": [16.01, 0.15772, 20.56238],
			"to": [20.98, 3.15772, 24.56238],
			"rotation": {"angle": -45, "axis": "x", "origin": [21, -2.42843, 22.47157]},
			"faces": {
				"north": {"uv": [5.999, 0, 0, 6.999], "texture": "#0"},
				"east": {"uv": [5.999, 0, 0, 6.999], "texture": "#0"},
				"south": {"uv": [5.999, 0, 0, 6.999], "texture": "#0"},
				"west": {"uv": [5.999, 0, 0, 6.999], "texture": "#0"},
				"up": {"uv": [5.999, 0, 0, 6.999], "texture": "#0"},
				"down": {"uv": [5.999, 0, 0, 6.999], "texture": "#0"}
			}
		},
		{
			"from": [16, -4.82843, 24.82843],
			"to": [21, 0.17157, 27.82843],
			"rotation": {"angle": 0, "axis": "y", "origin": [21, -2.42843, 22.47157]},
			"faces": {
				"north": {"uv": [5.999, 0, 0, 6.999], "texture": "#0"},
				"east": {"uv": [5.999, 0, 0, 6.999], "texture": "#0"},
				"south": {"uv": [5.999, 0, 0, 6.999], "texture": "#0"},
				"west": {"uv": [5.999, 0, 0, 6.999], "texture": "#0"},
				"up": {"uv": [5.999, 0, 0, 6.999], "texture": "#0"},
				"down": {"uv": [5.999, 0, 0, 6.999], "texture": "#0"}
			}
		},
		{
			"from": [16.01, 0.19792, 20.42096],
			"to": [20.98, 3.19792, 24.42096],
			"rotation": {"angle": 45, "axis": "x", "origin": [21, -2.42843, 22.47157]},
			"faces": {
				"north": {"uv": [5.999, 0, 0, 6.999], "texture": "#0"},
				"east": {"uv": [5.999, 0, 0, 6.999], "texture": "#0"},
				"south": {"uv": [5.999, 0, 0, 6.999], "texture": "#0"},
				"west": {"uv": [5.999, 0, 0, 6.999], "texture": "#0"},
				"up": {"uv": [5.999, 0, 0, 6.999], "texture": "#0"},
				"down": {"uv": [5.999, 0, 0, 6.999], "texture": "#0"}
			}
		},
		{
			"from": [16, 0, 20],
			"to": [21, 3, 25],
			"rotation": {"angle": 0, "axis": "y", "origin": [21, -2.42843, 22.47157]},
			"faces": {
				"north": {"uv": [5.999, 0, 0, 6.999], "texture": "#0"},
				"east": {"uv": [5.999, 0, 0, 6.999], "texture": "#0"},
				"south": {"uv": [5.999, 0, 0, 6.999], "texture": "#0"},
				"west": {"uv": [5.999, 0, 0, 6.999], "texture": "#0"},
				"up": {"uv": [5.999, 0, 0, 6.999], "texture": "#0"},
				"down": {"uv": [5.999, 0, 0, 6.999], "texture": "#0"}
			}
		},
		{
			"from": [16.175, -4, 21],
			"to": [20.75, -1, 24],
			"rotation": {"angle": 0, "axis": "y", "origin": [21, -2.42843, 22.47157]},
			"faces": {
				"north": {"uv": [4.5, 0, 0, 3], "texture": "#7"},
				"east": {"uv": [6, 3, 3, 6], "texture": "#7"},
				"south": {"uv": [4.5, 0, 0, 3], "texture": "#7"},
				"west": {"uv": [3, 0, 0, 3], "texture": "#7"},
				"up": {"uv": [4.5, 0, 0, 3], "texture": "#7"},
				"down": {"uv": [4.5, 0, 0, 3], "texture": "#7"}
			}
		},
		{
			"from": [16.25, -3, 20],
			"to": [20.5, -2, 25],
			"rotation": {"angle": 0, "axis": "y", "origin": [21, -2.42843, 22.47157]},
			"faces": {
				"north": {"uv": [4.25, 0, 0, 1], "texture": "#7"},
				"east": {"uv": [5, 0, 0, 1], "texture": "#7"},
				"south": {"uv": [4.25, 0, 0, 1], "texture": "#7"},
				"west": {"uv": [5, 0, 0, 1], "texture": "#7"},
				"up": {"uv": [4.25, 0, 0, 5], "texture": "#7"},
				"down": {"uv": [4.25, 0, 0, 5], "texture": "#7"}
			}
		},
		{
			"from": [16.25, -3.02355, 19.67401],
			"to": [20.5, -2.02355, 25.67401],
			"rotation": {"angle": -45, "axis": "x", "origin": [21, -2.42843, 22.47157]},
			"faces": {
				"north": {"uv": [4.25, 0, 0, 1], "texture": "#7"},
				"east": {"uv": [6, 0, 0, 1], "texture": "#7"},
				"south": {"uv": [4.25, 0, 0, 1], "texture": "#7"},
				"west": {"uv": [6, 0, 0, 1], "texture": "#7"},
				"up": {"uv": [4.25, 0, 0, 6], "texture": "#7"},
				"down": {"uv": [4.25, 0, 0, 6], "texture": "#7"}
			}
		},
		{
			"from": [16.25, -3.06554, 18.85599],
			"to": [20.5, -2.06554, 24.85599],
			"rotation": {"angle": 45, "axis": "x", "origin": [21, -2.42843, 22.47157]},
			"faces": {
				"north": {"uv": [4.25, 1, 0, 2], "texture": "#7"},
				"east": {"uv": [6, 1, 0, 2], "texture": "#7"},
				"south": {"uv": [4.25, 1, 0, 2], "texture": "#7"},
				"west": {"uv": [6, 1, 0, 2], "texture": "#7"},
				"up": {"uv": [4.25, 5, 0, 11], "texture": "#7"},
				"down": {"uv": [4.25, 5, 0, 11], "texture": "#7"}
			}
		},
		{
			"from": [16.5, -6, 22],
			"to": [20.5, 0, 23],
			"rotation": {"angle": 0, "axis": "x", "origin": [21, -2.42843, 22.47157]},
			"faces": {
				"north": {"uv": [4, 0, 0, 6], "rotation": 180, "texture": "#7"},
				"east": {"uv": [0, 1, 6, 0], "rotation": 90, "texture": "#7"},
				"south": {"uv": [4, 0, 0, 6], "texture": "#7"},
				"west": {"uv": [0, 1, 6, 0], "rotation": 270, "texture": "#7"},
				"up": {"uv": [4, 0, 0, 1], "rotation": 180, "texture": "#7"},
				"down": {"uv": [4, 0, 0, 1], "texture": "#7"}
			}
		},
		{
			"from": [16, -4.82843, -10.82843],
			"to": [21, 0.17157, -7.82843],
			"rotation": {"angle": 0, "axis": "y", "origin": [21, -2.42843, -5.52843]},
			"faces": {
				"north": {"uv": [5.999, 0, 0, 6.999], "texture": "#0"},
				"east": {"uv": [5.999, 0, 0, 6.999], "texture": "#0"},
				"south": {"uv": [5.999, 0, 0, 6.999], "texture": "#0"},
				"west": {"uv": [5.999, 0, 0, 6.999], "texture": "#0"},
				"up": {"uv": [5.999, 0, 0, 6.999], "texture": "#0"},
				"down": {"uv": [5.999, 0, 0, 6.999], "texture": "#0"}
			}
		},
		{
			"from": [16.01, -7.87315, -7.57904],
			"to": [20.98, -4.87315, -3.57904],
			"rotation": {"angle": 45, "axis": "x", "origin": [21, -2.42843, -5.52843]},
			"faces": {
				"north": {"uv": [5.999, 0, 0, 6.999], "texture": "#0"},
				"east": {"uv": [5.999, 0, 0, 6.999], "texture": "#0"},
				"south": {"uv": [5.999, 0, 0, 6.999], "texture": "#0"},
				"west": {"uv": [5.999, 0, 0, 6.999], "texture": "#0"},
				"up": {"uv": [5.999, 0, 0, 6.999], "texture": "#0"},
				"down": {"uv": [5.999, 0, 0, 6.999], "texture": "#0"}
			}
		},
		{
			"from": [16.01, -7.91335, -7.43762],
			"to": [20.98, -4.91335, -3.43762],
			"rotation": {"angle": -45, "axis": "x", "origin": [21, -2.42843, -5.52843]},
			"faces": {
				"north": {"uv": [5.999, 0, 0, 6.999], "texture": "#0"},
				"east": {"uv": [5.999, 0, 0, 6.999], "texture": "#0"},
				"south": {"uv": [5.999, 0, 0, 6.999], "texture": "#0"},
				"west": {"uv": [5.999, 0, 0, 6.999], "texture": "#0"},
				"up": {"uv": [5.999, 0, 0, 6.999], "texture": "#0"},
				"down": {"uv": [5.999, 0, 0, 6.999], "texture": "#0"}
			}
		},
		{
			"from": [16, -7.65685, -8],
			"to": [21, -4.65685, -3],
			"rotation": {"angle": 0, "axis": "y", "origin": [21, -2.42843, -5.52843]},
			"faces": {
				"north": {"uv": [5.999, 0, 0, 6.999], "texture": "#0"},
				"east": {"uv": [5.999, 0, 0, 6.999], "texture": "#0"},
				"south": {"uv": [5.999, 0, 0, 6.999], "texture": "#0"},
				"west": {"uv": [5.999, 0, 0, 6.999], "texture": "#0"},
				"up": {"uv": [5.999, 0, 0, 6.999], "texture": "#0"},
				"down": {"uv": [5.999, 0, 0, 6.999], "texture": "#0"}
			}
		},
		{
			"from": [16.01, 0.15772, -7.43762],
			"to": [20.98, 3.15772, -3.43762],
			"rotation": {"angle": -45, "axis": "x", "origin": [21, -2.42843, -5.52843]},
			"faces": {
				"north": {"uv": [5.999, 0, 0, 6.999], "texture": "#0"},
				"east": {"uv": [5.999, 0, 0, 6.999], "texture": "#0"},
				"south": {"uv": [5.999, 0, 0, 6.999], "texture": "#0"},
				"west": {"uv": [5.999, 0, 0, 6.999], "texture": "#0"},
				"up": {"uv": [5.999, 0, 0, 6.999], "texture": "#0"},
				"down": {"uv": [5.999, 0, 0, 6.999], "texture": "#0"}
			}
		},
		{
			"from": [16, -4.82843, -3.17157],
			"to": [21, 0.17157, -0.17157],
			"rotation": {"angle": 0, "axis": "y", "origin": [21, -2.42843, -5.52843]},
			"faces": {
				"north": {"uv": [5.999, 0, 0, 6.999], "texture": "#0"},
				"east": {"uv": [5.999, 0, 0, 6.999], "texture": "#0"},
				"south": {"uv": [5.999, 0, 0, 6.999], "texture": "#0"},
				"west": {"uv": [5.999, 0, 0, 6.999], "texture": "#0"},
				"up": {"uv": [5.999, 0, 0, 6.999], "texture": "#0"},
				"down": {"uv": [5.999, 0, 0, 6.999], "texture": "#0"}
			}
		},
		{
			"from": [16.01, 0.19792, -7.57904],
			"to": [20.98, 3.19792, -3.57904],
			"rotation": {"angle": 45, "axis": "x", "origin": [21, -2.42843, -5.52843]},
			"faces": {
				"north": {"uv": [5.999, 0, 0, 6.999], "texture": "#0"},
				"east": {"uv": [5.999, 0, 0, 6.999], "texture": "#0"},
				"south": {"uv": [5.999, 0, 0, 6.999], "texture": "#0"},
				"west": {"uv": [5.999, 0, 0, 6.999], "texture": "#0"},
				"up": {"uv": [5.999, 0, 0, 6.999], "texture": "#0"},
				"down": {"uv": [5.999, 0, 0, 6.999], "texture": "#0"}
			}
		},
		{
			"from": [16, 0, -8],
			"to": [21, 3, -3],
			"rotation": {"angle": 0, "axis": "y", "origin": [21, -2.42843, -5.52843]},
			"faces": {
				"north": {"uv": [5.999, 0, 0, 6.999], "texture": "#0"},
				"east": {"uv": [5.999, 0, 0, 6.999], "texture": "#0"},
				"south": {"uv": [5.999, 0, 0, 6.999], "texture": "#0"},
				"west": {"uv": [5.999, 0, 0, 6.999], "texture": "#0"},
				"up": {"uv": [5.999, 0, 0, 6.999], "texture": "#0"},
				"down": {"uv": [5.999, 0, 0, 6.999], "texture": "#0"}
			}
		},
		{
			"from": [16.225, -4, -7],
			"to": [20.75, -1, -4],
			"rotation": {"angle": 0, "axis": "y", "origin": [21, -2.42843, -5.52843]},
			"faces": {
				"north": {"uv": [4.5, 0, 0, 3], "texture": "#7"},
				"east": {"uv": [6, 3, 3, 6], "texture": "#7"},
				"south": {"uv": [4.5, 0, 0, 3], "texture": "#7"},
				"west": {"uv": [3, 0, 0, 3], "texture": "#7"},
				"up": {"uv": [4.5, 0, 0, 3], "texture": "#7"},
				"down": {"uv": [4.5, 0, 0, 3], "texture": "#7"}
			}
		},
		{
			"from": [16.25, -3, -8],
			"to": [20.5, -2, -3],
			"rotation": {"angle": 0, "axis": "y", "origin": [21, -2.42843, -5.52843]},
			"faces": {
				"north": {"uv": [4.25, 0, 0, 1], "texture": "#7"},
				"east": {"uv": [5, 0, 0, 1], "texture": "#7"},
				"south": {"uv": [4.25, 0, 0, 1], "texture": "#7"},
				"west": {"uv": [5, 0, 0, 1], "texture": "#7"},
				"up": {"uv": [4.25, 0, 0, 5], "texture": "#7"},
				"down": {"uv": [4.25, 0, 0, 5], "texture": "#7"}
			}
		},
		{
			"from": [16.25, -3.02355, -8.32599],
			"to": [20.5, -2.02355, -2.32599],
			"rotation": {"angle": -45, "axis": "x", "origin": [21, -2.42843, -5.52843]},
			"faces": {
				"north": {"uv": [4.25, 0, 0, 1], "texture": "#7"},
				"east": {"uv": [6, 0, 0, 1], "texture": "#7"},
				"south": {"uv": [4.25, 0, 0, 1], "texture": "#7"},
				"west": {"uv": [6, 0, 0, 1], "texture": "#7"},
				"up": {"uv": [4.25, 0, 0, 6], "texture": "#7"},
				"down": {"uv": [4.25, 0, 0, 6], "texture": "#7"}
			}
		},
		{
			"from": [16.25, -3.06554, -9.14401],
			"to": [20.5, -2.06554, -3.14401],
			"rotation": {"angle": 45, "axis": "x", "origin": [21, -2.42843, -5.52843]},
			"faces": {
				"north": {"uv": [4.25, 1, 0, 2], "texture": "#7"},
				"east": {"uv": [6, 1, 0, 2], "texture": "#7"},
				"south": {"uv": [4.25, 1, 0, 2], "texture": "#7"},
				"west": {"uv": [6, 1, 0, 2], "texture": "#7"},
				"up": {"uv": [4.25, 5, 0, 11], "texture": "#7"},
				"down": {"uv": [4.25, 5, 0, 11], "texture": "#7"}
			}
		},
		{
			"from": [16.5, -6, -6],
			"to": [20.5, 0, -5],
			"rotation": {"angle": 0, "axis": "x", "origin": [21, -2.42843, -5.52843]},
			"faces": {
				"north": {"uv": [4, 0, 0, 6], "rotation": 180, "texture": "#7"},
				"east": {"uv": [0, 1, 6, 0], "rotation": 90, "texture": "#7"},
				"south": {"uv": [4, 0, 0, 6], "texture": "#7"},
				"west": {"uv": [0, 1, 6, 0], "rotation": 270, "texture": "#7"},
				"up": {"uv": [4, 0, 0, 1], "rotation": 180, "texture": "#7"},
				"down": {"uv": [4, 0, 0, 1], "texture": "#7"}
			}
		}
	],
	"display": {
		"thirdperson_righthand": {
			"rotation": [90, 0, 0],
			"translation": [-6, 0.4, 0.6],
			"scale": [1.3, 1.3, 1.3]
		},
		"thirdperson_lefthand": {
			"rotation": [90, 0, 0],
			"translation": [-5.75, 0.75, 12.5],
			"scale": [1.5, 1.5, 1.5]
		},
		"head": {
			"translation": [-1, -24.75, -4.5],
			"scale": [2, 2, 2]
		}
	},
	"groups": [
		{
			"name": "tire-1",
			"origin": [8, 8.02082, -4.36396],
			"color": 0,
			"nbt": "{}",
			"children": [0, 1, 2, 3, 4, 5, 6, 7, 8, 9, 10, 11, 12]
		},
		{
			"name": "tire-1",
			"origin": [8, 8.02082, -4.36396],
			"color": 0,
			"nbt": "{}",
			"children": [13, 14, 15, 16, 17, 18, 19, 20, 21, 22, 23, 24, 25]
		},
		{
			"name": "tire-1",
			"origin": [8, 8.02082, -4.36396],
			"color": 0,
			"nbt": "{}",
			"children": [26, 27, 28, 29, 30, 31, 32, 33, 34, 35, 36, 37, 38]
		},
		{
			"name": "tire-1",
			"origin": [8, 8.02082, -4.36396],
			"color": 0,
			"nbt": "{}",
			"children": [39, 40, 41, 42, 43, 44, 45, 46, 47, 48, 49, 50, 51]
		}
	]
}