{
	"credit": "Made with Blockbench",
	"textures": {
		"1": "block/anvil1",
		"3": "block/brown_concrete1",
		"4": "block/red_shulker_box1",
		"6": "block/glass1",
		"9": "block/black_wool1",
		"10": "block/sea_lantern1",
		"11": "block/gray_wool1",
		"12": "block/orange_shulker_box1",
		"13": "block/black_concrete1",
		"14": "block/white_shulker_box1",
		"particle": "block/coal_block1"
	},
	"elements": [
		{
			"from": [-1.475, 11.75, -1.15],
			"to": [-0.5, 20.85, 0.25],
			"rotation": {"angle": 45, "axis": "x", "origin": [-1.5, 8.75, -1.75]},
			"faces": {
				"north": {"uv": [0, 0, 0.975, 9], "texture": "#3"},
				"east": {"uv": [0, 0, 1, 9], "texture": "#3"},
				"south": {"uv": [0, 0, 0.975, 9], "texture": "#3"},
				"west": {"uv": [0, 0, 1, 9], "texture": "#3"},
				"up": {"uv": [0, 0, 0.975, 1], "texture": "#3"},
				"down": {"uv": [0, 0, 0.975, 1], "texture": "#3"}
			}
		},
		{
			"from": [-0.5, 11.75, -0.75],
			"to": [16.375, 21.5, 0.25],
			"rotation": {"angle": 45, "axis": "x", "origin": [-1.5, 9.5, -1.75]},
			"faces": {
				"north": {"uv": [1, 1, 15, 9], "texture": "#6"},
				"east": {"uv": [1, 1, 15, 9], "texture": "#6"},
				"south": {"uv": [1, 1, 15, 9], "texture": "#6"},
				"west": {"uv": [1, 1, 15, 9], "texture": "#6"},
				"up": {"uv": [1, 1, 15, 9], "texture": "#6"},
				"down": {"uv": [1, 1, 15, 9], "texture": "#6"}
			}
		},
		{
			"from": [-1.45, 11.7, 23.8],
			"to": [-0.5, 21, 25.2],
			"rotation": {"angle": -45, "axis": "x", "origin": [-1.5, 8.7, 26]},
			"faces": {
				"north": {"uv": [1, 0, 1.95, 9], "texture": "#3"},
				"east": {"uv": [1, 0, 2, 9], "texture": "#3"},
				"south": {"uv": [1, 0, 1.95, 9], "texture": "#3"},
				"west": {"uv": [1, 0, 2, 9], "texture": "#3"},
				"up": {"uv": [0, 1, 0.95, 2], "texture": "#3"},
				"down": {"uv": [0, 1, 0.95, 2], "texture": "#3"}
			}
		},
		{
			"from": [-0.5, 12.2, 24],
			"to": [16.375, 21.2, 25],
			"rotation": {"angle": -45, "axis": "x", "origin": [16.5, 9.2, 26]},
			"faces": {
				"north": {"uv": [1, 1, 15, 9], "texture": "#6"},
				"east": {"uv": [1, 1, 15, 9], "texture": "#6"},
				"south": {"uv": [1, 1, 15, 9], "texture": "#6"},
				"west": {"uv": [1, 1, 15, 9], "texture": "#6"},
				"up": {"uv": [1, 1, 15, 9], "texture": "#6"},
				"down": {"uv": [1, 1, 15, 9], "texture": "#6"}
			}
		},
		{
			"from": [-0.475, 15.52817, 7.44239],
			"to": [16.4, 17.27817, 16.74239],
			"rotation": {"angle": 0, "axis": "x", "origin": [16.525, 17.52817, 4.44239]},
			"faces": {
				"north": {"uv": [0, 0, 16, 1], "rotation": 180, "texture": "#3"},
				"east": {"uv": [0, 0, 1, 9.3], "rotation": 270, "texture": "#3"},
				"south": {"uv": [0, 0, 16, 1], "texture": "#3"},
				"west": {"uv": [0, 0, 1, 9.3], "rotation": 90, "texture": "#3"},
				"up": {"uv": [0, 0, 16, 9.3], "rotation": 180, "texture": "#3"},
				"down": {"uv": [0, 0, 16, 9.3], "texture": "#3"}
			}
		},
		{
			"from": [-1.475, 15.52817, 7.44239],
			"to": [-0.475, 17.02817, 16.74239],
			"rotation": {"angle": 0, "axis": "x", "origin": [-1.475, 17.52817, 4.44239]},
			"faces": {
				"north": {"uv": [0, 0, 1, 1], "rotation": 180, "texture": "#3"},
				"east": {"uv": [0, 0, 1, 9.3], "rotation": 270, "texture": "#3"},
				"south": {"uv": [0, 0, 1, 1], "texture": "#3"},
				"west": {"uv": [0, 0, 1, 9.3], "rotation": 90, "texture": "#3"},
				"up": {"uv": [0, 0, 1, 9.3], "rotation": 180, "texture": "#3"},
				"down": {"uv": [0, 0, 1, 9.3], "texture": "#3"}
			}
		},
		{
			"from": [16.4, 11.75, -1.15],
			"to": [17.375, 21.05, 0.25],
			"rotation": {"angle": 45, "axis": "x", "origin": [17.4, 8.75, -1.75]},
			"faces": {
				"north": {"uv": [0.975, 0, 1.95, 9], "texture": "#3"},
				"east": {"uv": [1, 0, 2, 9], "texture": "#3"},
				"south": {"uv": [0.975, 0, 1.95, 9], "texture": "#3"},
				"west": {"uv": [1, 0, 2, 9], "texture": "#3"},
				"up": {"uv": [0.975, 0, 1.95, 1], "texture": "#3"},
				"down": {"uv": [0.975, 0, 1.95, 1], "texture": "#3"}
			}
		},
		{
			"from": [16.375, 15.52817, 7.44239],
			"to": [17.375, 17.02817, 16.74239],
			"rotation": {"angle": 0, "axis": "y", "origin": [17.375, 17.52817, 4.44239]},
			"faces": {
				"north": {"uv": [1, 0, 2, 1], "rotation": 180, "texture": "#3"},
				"east": {"uv": [0, 6.7, 1, 16], "rotation": 90, "texture": "#3"},
				"south": {"uv": [1, 0, 2, 1], "texture": "#3"},
				"west": {"uv": [0, 6.7, 1, 16], "rotation": 270, "texture": "#3"},
				"up": {"uv": [1, 0, 2, 9.3], "rotation": 180, "texture": "#3"},
				"down": {"uv": [1, 0, 2, 9.3], "texture": "#3"}
			}
		},
		{
			"from": [16.4, 11.7, 23.8],
			"to": [17.35, 21, 25.2],
			"rotation": {"angle": -45, "axis": "x", "origin": [17.4, 8.7, 26]},
			"faces": {
				"north": {"uv": [1.95, 0, 2.9, 9], "texture": "#3"},
				"east": {"uv": [2, 0, 3, 9], "texture": "#3"},
				"south": {"uv": [1.95, 0, 2.9, 9], "texture": "#3"},
				"west": {"uv": [2, 0, 3, 9], "texture": "#3"},
				"up": {"uv": [0.95, 1, 1.9, 2], "texture": "#3"},
				"down": {"uv": [0.95, 1, 1.9, 2], "texture": "#3"}
			}
		},
		{
			"from": [-3.7, 0.25, 0],
			"to": [-2, 7.5, 1],
			"rotation": {"angle": -22.5, "axis": "y", "origin": [-4, -0.5, 0]},
			"faces": {
				"north": {"uv": [0, 0, 1.7, 7.25], "texture": "#3"},
				"east": {"uv": [0, 0, 1, 7.25], "texture": "#3"},
				"south": {"uv": [0, 0, 1.7, 7.25], "texture": "#3"},
				"west": {"uv": [0, 0, 1, 7.25], "texture": "#3"},
				"up": {"uv": [0, 0, 1.7, 1], "texture": "#3"},
				"down": {"uv": [0, 0, 1.7, 1], "texture": "#3"}
			}
		},
		{
			"from": [-3.7, 0, -11],
			"to": [-2, 7.5, -10],
			"rotation": {"angle": 22.5, "axis": "y", "origin": [-4, -0.5, -10]},
			"faces": {
				"north": {"uv": [2, 0, 3.7, 7.5], "texture": "#3"},
				"east": {"uv": [1, 0, 2, 7.5], "texture": "#3"},
				"south": {"uv": [2, 0, 3.7, 7.5], "texture": "#3"},
				"west": {"uv": [1, 0, 2, 7.5], "texture": "#3"},
				"up": {"uv": [0, 1, 1.7, 2], "texture": "#3"},
				"down": {"uv": [0, 1, 1.7, 2], "texture": "#3"}
			}
		},
		{
			"from": [-3.9, 6.1, -13.5],
			"to": [-2, 7.7, -12.5],
			"rotation": {"angle": 22.5, "axis": "x", "origin": [-4, 0, -12.5]},
			"faces": {
				"north": {"uv": [2, 0, 3.9, 1.6], "texture": "#3"},
				"east": {"uv": [1, 0, 2, 1.6], "texture": "#3"},
				"south": {"uv": [2, 0, 3.9, 1.6], "texture": "#3"},
				"west": {"uv": [1, 0, 2, 1.6], "texture": "#3"},
				"up": {"uv": [0, 1, 1.9, 2], "texture": "#3"},
				"down": {"uv": [0, 1, 1.9, 2], "texture": "#3"}
			}
		},
		{
			"from": [-3.9, 6.1, 2.5],
			"to": [-2, 7.7, 3.5],
			"rotation": {"angle": -22.5, "axis": "x", "origin": [-4, 0, 2.5]},
			"faces": {
				"north": {"uv": [3.9, 0, 5.8, 1.6], "texture": "#3"},
				"east": {"uv": [2, 0, 3, 1.6], "texture": "#3"},
				"south": {"uv": [3.9, 0, 5.8, 1.6], "texture": "#3"},
				"west": {"uv": [2, 0, 3, 1.6], "texture": "#3"},
				"up": {"uv": [0, 2, 1.9, 3], "texture": "#3"},
				"down": {"uv": [0, 2, 1.9, 3], "texture": "#3"}
			}
		},
		{
			"from": [-3.25, 6.75, -10.75],
			"to": [-1.25, 7.75, 1],
			"rotation": {"angle": 45, "axis": "z", "origin": [-3.25, 6.75, -10]},
			"faces": {
				"north": {"uv": [0, 1, 2, 2], "rotation": 180, "texture": "#3"},
				"east": {"uv": [1, 0, 2, 11.75], "rotation": 270, "texture": "#3"},
				"south": {"uv": [0, 1, 2, 2], "texture": "#3"},
				"west": {"uv": [1, 0, 2, 11.75], "rotation": 90, "texture": "#3"},
				"up": {"uv": [2, 0, 4, 11.75], "rotation": 180, "texture": "#3"},
				"down": {"uv": [2, 0, 4, 11.75], "texture": "#3"}
			}
		},
		{
			"from": [17.15, 6.75, -10.75],
			"to": [19.15, 7.75, 1],
			"rotation": {"angle": -45, "axis": "z", "origin": [19.15, 6.75, -10]},
			"faces": {
				"north": {"uv": [2, 1, 4, 2], "rotation": 180, "texture": "#3"},
				"east": {"uv": [1, 4.25, 2, 16], "rotation": 90, "texture": "#3"},
				"south": {"uv": [2, 1, 4, 2], "texture": "#3"},
				"west": {"uv": [1, 4.25, 2, 16], "rotation": 270, "texture": "#3"},
				"up": {"uv": [4, 0, 6, 11.75], "rotation": 180, "texture": "#3"},
				"down": {"uv": [4, 0, 6, 11.75], "texture": "#3"}
			}
		},
		{
			"from": [17.9, 0.25, 0],
			"to": [19.6, 7.5, 1],
			"rotation": {"angle": 22.5, "axis": "y", "origin": [19.9, -0.5, 0]},
			"faces": {
				"north": {"uv": [1.7, 0, 3.4, 7.25], "texture": "#3"},
				"east": {"uv": [1, 0, 2, 7.25], "texture": "#3"},
				"south": {"uv": [1.7, 0, 3.4, 7.25], "texture": "#3"},
				"west": {"uv": [1, 0, 2, 7.25], "texture": "#3"},
				"up": {"uv": [1.7, 0, 3.4, 1], "texture": "#3"},
				"down": {"uv": [1.7, 0, 3.4, 1], "texture": "#3"}
			}
		},
		{
			"from": [17.9, 6.1, 2.5],
			"to": [19.8, 7.7, 3.5],
			"rotation": {"angle": -22.5, "axis": "x", "origin": [19.9, 0, 2.5]},
			"faces": {
				"north": {"uv": [5.8, 0, 7.7, 1.6], "texture": "#3"},
				"east": {"uv": [3, 0, 4, 1.6], "texture": "#3"},
				"south": {"uv": [5.8, 0, 7.7, 1.6], "texture": "#3"},
				"west": {"uv": [3, 0, 4, 1.6], "texture": "#3"},
				"up": {"uv": [1.9, 2, 3.8, 3], "texture": "#3"},
				"down": {"uv": [1.9, 2, 3.8, 3], "texture": "#3"}
			}
		},
		{
			"from": [17.9, 6.1, -13.5],
			"to": [19.8, 7.7, -12.5],
			"rotation": {"angle": 22.5, "axis": "x", "origin": [19.9, 0, -12.5]},
			"faces": {
				"north": {"uv": [3.9, 0, 5.8, 1.6], "texture": "#3"},
				"east": {"uv": [2, 0, 3, 1.6], "texture": "#3"},
				"south": {"uv": [3.9, 0, 5.8, 1.6], "texture": "#3"},
				"west": {"uv": [2, 0, 3, 1.6], "texture": "#3"},
				"up": {"uv": [1.9, 1, 3.8, 2], "texture": "#3"},
				"down": {"uv": [1.9, 1, 3.8, 2], "texture": "#3"}
			}
		},
		{
			"from": [17.9, 0, -11],
			"to": [19.6, 7.5, -10],
			"rotation": {"angle": -22.5, "axis": "y", "origin": [19.9, -0.5, -10]},
			"faces": {
				"north": {"uv": [3.7, 0, 5.4, 7.5], "texture": "#3"},
				"east": {"uv": [2, 0, 3, 7.5], "texture": "#3"},
				"south": {"uv": [3.7, 0, 5.4, 7.5], "texture": "#3"},
				"west": {"uv": [2, 0, 3, 7.5], "texture": "#3"},
				"up": {"uv": [1.7, 1, 3.4, 2], "texture": "#3"},
				"down": {"uv": [1.7, 1, 3.4, 2], "texture": "#3"}
			}
		},
		{
			"from": [-3.7, 0.25, 29],
			"to": [-2, 7.5, 30],
			"rotation": {"angle": -22.5, "axis": "y", "origin": [-4, -0.5, 29]},
			"faces": {
				"north": {"uv": [0, 0, 1.7, 7.25], "texture": "#3"},
				"east": {"uv": [0, 0, 1, 7.25], "texture": "#3"},
				"south": {"uv": [0, 0, 1.7, 7.25], "texture": "#3"},
				"west": {"uv": [0, 0, 1, 7.25], "texture": "#3"},
				"up": {"uv": [0, 0, 1.7, 1], "texture": "#3"},
				"down": {"uv": [0, 0, 1.7, 1], "texture": "#3"}
			}
		},
		{
			"from": [-3.7, 0, 18],
			"to": [-2, 7.5, 19],
			"rotation": {"angle": 22.5, "axis": "y", "origin": [-4, -0.5, 19]},
			"faces": {
				"north": {"uv": [2, 0, 3.7, 7.5], "texture": "#3"},
				"east": {"uv": [1, 0, 2, 7.5], "texture": "#3"},
				"south": {"uv": [2, 0, 3.7, 7.5], "texture": "#3"},
				"west": {"uv": [1, 0, 2, 7.5], "texture": "#3"},
				"up": {"uv": [0, 1, 1.7, 2], "texture": "#3"},
				"down": {"uv": [0, 1, 1.7, 2], "texture": "#3"}
			}
		},
		{
			"from": [-3.25, 6.75, 18.25],
			"to": [-1.25, 7.75, 30],
			"rotation": {"angle": 45, "axis": "z", "origin": [-3.25, 6.75, 19]},
			"faces": {
				"north": {"uv": [0, 1, 2, 2], "rotation": 180, "texture": "#3"},
				"east": {"uv": [1, 0, 2, 11.75], "rotation": 270, "texture": "#3"},
				"south": {"uv": [0, 1, 2, 2], "texture": "#3"},
				"west": {"uv": [1, 0, 2, 11.75], "rotation": 90, "texture": "#3"},
				"up": {"uv": [2, 0, 4, 11.75], "rotation": 180, "texture": "#3"},
				"down": {"uv": [2, 0, 4, 11.75], "texture": "#3"}
			}
		},
		{
			"from": [18, 0, 18],
			"to": [19.7, 7.5, 19],
			"rotation": {"angle": -22.5, "axis": "y", "origin": [20, -0.5, 19]},
			"faces": {
				"north": {"uv": [3.7, 0, 2, 7.5], "texture": "#3"},
				"east": {"uv": [2, 0, 1, 7.5], "texture": "#3"},
				"south": {"uv": [3.7, 0, 2, 7.5], "texture": "#3"},
				"west": {"uv": [2, 0, 1, 7.5], "texture": "#3"},
				"up": {"uv": [1.7, 1, 0, 2], "texture": "#3"},
				"down": {"uv": [1.7, 1, 0, 2], "texture": "#3"}
			}
		},
		{
			"from": [17.25, 6.75, 18.25],
			"to": [19.25, 7.75, 30],
			"rotation": {"angle": -45, "axis": "z", "origin": [19.25, 6.75, 19]},
			"faces": {
				"north": {"uv": [2, 1, 0, 2], "rotation": 180, "texture": "#3"},
				"east": {"uv": [1, 11.75, 2, 0], "rotation": 90, "texture": "#3"},
				"south": {"uv": [2, 1, 0, 2], "texture": "#3"},
				"west": {"uv": [1, 11.75, 2, 0], "rotation": 270, "texture": "#3"},
				"up": {"uv": [4, 0, 2, 11.75], "rotation": 180, "texture": "#3"},
				"down": {"uv": [4, 0, 2, 11.75], "texture": "#3"}
			}
		},
		{
			"from": [18, 0.25, 29],
			"to": [19.7, 7.5, 30],
			"rotation": {"angle": 22.5, "axis": "y", "origin": [20, -0.5, 29]},
			"faces": {
				"north": {"uv": [1.7, 0, 0, 7.25], "texture": "#3"},
				"east": {"uv": [1, 0, 0, 7.25], "texture": "#3"},
				"south": {"uv": [1.7, 0, 0, 7.25], "texture": "#3"},
				"west": {"uv": [1, 0, 0, 7.25], "texture": "#3"},
				"up": {"uv": [1.7, 0, 0, 1], "texture": "#3"},
				"down": {"uv": [1.7, 0, 0, 1], "texture": "#3"}
			}
		},
		{
			"from": [-2.7, 7.2, 13],
			"to": [-1.7, 8.5, 16],
			"rotation": {"angle": -22.5, "axis": "z", "origin": [-2.7, 7.5, 14]},
			"faces": {
				"north": {"uv": [0, 0, 1, 1.3], "texture": "#3"},
				"east": {"uv": [0, 0, 3, 1.3], "texture": "#3"},
				"south": {"uv": [0, 0, 1, 1.3], "texture": "#3"},
				"west": {"uv": [0, 0, 3, 1.3], "texture": "#3"},
				"up": {"uv": [0, 0, 1, 3], "texture": "#3"},
				"down": {"uv": [0, 0, 1, 3], "texture": "#3"}
			}
		},
		{
			"from": [-3, 0.2, 1],
			"to": [-2, 1.5, 18],
			"rotation": {"angle": -22.5, "axis": "z", "origin": [-3, 0.5, 14]},
			"faces": {
				"north": {"uv": [0, 0, 1, 1.3], "texture": "#3"},
				"east": {"uv": [0, 0, 16, 1.3], "texture": "#3"},
				"south": {"uv": [0, 0, 1, 1.3], "texture": "#3"},
				"west": {"uv": [0, 0, 16, 1.3], "texture": "#3"},
				"up": {"uv": [0, 0, 1, 16], "texture": "#3"},
				"down": {"uv": [0, 0, 1, 16], "texture": "#3"}
			}
		},
		{
			"from": [0.5, 11.29613, 24.48392],
			"to": [15.5, 12.29613, 26.48392],
			"rotation": {"angle": 22.5, "axis": "x", "origin": [11.5, 0.29613, 23.48392]},
			"faces": {
				"north": {"uv": [0, 0, 15, 1], "texture": "#3"},
				"east": {"uv": [0, 0, 2, 1], "texture": "#3"},
				"south": {"uv": [0, 0, 15, 1], "texture": "#3"},
				"west": {"uv": [0, 0, 2, 1], "texture": "#3"},
				"up": {"uv": [0, 0, 15, 2], "texture": "#3"},
				"down": {"uv": [0, 0, 15, 2], "texture": "#3"}
			}
		},
		{
			"from": [-1.5, 0, 4],
			"to": [17.5, 0, 17],
			"rotation": {"angle": 0, "axis": "y", "origin": [-1.5, 0, 4]},
			"faces": {
				"north": {"uv": [0, 0, 16, 1], "texture": "#3"},
				"east": {"uv": [0, 0, 13, 1], "texture": "#3"},
				"south": {"uv": [0, 0, 16, 1], "texture": "#3"},
				"west": {"uv": [0, 0, 13, 1], "texture": "#3"},
				"up": {"uv": [0, 0, 16, 13], "texture": "#11"},
				"down": {"uv": [0, 0, 16, 13], "texture": "#3"}
			}
		},
		{
			"from": [-2.2, 0, 4],
			"to": [-1.5, 10, 17],
			"rotation": {"angle": 0, "axis": "y", "origin": [-3.5, 0, 3]},
			"faces": {
				"north": {"uv": [0, 0, 0.7, 10], "texture": "#3"},
				"east": {"uv": [0, 0, 13, 10], "texture": "#11"},
				"south": {"uv": [0, 0, 0.7, 10], "texture": "#3"},
				"west": {"uv": [0, 0, 13, 10], "texture": "#3"},
				"up": {"uv": [0, 0, 0.7, 13], "texture": "#3"},
				"down": {"uv": [0, 0, 0.7, 13], "texture": "#3"}
			}
		},
		{
			"from": [18, 0.2, 1],
			"to": [19, 1.5, 18],
			"rotation": {"angle": 22.5, "axis": "z", "origin": [19, 0.5, 14]},
			"faces": {
				"north": {"uv": [1, 0, 0, 1.3], "texture": "#3"},
				"east": {"uv": [16, 0, 0, 1.3], "texture": "#3"},
				"south": {"uv": [1, 0, 0, 1.3], "texture": "#3"},
				"west": {"uv": [16, 0, 0, 1.3], "texture": "#3"},
				"up": {"uv": [1, 0, 0, 16], "texture": "#3"},
				"down": {"uv": [1, 0, 0, 16], "texture": "#3"}
			}
		},
		{
			"from": [17.5, 0, 4],
			"to": [18.2, 10, 17],
			"rotation": {"angle": 0, "axis": "y", "origin": [19.5, 0, 3]},
			"faces": {
				"north": {"uv": [0.7, 0, 0, 10], "texture": "#3"},
				"east": {"uv": [13, 0, 0, 10], "texture": "#3"},
				"south": {"uv": [0.7, 0, 0, 10], "texture": "#3"},
				"west": {"uv": [13, 0, 0, 10], "texture": "#11"},
				"up": {"uv": [0.7, 0, 0, 13], "texture": "#3"},
				"down": {"uv": [0.7, 0, 0, 13], "texture": "#3"}
			}
		},
		{
			"from": [17.7, 7.2, 13],
			"to": [18.7, 8.5, 16],
			"rotation": {"angle": 22.5, "axis": "z", "origin": [18.7, 7.5, 14]},
			"faces": {
				"north": {"uv": [1, 0, 0, 1.3], "texture": "#3"},
				"east": {"uv": [3, 0, 0, 1.3], "texture": "#3"},
				"south": {"uv": [1, 0, 0, 1.3], "texture": "#3"},
				"west": {"uv": [3, 0, 0, 1.3], "texture": "#3"},
				"up": {"uv": [1, 0, 0, 3], "texture": "#3"},
				"down": {"uv": [1, 0, 0, 3], "texture": "#3"}
			}
		},
		{
			"from": [-1.3, 0, 17],
			"to": [17.3, 11, 18],
			"rotation": {"angle": 0, "axis": "y", "origin": [-3.3, 0, 16]},
			"faces": {
				"north": {"uv": [0, 0, 16, 11], "texture": "#11"},
				"east": {"uv": [0, 0, 1, 11], "texture": "#3"},
				"south": {"uv": [0, 0, 16, 11], "texture": "#3"},
				"west": {"uv": [0, 0, 1, 11], "texture": "#3"},
				"up": {"uv": [0, 0, 16, 1], "texture": "#3"},
				"down": {"uv": [0, 0, 16, 1], "texture": "#3"}
			}
		},
		{
			"from": [-2.5, 0, 17],
			"to": [-1.3, 11, 18],
			"rotation": {"angle": 0, "axis": "y", "origin": [-17.3, 0, 16]},
			"faces": {
				"north": {"uv": [0, 0, 16, 11], "texture": "#3"},
				"east": {"uv": [0, 0, 1, 11], "texture": "#3"},
				"south": {"uv": [0, 0, 16, 11], "texture": "#3"},
				"west": {"uv": [0, 0, 1, 11], "texture": "#3"},
				"up": {"uv": [0, 0, 16, 1], "texture": "#3"},
				"down": {"uv": [0, 0, 16, 1], "texture": "#3"}
			}
		},
		{
			"from": [-2.5, 0, 3],
			"to": [-1.525, 11, 4],
			"rotation": {"angle": 0, "axis": "y", "origin": [-17.3, 0, 2]},
			"faces": {
				"north": {"uv": [0, 0, 16, 11], "texture": "#3"},
				"east": {"uv": [0, 0, 1, 11], "texture": "#3"},
				"south": {"uv": [0, 0, 16, 11], "texture": "#3"},
				"west": {"uv": [0, 0, 1, 11], "texture": "#3"},
				"up": {"uv": [0, 0, 16, 1], "texture": "#3"},
				"down": {"uv": [0, 0, 16, 1], "texture": "#3"}
			}
		},
		{
			"from": [17.3, 0, 17],
			"to": [18.5, 11, 18],
			"rotation": {"angle": 0, "axis": "y", "origin": [33.3, 0, 16]},
			"faces": {
				"north": {"uv": [16, 0, 0, 11], "texture": "#3"},
				"east": {"uv": [1, 0, 0, 11], "texture": "#3"},
				"south": {"uv": [16, 0, 0, 11], "texture": "#3"},
				"west": {"uv": [1, 0, 0, 11], "texture": "#3"},
				"up": {"uv": [16, 0, 0, 1], "texture": "#3"},
				"down": {"uv": [16, 0, 0, 1], "texture": "#3"}
			}
		},
		{
			"from": [17.4, 0, 3],
			"to": [18.5, 11, 4],
			"rotation": {"angle": 0, "axis": "y", "origin": [33.3, 0, 2]},
			"faces": {
				"north": {"uv": [16, 0, 0, 11], "texture": "#3"},
				"east": {"uv": [1, 0, 0, 11], "texture": "#3"},
				"south": {"uv": [16, 0, 0, 11], "texture": "#3"},
				"west": {"uv": [1, 0, 0, 11], "texture": "#3"},
				"up": {"uv": [16, 0, 0, 1], "texture": "#3"},
				"down": {"uv": [16, 0, 0, 1], "texture": "#3"}
			}
		},
		{
			"from": [-2.5, 10, 18],
			"to": [19.1, 11, 28],
			"rotation": {"angle": 0, "axis": "y", "origin": [-2.9, -1, 17]},
			"faces": {
				"north": {"uv": [0, 0, 16, 1], "texture": "#3"},
				"east": {"uv": [0, 0, 10, 1], "texture": "#3"},
				"south": {"uv": [0, 0, 16, 1], "texture": "#3"},
				"west": {"uv": [0, 0, 10, 1], "texture": "#3"},
				"up": {"uv": [0, 0, 16, 10], "texture": "#3"},
				"down": {"uv": [0, 0, 16, 10], "texture": "#3"}
			}
		},
		{
			"from": [-0.7, 7.4991, 29.74416],
			"to": [16.9, 7.9991, 30.74416],
			"rotation": {"angle": -45, "axis": "x", "origin": [14.1, 10.38062, 26.51216]},
			"faces": {
				"north": {"uv": [0, 0, 16, 0.5], "rotation": 180, "texture": "#3"},
				"east": {"uv": [0, 0, 0.5, 1], "rotation": 90, "texture": "#3"},
				"south": {"uv": [0, 0, 16, 0.5], "texture": "#3"},
				"west": {"uv": [0, 0, 0.5, 1], "rotation": 270, "texture": "#3"},
				"up": {"uv": [0, 0, 16, 1], "texture": "#3"},
				"down": {"uv": [0, 0, 16, 1], "rotation": 180, "texture": "#3"}
			}
		},
		{
			"from": [0.5, 9.98201, 30.48151],
			"to": [15.5, 10.98201, 30.98151],
			"rotation": {"angle": 0, "axis": "x", "origin": [14.1, 6.75, 28.1]},
			"faces": {
				"north": {"uv": [0, 0, 15, 1], "rotation": 180, "texture": "#3"},
				"east": {"uv": [0, 0, 0.5, 1], "rotation": 180, "texture": "#3"},
				"south": {"uv": [0, 0, 15, 1], "rotation": 180, "texture": "#3"},
				"west": {"uv": [0, 0, 0.5, 1], "rotation": 180, "texture": "#3"},
				"up": {"uv": [0, 0, 15, 0.5], "texture": "#3"},
				"down": {"uv": [0, 0, 15, 0.5], "texture": "#3"}
			}
		},
		{
			"from": [-2.5, 7.4, 18],
			"to": [-1.5, 10, 29],
			"rotation": {"angle": 0, "axis": "y", "origin": [-3.5, -2, 17]},
			"faces": {
				"north": {"uv": [0, 0, 1, 2.6], "texture": "#3"},
				"east": {"uv": [0, 0, 11, 2.6], "texture": "#3"},
				"south": {"uv": [0, 0, 1, 2.6], "texture": "#3"},
				"west": {"uv": [0, 0, 11, 2.6], "texture": "#3"},
				"up": {"uv": [0, 0, 1, 11], "texture": "#3"},
				"down": {"uv": [0, 0, 1, 11], "texture": "#3"}
			}
		},
		{
			"from": [17.5, 7.4, 18],
			"to": [18.5, 10, 29],
			"rotation": {"angle": 0, "axis": "y", "origin": [19.5, -2, 17]},
			"faces": {
				"north": {"uv": [1, 0, 0, 2.6], "texture": "#3"},
				"east": {"uv": [11, 0, 0, 2.6], "texture": "#3"},
				"south": {"uv": [1, 0, 0, 2.6], "texture": "#3"},
				"west": {"uv": [11, 0, 0, 2.6], "texture": "#3"},
				"up": {"uv": [1, 0, 0, 11], "texture": "#3"},
				"down": {"uv": [1, 0, 0, 11], "texture": "#3"}
			}
		},
		{
			"from": [0.5, 10, 28],
			"to": [15.5, 11, 29],
			"rotation": {"angle": 0, "axis": "y", "origin": [-3.5, -1, 18]},
			"faces": {
				"north": {"uv": [0, 0, 15, 1], "texture": "#3"},
				"east": {"uv": [0, 0, 1, 1], "texture": "#3"},
				"south": {"uv": [0, 0, 15, 1], "texture": "#3"},
				"west": {"uv": [0, 0, 1, 1], "texture": "#3"},
				"up": {"uv": [0, 0, 15, 1], "texture": "#3"},
				"down": {"uv": [0, 0, 15, 1], "texture": "#3"}
			}
		},
		{
			"from": [-2.5, 11.29613, 23.48392],
			"to": [0.5, 12.29613, 25.48392],
			"rotation": {"angle": 22.5, "axis": "x", "origin": [-3.5, 0.29613, 22.48392]},
			"faces": {
				"north": {"uv": [0, 0, 3, 1], "texture": "#3"},
				"east": {"uv": [0, 0, 2, 1], "texture": "#3"},
				"south": {"uv": [0, 0, 3, 1], "texture": "#3"},
				"west": {"uv": [0, 0, 2, 1], "texture": "#3"},
				"up": {"uv": [0, 0, 3, 2], "texture": "#3"},
				"down": {"uv": [0, 0, 3, 2], "texture": "#3"}
			}
		},
		{
			"from": [15.5, 11.29613, 23.48392],
			"to": [18.5, 12.29613, 25.48392],
			"rotation": {"angle": 22.5, "axis": "x", "origin": [19.5, 0.29613, 22.48392]},
			"faces": {
				"north": {"uv": [3, 0, 0, 1], "texture": "#3"},
				"east": {"uv": [2, 0, 0, 1], "texture": "#3"},
				"south": {"uv": [3, 0, 0, 1], "texture": "#3"},
				"west": {"uv": [2, 0, 0, 1], "texture": "#3"},
				"up": {"uv": [3, 0, 0, 2], "texture": "#3"},
				"down": {"uv": [3, 0, 0, 2], "texture": "#3"}
			}
		},
		{
			"from": [0.5, 2.6, 31],
			"to": [5.5, 6, 32],
			"rotation": {"angle": 0, "axis": "y", "origin": [-3.5, -1, 30]},
			"faces": {
				"north": {"uv": [0, 0, 5, 3.4], "texture": "#3"},
				"east": {"uv": [0, 0, 1, 3.4], "texture": "#3"},
				"south": {"uv": [0, 0, 5, 3.4], "texture": "#3"},
				"west": {"uv": [0, 0, 1, 3.4], "texture": "#3"},
				"up": {"uv": [0, 0, 5, 1], "texture": "#3"},
				"down": {"uv": [0, 0, 5, 1], "texture": "#3"}
			}
		},
		{
			"from": [10.5, 2.6, 31],
			"to": [15.5, 6, 32],
			"rotation": {"angle": 0, "axis": "y", "origin": [6.5, -1, 30]},
			"faces": {
				"north": {"uv": [0, 0, 5, 3.4], "texture": "#3"},
				"east": {"uv": [0, 0, 1, 3.4], "texture": "#3"},
				"south": {"uv": [0, 0, 5, 3.4], "texture": "#3"},
				"west": {"uv": [0, 0, 1, 3.4], "texture": "#3"},
				"up": {"uv": [0, 0, 5, 1], "texture": "#3"},
				"down": {"uv": [0, 0, 5, 1], "texture": "#3"}
			}
		},
		{
			"from": [5.5, 5, 31],
			"to": [10.5, 6, 32],
			"rotation": {"angle": 0, "axis": "y", "origin": [1.5, -1, 30]},
			"faces": {
				"north": {"uv": [0, 0, 5, 1], "texture": "#3"},
				"east": {"uv": [0, 0, 1, 1], "texture": "#3"},
				"south": {"uv": [0, 0, 5, 1], "texture": "#3"},
				"west": {"uv": [0, 0, 1, 1], "texture": "#3"},
				"up": {"uv": [0, 0, 5, 1], "texture": "#3"},
				"down": {"uv": [0, 0, 5, 1], "texture": "#3"}
			}
		},
		{
			"from": [5.5, 3, 31.1],
			"to": [10.5, 5, 31.85],
			"rotation": {"angle": 0, "axis": "y", "origin": [1.5, -2, 30.1]},
			"faces": {
				"north": {"uv": [0, 0, 5, 2], "texture": "#3"},
				"east": {"uv": [0, 0, 0.75, 2], "texture": "#3"},
				"south": {"uv": [0, 0, 5, 2], "texture": "#3"},
				"west": {"uv": [0, 0, 0.75, 2], "texture": "#3"},
				"up": {"uv": [0, 0, 5, 0.75], "texture": "#3"},
				"down": {"uv": [0, 0, 5, 0.75], "texture": "#3"}
			}
		},
		{
			"from": [0.5, 1.6, 28.7],
			"to": [15.5, 4.6, 29.7],
			"rotation": {"angle": 22.5, "axis": "x", "origin": [-3.5, -1.4, 27.7]},
			"faces": {
				"north": {"uv": [0, 0, 15, 3], "texture": "#13"},
				"east": {"uv": [0, 0, 1, 3], "texture": "#13"},
				"south": {"uv": [0, 0, 15, 3], "texture": "#13"},
				"west": {"uv": [0, 0, 1, 3], "texture": "#13"},
				"up": {"uv": [0, 0, 15, 1], "texture": "#13"},
				"down": {"uv": [0, 0, 15, 1], "texture": "#13"}
			}
		},
		{
			"from": [-2.5, 1.6, 28.45],
			"to": [0.5, 3.1, 29.45],
			"rotation": {"angle": 22.5, "axis": "x", "origin": [4.5, -1.4, 27.45]},
			"faces": {
				"north": {"uv": [2, 0, 5, 1.5], "texture": "#13"},
				"east": {"uv": [1, 0, 2, 1.5], "texture": "#13"},
				"south": {"uv": [2, 0, 5, 1.5], "texture": "#13"},
				"west": {"uv": [1, 0, 2, 1.5], "texture": "#13"},
				"up": {"uv": [2, 0, 5, 1], "texture": "#13"},
				"down": {"uv": [2, 0, 5, 1], "texture": "#13"}
			}
		},
		{
			"from": [15.5, 1.6, 28.45],
			"to": [18.5, 3.1, 29.45],
			"rotation": {"angle": 22.5, "axis": "x", "origin": [11.5, -1.4, 27.45]},
			"faces": {
				"north": {"uv": [5, 0, 2, 1.5], "texture": "#13"},
				"east": {"uv": [2, 0, 1, 1.5], "texture": "#13"},
				"south": {"uv": [5, 0, 2, 1.5], "texture": "#13"},
				"west": {"uv": [2, 0, 1, 1.5], "texture": "#13"},
				"up": {"uv": [5, 0, 2, 1], "texture": "#13"},
				"down": {"uv": [5, 0, 2, 1], "texture": "#13"}
			}
		},
		{
			"from": [0.5, 6, 30],
			"to": [15.5, 10, 31],
			"rotation": {"angle": 0, "axis": "y", "origin": [-2.5, 5, 29]},
			"faces": {
				"north": {"uv": [0, 0, 15, 4], "texture": "#3"},
				"east": {"uv": [0, 0, 1, 4], "texture": "#3"},
				"south": {"uv": [0, 0, 15, 4], "texture": "#3"},
				"west": {"uv": [0, 0, 1, 4], "texture": "#3"},
				"up": {"uv": [0, 0, 15, 1], "texture": "#3"},
				"down": {"uv": [0, 0, 15, 1], "texture": "#3"}
			}
		},
		{
			"from": [2, 8.8, 30.5],
			"to": [14, 9.8, 31.5],
			"rotation": {"angle": 0, "axis": "y", "origin": [-14, 5.8, 29.5]},
			"faces": {
				"north": {"uv": [0, 0, 12, 1], "texture": "#9"},
				"east": {"uv": [0, 0, 1, 1], "texture": "#9"},
				"south": {"uv": [0, 0, 12, 1], "texture": "#9"},
				"west": {"uv": [0, 0, 1, 1], "texture": "#9"},
				"up": {"uv": [0, 0, 12, 1], "texture": "#9"},
				"down": {"uv": [0, 0, 12, 1], "texture": "#9"}
			}
		},
		{
			"from": [0.21166, 7.7, 23.38126],
			"to": [3.21166, 9.7, 24.38126],
			"rotation": {"angle": -22.5, "axis": "y", "origin": [-15.78834, 5.7, 22.38126]},
			"faces": {
				"north": {"uv": [0, 0, 3, 2], "texture": "#9"},
				"east": {"uv": [0, 0, 1, 2], "texture": "#9"},
				"south": {"uv": [0, 0, 3, 2], "texture": "#9"},
				"west": {"uv": [0, 0, 1, 2], "texture": "#9"},
				"up": {"uv": [0, 0, 3, 1], "texture": "#9"},
				"down": {"uv": [0, 0, 3, 1], "texture": "#9"}
			}
		},
		{
			"from": [1, 7.7, 30.5],
			"to": [2, 9.7, 31.5],
			"rotation": {"angle": 0, "axis": "y", "origin": [-16, 5.7, 29.5]},
			"faces": {
				"north": {"uv": [0, 0, 1, 2], "texture": "#9"},
				"east": {"uv": [0, 0, 1, 2], "texture": "#9"},
				"south": {"uv": [0, 0, 1, 2], "texture": "#9"},
				"west": {"uv": [0, 0, 1, 2], "texture": "#9"},
				"up": {"uv": [0, 0, 1, 1], "texture": "#9"},
				"down": {"uv": [0, 0, 1, 1], "texture": "#9"}
			}
		},
		{
			"from": [-0.05998, 7.45, 22.23321],
			"to": [0.44002, 9.45, 23.23321],
			"rotation": {"angle": -22.5, "axis": "y", "origin": [-18.55998, 5.7, 21.23321]},
			"faces": {
				"north": {"uv": [0, 0, 0.5, 2], "texture": "#9"},
				"east": {"uv": [0, 0, 1, 2], "texture": "#9"},
				"south": {"uv": [0, 0, 0.5, 2], "texture": "#9"},
				"west": {"uv": [0, 0, 1, 2], "texture": "#9"},
				"up": {"uv": [0, 0, 0.5, 1], "texture": "#9"},
				"down": {"uv": [0, 0, 0.5, 1], "texture": "#9"}
			}
		},
		{
			"from": [0.21166, 7.1, 23.38126],
			"to": [2.91166, 7.7, 24.38126],
			"rotation": {"angle": -22.5, "axis": "y", "origin": [-15.78834, 5.3, 22.38126]},
			"faces": {
				"north": {"uv": [0, 0, 2.7, 0.6], "texture": "#9"},
				"east": {"uv": [0, 0, 1, 0.6], "texture": "#9"},
				"south": {"uv": [0, 0, 2.7, 0.6], "texture": "#9"},
				"west": {"uv": [0, 0, 1, 0.6], "texture": "#9"},
				"up": {"uv": [0, 0, 2.7, 1], "texture": "#9"},
				"down": {"uv": [0, 0, 2.7, 1], "texture": "#9"}
			}
		},
		{
			"from": [0.75, 7.2, 30.5],
			"to": [1.75, 7.7, 31.5],
			"rotation": {"angle": 0, "axis": "y", "origin": [-16.25, 3.7, 29.5]},
			"faces": {
				"north": {"uv": [0, 0, 1, 0.5], "texture": "#9"},
				"east": {"uv": [0, 0, 1, 0.5], "texture": "#9"},
				"south": {"uv": [0, 0, 1, 0.5], "texture": "#9"},
				"west": {"uv": [0, 0, 1, 0.5], "texture": "#9"},
				"up": {"uv": [0, 0, 1, 1], "texture": "#9"},
				"down": {"uv": [0, 0, 1, 1], "texture": "#9"}
			}
		},
		{
			"from": [2, 8, 30.5],
			"to": [2.5, 8.8, 31.5],
			"rotation": {"angle": 0, "axis": "y", "origin": [-15, 5.7, 29.5]},
			"faces": {
				"north": {"uv": [0, 0, 0.5, 0.8], "texture": "#9"},
				"east": {"uv": [0, 0, 1, 0.8], "texture": "#9"},
				"south": {"uv": [0, 0, 0.5, 0.8], "texture": "#9"},
				"west": {"uv": [0, 0, 1, 0.8], "texture": "#9"},
				"up": {"uv": [0, 0, 0.5, 1], "texture": "#9"},
				"down": {"uv": [0, 0, 0.5, 1], "texture": "#9"}
			}
		},
		{
			"from": [-1.28834, 2, 23.88126],
			"to": [2.71166, 6, 24.88126],
			"rotation": {"angle": -22.5, "axis": "y", "origin": [-16.28834, -1, 22.88126]},
			"faces": {
				"north": {"uv": [0, 0, 4, 4], "texture": "#3"},
				"east": {"uv": [0, 0, 1, 4], "texture": "#3"},
				"south": {"uv": [0, 0, 4, 4], "texture": "#3"},
				"west": {"uv": [0, 0, 1, 4], "texture": "#3"},
				"up": {"uv": [0, 0, 4, 1], "texture": "#3"},
				"down": {"uv": [0, 0, 4, 1], "texture": "#3"}
			}
		},
		{
			"from": [-0.78834, 6, 22.88126],
			"to": [2.71166, 10, 23.88126],
			"rotation": {"angle": -22.5, "axis": "y", "origin": [-16.28834, 5, 21.88126]},
			"faces": {
				"north": {"uv": [0, 0, 3.5, 4], "texture": "#3"},
				"east": {"uv": [0, 0, 1, 4], "texture": "#3"},
				"south": {"uv": [0, 0, 3.5, 4], "texture": "#3"},
				"west": {"uv": [0, 0, 1, 4], "texture": "#3"},
				"up": {"uv": [0, 0, 3.5, 1], "texture": "#3"},
				"down": {"uv": [0, 0, 3.5, 1], "texture": "#3"}
			}
		},
		{
			"from": [0.21166, 10, 23.38126],
			"to": [2.61166, 11, 23.88126],
			"rotation": {"angle": -22.5, "axis": "y", "origin": [-16.28834, 6, 22.08126]},
			"faces": {
				"north": {"uv": [0, 0, 2.4, 1], "texture": "#3"},
				"east": {"uv": [0, 0, 0.5, 1], "texture": "#3"},
				"south": {"uv": [0, 0, 2.4, 1], "texture": "#3"},
				"west": {"uv": [0, 0, 0.5, 1], "texture": "#3"},
				"up": {"uv": [0, 0, 2.4, 0.5], "texture": "#3"},
				"down": {"uv": [0, 0, 2.4, 0.5], "texture": "#3"}
			}
		},
		{
			"from": [13.38834, 10, 23.38126],
			"to": [15.78834, 11, 23.88126],
			"rotation": {"angle": 22.5, "axis": "y", "origin": [32.28834, 6, 22.08126]},
			"faces": {
				"north": {"uv": [2.4, 0, 0, 1], "texture": "#3"},
				"east": {"uv": [0.5, 0, 0, 1], "texture": "#3"},
				"south": {"uv": [2.4, 0, 0, 1], "texture": "#3"},
				"west": {"uv": [0.5, 0, 0, 1], "texture": "#3"},
				"up": {"uv": [2.4, 0, 0, 0.5], "texture": "#3"},
				"down": {"uv": [2.4, 0, 0, 0.5], "texture": "#3"}
			}
		},
		{
			"from": [0.51166, 8.2, 30.38126],
			"to": [1.51166, 9.2, 31.63126],
			"rotation": {"angle": 0, "axis": "y", "origin": [-17.48834, 6.2, 29.38126]},
			"faces": {
				"north": {"uv": [0, 0, 1, 1], "texture": "#4"},
				"east": {"uv": [0, 0, 1.25, 1], "texture": "#4"},
				"south": {"uv": [0, 0, 16, 16], "texture": "#4"},
				"west": {"uv": [0, 0, 1.25, 1], "texture": "#4"},
				"up": {"uv": [0, 0, 1, 1.25], "texture": "#4"},
				"down": {"uv": [0, 0, 1, 1.25], "texture": "#4"}
			}
		},
		{
			"from": [1.51166, 8.2, 23.18126],
			"to": [2.51166, 9.2, 24.43126],
			"rotation": {"angle": -22.5, "axis": "y", "origin": [-16.48834, 6.2, 22.18126]},
			"faces": {
				"north": {"uv": [0, 0, 1, 1], "texture": "#4"},
				"east": {"uv": [0, 0, 1.25, 1], "texture": "#4"},
				"south": {"uv": [0, 0, 16, 16], "texture": "#4"},
				"west": {"uv": [0, 0, 1.25, 1], "texture": "#4"},
				"up": {"uv": [0, 0, 1, 1.25], "texture": "#4"},
				"down": {"uv": [0, 0, 1, 1.25], "texture": "#4"}
			}
		},
		{
			"from": [0.51166, 4.2, 23.68126],
			"to": [3.01166, 5.2, 24.93126],
			"rotation": {"angle": -22.5, "axis": "y", "origin": [-16.48834, 2.2, 22.68126]},
			"faces": {
				"north": {"uv": [0, 0, 1, 1], "texture": "#12"},
				"east": {"uv": [0, 0, 1.25, 1], "texture": "#12"},
				"south": {"uv": [0, 0, 16, 16], "texture": "#12"},
				"west": {"uv": [0, 0, 1.25, 1], "texture": "#12"},
				"up": {"uv": [0, 0, 1, 1.25], "texture": "#12"},
				"down": {"uv": [0, 0, 1, 1.25], "texture": "#12"}
			}
		},
		{
			"from": [1.51166, 4.45, 23.68126],
			"to": [2.76166, 4.95, 25.03126],
			"rotation": {"angle": -22.5, "axis": "y", "origin": [-16.48834, 2.2, 22.68126]},
			"faces": {
				"north": {"uv": [0, 0, 1, 1], "texture": "#14"},
				"east": {"uv": [0, 0, 1.25, 1], "texture": "#14"},
				"south": {"uv": [0, 0, 16, 16], "texture": "#14"},
				"west": {"uv": [0, 0, 1.25, 1], "texture": "#14"},
				"up": {"uv": [0, 0, 1, 1.25], "texture": "#14"},
				"down": {"uv": [0, 0, 1, 1.25], "texture": "#14"}
			}
		},
		{
			"from": [0.41166, 8.2, 22.68126],
			"to": [1.41166, 9.2, 23.93126],
			"rotation": {"angle": -22.5, "axis": "y", "origin": [-17.58834, 6.2, 21.68126]},
			"faces": {
				"north": {"uv": [0, 0, 16, 16], "texture": "#12"},
				"east": {"uv": [0, 0, 16, 16], "texture": "#12"},
				"south": {"uv": [0, 0, 16, 16], "texture": "#12"},
				"west": {"uv": [0, 0, 16, 16], "texture": "#12"},
				"up": {"uv": [0, 0, 16, 16], "texture": "#12"},
				"down": {"uv": [0, 0, 16, 16], "texture": "#12"}
			}
		},
		{
			"from": [13.28834, 2, 23.88126],
			"to": [17.28834, 6, 24.88126],
			"rotation": {"angle": 22.5, "axis": "y", "origin": [32.28834, -1, 22.88126]},
			"faces": {
				"north": {"uv": [4, 0, 0, 4], "texture": "#3"},
				"east": {"uv": [1, 0, 0, 4], "texture": "#3"},
				"south": {"uv": [4, 0, 0, 4], "texture": "#3"},
				"west": {"uv": [1, 0, 0, 4], "texture": "#3"},
				"up": {"uv": [4, 0, 0, 1], "texture": "#3"},
				"down": {"uv": [4, 0, 0, 1], "texture": "#3"}
			}
		},
		{
			"from": [12.98834, 4.2, 23.68126],
			"to": [15.48834, 5.2, 24.93126],
			"rotation": {"angle": 22.5, "axis": "y", "origin": [32.48834, 2.2, 22.68126]},
			"faces": {
				"north": {"uv": [1, 0, 0, 1], "texture": "#12"},
				"east": {"uv": [1.25, 0, 0, 1], "texture": "#12"},
				"south": {"uv": [16, 0, 0, 16], "texture": "#12"},
				"west": {"uv": [1.25, 0, 0, 1], "texture": "#12"},
				"up": {"uv": [1, 0, 0, 1.25], "texture": "#12"},
				"down": {"uv": [1, 0, 0, 1.25], "texture": "#12"}
			}
		},
		{
			"from": [13.23834, 4.45, 23.68126],
			"to": [14.48834, 4.95, 25.03126],
			"rotation": {"angle": 22.5, "axis": "y", "origin": [32.48834, 2.2, 22.68126]},
			"faces": {
				"north": {"uv": [1, 0, 0, 1], "texture": "#14"},
				"east": {"uv": [1.25, 0, 0, 1], "texture": "#14"},
				"south": {"uv": [16, 0, 0, 16], "texture": "#14"},
				"west": {"uv": [1.25, 0, 0, 1], "texture": "#14"},
				"up": {"uv": [1, 0, 0, 1.25], "texture": "#14"},
				"down": {"uv": [1, 0, 0, 1.25], "texture": "#14"}
			}
		},
		{
			"from": [15.55998, 7.45, 22.23321],
			"to": [16.05998, 9.45, 23.23321],
			"rotation": {"angle": 22.5, "axis": "y", "origin": [34.55998, 5.7, 21.23321]},
			"faces": {
				"north": {"uv": [0.5, 0, 0, 2], "texture": "#9"},
				"east": {"uv": [1, 0, 0, 2], "texture": "#9"},
				"south": {"uv": [0.5, 0, 0, 2], "texture": "#9"},
				"west": {"uv": [1, 0, 0, 2], "texture": "#9"},
				"up": {"uv": [0.5, 0, 0, 1], "texture": "#9"},
				"down": {"uv": [0.5, 0, 0, 1], "texture": "#9"}
			}
		},
		{
			"from": [13.28834, 6, 22.88126],
			"to": [16.78834, 10, 23.88126],
			"rotation": {"angle": 22.5, "axis": "y", "origin": [32.28834, 5, 21.88126]},
			"faces": {
				"north": {"uv": [3.5, 0, 0, 4], "texture": "#3"},
				"east": {"uv": [1, 0, 0, 4], "texture": "#3"},
				"south": {"uv": [3.5, 0, 0, 4], "texture": "#3"},
				"west": {"uv": [1, 0, 0, 4], "texture": "#3"},
				"up": {"uv": [3.5, 0, 0, 1], "texture": "#3"},
				"down": {"uv": [3.5, 0, 0, 1], "texture": "#3"}
			}
		},
		{
			"from": [14.58834, 8.2, 22.68126],
			"to": [15.58834, 9.2, 23.93126],
			"rotation": {"angle": 22.5, "axis": "y", "origin": [33.58834, 6.2, 21.68126]},
			"faces": {
				"north": {"uv": [16, 0, 0, 16], "texture": "#12"},
				"east": {"uv": [16, 0, 0, 16], "texture": "#12"},
				"south": {"uv": [16, 0, 0, 16], "texture": "#12"},
				"west": {"uv": [16, 0, 0, 16], "texture": "#12"},
				"up": {"uv": [16, 0, 0, 16], "texture": "#12"},
				"down": {"uv": [16, 0, 0, 16], "texture": "#12"}
			}
		},
		{
			"from": [12.78834, 7.7, 23.38126],
			"to": [15.78834, 9.7, 24.38126],
			"rotation": {"angle": 22.5, "axis": "y", "origin": [31.78834, 5.7, 22.38126]},
			"faces": {
				"north": {"uv": [3, 0, 0, 2], "texture": "#9"},
				"east": {"uv": [1, 0, 0, 2], "texture": "#9"},
				"south": {"uv": [3, 0, 0, 2], "texture": "#9"},
				"west": {"uv": [1, 0, 0, 2], "texture": "#9"},
				"up": {"uv": [3, 0, 0, 1], "texture": "#9"},
				"down": {"uv": [3, 0, 0, 1], "texture": "#9"}
			}
		},
		{
			"from": [14.48834, 8.2, 30.38126],
			"to": [15.48834, 9.2, 31.63126],
			"rotation": {"angle": 0, "axis": "y", "origin": [33.48834, 6.2, 29.38126]},
			"faces": {
				"north": {"uv": [1, 0, 0, 1], "texture": "#4"},
				"east": {"uv": [1.25, 0, 0, 1], "texture": "#4"},
				"south": {"uv": [16, 0, 0, 16], "texture": "#4"},
				"west": {"uv": [1.25, 0, 0, 1], "texture": "#4"},
				"up": {"uv": [1, 0, 0, 1.25], "texture": "#4"},
				"down": {"uv": [1, 0, 0, 1.25], "texture": "#4"}
			}
		},
		{
			"from": [14, 7.7, 30.5],
			"to": [15, 9.7, 31.5],
			"rotation": {"angle": 0, "axis": "y", "origin": [32, 5.7, 29.5]},
			"faces": {
				"north": {"uv": [1, 0, 0, 2], "texture": "#9"},
				"east": {"uv": [1, 0, 0, 2], "texture": "#9"},
				"south": {"uv": [1, 0, 0, 2], "texture": "#9"},
				"west": {"uv": [1, 0, 0, 2], "texture": "#9"},
				"up": {"uv": [1, 0, 0, 1], "texture": "#9"},
				"down": {"uv": [1, 0, 0, 1], "texture": "#9"}
			}
		},
		{
			"from": [14.25, 7.2, 30.5],
			"to": [15.25, 7.7, 31.5],
			"rotation": {"angle": 0, "axis": "y", "origin": [32.25, 3.7, 29.5]},
			"faces": {
				"north": {"uv": [1, 0, 0, 0.5], "texture": "#9"},
				"east": {"uv": [1, 0, 0, 0.5], "texture": "#9"},
				"south": {"uv": [1, 0, 0, 0.5], "texture": "#9"},
				"west": {"uv": [1, 0, 0, 0.5], "texture": "#9"},
				"up": {"uv": [1, 0, 0, 1], "texture": "#9"},
				"down": {"uv": [1, 0, 0, 1], "texture": "#9"}
			}
		},
		{
			"from": [13.08834, 7.1, 23.38126],
			"to": [15.78834, 7.7, 24.38126],
			"rotation": {"angle": 22.5, "axis": "y", "origin": [31.78834, 5.3, 22.38126]},
			"faces": {
				"north": {"uv": [2.7, 0, 0, 0.6], "texture": "#9"},
				"east": {"uv": [1, 0, 0, 0.6], "texture": "#9"},
				"south": {"uv": [2.7, 0, 0, 0.6], "texture": "#9"},
				"west": {"uv": [1, 0, 0, 0.6], "texture": "#9"},
				"up": {"uv": [2.7, 0, 0, 1], "texture": "#9"},
				"down": {"uv": [2.7, 0, 0, 1], "texture": "#9"}
			}
		},
		{
			"from": [13.48834, 8.2, 23.18126],
			"to": [14.48834, 9.2, 24.43126],
			"rotation": {"angle": 22.5, "axis": "y", "origin": [32.48834, 6.2, 22.18126]},
			"faces": {
				"north": {"uv": [1, 0, 0, 1], "texture": "#4"},
				"east": {"uv": [1.25, 0, 0, 1], "texture": "#4"},
				"south": {"uv": [16, 0, 0, 16], "texture": "#4"},
				"west": {"uv": [1.25, 0, 0, 1], "texture": "#4"},
				"up": {"uv": [1, 0, 0, 1.25], "texture": "#4"},
				"down": {"uv": [1, 0, 0, 1.25], "texture": "#4"}
			}
		},
		{
			"from": [13.5, 8, 30.5],
			"to": [14, 8.8, 31.5],
			"rotation": {"angle": 0, "axis": "y", "origin": [31, 5.7, 29.5]},
			"faces": {
				"north": {"uv": [0.5, 0, 0, 0.8], "texture": "#9"},
				"east": {"uv": [1, 0, 0, 0.8], "texture": "#9"},
				"south": {"uv": [0.5, 0, 0, 0.8], "texture": "#9"},
				"west": {"uv": [1, 0, 0, 0.8], "texture": "#9"},
				"up": {"uv": [0.5, 0, 0, 1], "texture": "#9"},
				"down": {"uv": [0.5, 0, 0, 1], "texture": "#9"}
			}
		},
		{
			"from": [-1.5, 0, 3],
			"to": [17.4, 11, 4],
			"rotation": {"angle": 0, "axis": "y", "origin": [-3.5, 0, 2]},
			"faces": {
				"north": {"uv": [0, 0, 16, 11], "texture": "#3"},
				"east": {"uv": [0, 0, 1, 11], "texture": "#3"},
				"south": {"uv": [0, 0, 16, 11], "texture": "#11"},
				"west": {"uv": [0, 0, 1, 11], "texture": "#3"},
				"up": {"uv": [0, 0, 16, 1], "texture": "#3"},
				"down": {"uv": [0, 0, 16, 1], "texture": "#3"}
			}
		},
		{
			"from": [-2.5, 0, 1],
			"to": [-1.5, 10.6, 3],
			"rotation": {"angle": 0, "axis": "y", "origin": [-3.5, 0, 1]},
			"faces": {
				"north": {"uv": [0, 0, 1, 10.6], "texture": "#3"},
				"east": {"uv": [0, 0, 2, 10.6], "texture": "#3"},
				"south": {"uv": [0, 0, 1, 10.6], "texture": "#3"},
				"west": {"uv": [0, 0, 2, 10.6], "texture": "#3"},
				"up": {"uv": [0, 0, 1, 2], "texture": "#3"},
				"down": {"uv": [0, 0, 1, 2], "texture": "#3"}
			}
		},
		{
			"from": [-2.5, 8.76537, -8.15224],
			"to": [-1.5, 9.76537, 0.99776],
			"rotation": {"angle": 0, "axis": "y", "origin": [-3.5, 0.76537, -4.15224]},
			"faces": {
				"north": {"uv": [0, 0, 1, 1], "texture": "#3"},
				"east": {"uv": [0, 0, 9.15, 1], "texture": "#3"},
				"south": {"uv": [0, 0, 1, 1], "texture": "#3"},
				"west": {"uv": [0, 0, 9.15, 1], "texture": "#3"},
				"up": {"uv": [0, 0, 1, 9.15], "texture": "#3"},
				"down": {"uv": [0, 0, 1, 9.15], "texture": "#3"}
			}
		},
		{
			"from": [-2.5, 7.53703, -10.62749],
			"to": [-1.4, 8.53703, -4.32749],
			"rotation": {"angle": -22.5, "axis": "x", "origin": [-3.5, -0.46297, -9.32749]},
			"faces": {
				"north": {"uv": [0, 0, 1.1, 1], "texture": "#3"},
				"east": {"uv": [0, 0, 6.3, 1], "texture": "#3"},
				"south": {"uv": [0, 0, 1.1, 1], "texture": "#3"},
				"west": {"uv": [0, 0, 6.3, 1], "texture": "#3"},
				"up": {"uv": [0, 0, 1.1, 6.3], "texture": "#3"},
				"down": {"uv": [0, 0, 1.1, 6.3], "texture": "#3"}
			}
		},
		{
			"from": [-2.5, 0, -14],
			"to": [-1.4, 7.25, -12],
			"rotation": {"angle": 0, "axis": "y", "origin": [-3.5, 0, -15]},
			"faces": {
				"north": {"uv": [0, 0, 1.1, 7.25], "texture": "#3"},
				"east": {"uv": [0, 0, 2, 7.25], "texture": "#3"},
				"south": {"uv": [0, 0, 1.1, 7.25], "texture": "#3"},
				"west": {"uv": [0, 0, 2, 7.25], "texture": "#3"},
				"up": {"uv": [0, 0, 1.1, 2], "texture": "#3"},
				"down": {"uv": [0, 0, 1.1, 2], "texture": "#3"}
			}
		},
		{
			"from": [-2.5, 0, -12],
			"to": [-1.4, 7.65, -10.7],
			"rotation": {"angle": 0, "axis": "y", "origin": [-3.5, 0, -13]},
			"faces": {
				"north": {"uv": [0, 0, 1.1, 7.65], "texture": "#3"},
				"east": {"uv": [0, 0, 1.3, 7.65], "texture": "#3"},
				"south": {"uv": [0, 0, 1.1, 7.65], "texture": "#3"},
				"west": {"uv": [0, 0, 1.3, 7.65], "texture": "#3"},
				"up": {"uv": [0, 0, 1.1, 1.3], "texture": "#3"},
				"down": {"uv": [0, 0, 1.1, 1.3], "texture": "#3"}
			}
		},
		{
			"from": [17.4, 0, 1],
			"to": [18.4, 10.6, 3],
			"rotation": {"angle": 0, "axis": "y", "origin": [19.4, 0, 1]},
			"faces": {
				"north": {"uv": [1, 0, 2, 10.6], "texture": "#3"},
				"east": {"uv": [2, 0, 4, 10.6], "texture": "#3"},
				"south": {"uv": [1, 0, 2, 10.6], "texture": "#3"},
				"west": {"uv": [2, 0, 4, 10.6], "texture": "#3"},
				"up": {"uv": [1, 0, 2, 2], "texture": "#3"},
				"down": {"uv": [1, 0, 2, 2], "texture": "#3"}
			}
		},
		{
			"from": [17.4, 8.76537, -8.15224],
			"to": [18.4, 9.76537, 0.99776],
			"rotation": {"angle": 0, "axis": "y", "origin": [19.4, 0.76537, -4.15224]},
			"faces": {
				"north": {"uv": [1, 0, 2, 1], "texture": "#3"},
				"east": {"uv": [6.85, 0, 16, 1], "texture": "#3"},
				"south": {"uv": [1, 0, 2, 1], "texture": "#3"},
				"west": {"uv": [6.85, 0, 16, 1], "texture": "#3"},
				"up": {"uv": [1, 0, 2, 9.15], "texture": "#3"},
				"down": {"uv": [1, 0, 2, 9.15], "texture": "#3"}
			}
		},
		{
			"from": [17.275, 0, -12],
			"to": [18.375, 7.65, -10.7],
			"rotation": {"angle": 0, "axis": "y", "origin": [19.375, 0, -13]},
			"faces": {
				"north": {"uv": [1.1, 0, 2.2, 7.65], "texture": "#3"},
				"east": {"uv": [1.3, 0, 2.6, 7.65], "texture": "#3"},
				"south": {"uv": [1.1, 0, 2.2, 7.65], "texture": "#3"},
				"west": {"uv": [1.3, 0, 2.6, 7.65], "texture": "#3"},
				"up": {"uv": [1.1, 0, 2.2, 1.3], "texture": "#3"},
				"down": {"uv": [1.1, 0, 2.2, 1.3], "texture": "#3"}
			}
		},
		{
			"from": [17.3, 7.53703, -10.62749],
			"to": [18.4, 8.53703, -4.32749],
			"rotation": {"angle": -22.5, "axis": "x", "origin": [19.4, -0.46297, -9.32749]},
			"faces": {
				"north": {"uv": [1.1, 0, 2.2, 1], "texture": "#3"},
				"east": {"uv": [6.3, 0, 12.6, 1], "texture": "#3"},
				"south": {"uv": [1.1, 0, 2.2, 1], "texture": "#3"},
				"west": {"uv": [6.3, 0, 12.6, 1], "texture": "#3"},
				"up": {"uv": [1.1, 0, 2.2, 6.3], "texture": "#3"},
				"down": {"uv": [1.1, 0, 2.2, 6.3], "texture": "#3"}
			}
		},
		{
			"from": [17.3, 0, -14],
			"to": [18.4, 7.25, -12],
			"rotation": {"angle": 0, "axis": "y", "origin": [19.4, 0, -15]},
			"faces": {
				"north": {"uv": [1.1, 0, 2.2, 7.25], "texture": "#3"},
				"east": {"uv": [2, 0, 4, 7.25], "texture": "#3"},
				"south": {"uv": [1.1, 0, 2.2, 7.25], "texture": "#3"},
				"west": {"uv": [2, 0, 4, 7.25], "texture": "#3"},
				"up": {"uv": [1.1, 0, 2.2, 2], "texture": "#3"},
				"down": {"uv": [1.1, 0, 2.2, 2], "texture": "#3"}
			}
		},
		{
			"from": [1.75, 0, -16],
			"to": [14.3, 1, -15],
			"rotation": {"angle": 0, "axis": "y", "origin": [1.75, 0, -17]},
			"faces": {
				"north": {"uv": [0, 0, 12.55, 1], "texture": "#3"},
				"east": {"uv": [0, 0, 1, 1], "texture": "#3"},
				"south": {"uv": [0, 0, 12.55, 1], "texture": "#3"},
				"west": {"uv": [0, 0, 1, 1], "texture": "#3"},
				"up": {"uv": [0, 0, 1, 12.55], "rotation": 90, "texture": "#3"},
				"down": {"uv": [0, 0, 1, 12.55], "rotation": 270, "texture": "#3"}
			}
		},
		{
			"from": [4.75, 1, -15.75],
			"to": [11.4, 4, -15],
			"rotation": {"angle": 0, "axis": "y", "origin": [1.75, 1, -17]},
			"faces": {
				"north": {"uv": [0, 0, 6.65, 3], "texture": "#9"},
				"east": {"uv": [0, 0, 0.75, 3], "texture": "#9"},
				"south": {"uv": [0, 0, 6.65, 3], "texture": "#9"},
				"west": {"uv": [0, 0, 0.75, 3], "texture": "#9"},
				"up": {"uv": [0, 0, 0.75, 6.65], "rotation": 90, "texture": "#9"},
				"down": {"uv": [0, 0, 0.75, 6.65], "rotation": 270, "texture": "#9"}
			}
		},
		{
			"from": [-2.16215, 0, -11.04467],
			"to": [2.33785, 1, -10.04467],
			"rotation": {"angle": 22.5, "axis": "y", "origin": [-10.41215, 0, -12.04467]},
			"faces": {
				"north": {"uv": [0, 0, 4.5, 1], "texture": "#3"},
				"east": {"uv": [0, 0, 1, 1], "texture": "#3"},
				"south": {"uv": [0, 0, 4.5, 1], "texture": "#3"},
				"west": {"uv": [0, 0, 1, 1], "texture": "#3"},
				"up": {"uv": [0, 0, 1, 4.5], "rotation": 90, "texture": "#3"},
				"down": {"uv": [0, 0, 1, 4.5], "rotation": 270, "texture": "#3"}
			}
		},
		{
			"from": [-1.66215, 3, -10.79467],
			"to": [3.58785, 5, -9.79467],
			"rotation": {"angle": 22.5, "axis": "y", "origin": [-9.91215, 5, -11.79467]},
			"faces": {
				"north": {"uv": [0, 0, 5.25, 2], "texture": "#3"},
				"east": {"uv": [0, 0, 1, 2], "texture": "#3"},
				"south": {"uv": [0, 0, 5.25, 2], "texture": "#3"},
				"west": {"uv": [0, 0, 1, 2], "texture": "#3"},
				"up": {"uv": [0, 0, 1, 5.25], "rotation": 90, "texture": "#3"},
				"down": {"uv": [0, 0, 1, 5.25], "rotation": 270, "texture": "#3"}
			}
		},
		{
			"from": [-1.16215, 5, -10.49467],
			"to": [3.38785, 6, -9.49467],
			"rotation": {"angle": 22.5, "axis": "y", "origin": [-9.91215, 5, -11.49467]},
			"faces": {
				"north": {"uv": [9.3, 5, 5.25, 6], "texture": "#10"},
				"east": {"uv": [9.3, 5, 5.25, 6], "texture": "#10"},
				"south": {"uv": [9.3, 5, 5.25, 6], "texture": "#10"},
				"west": {"uv": [9.3, 5, 5.25, 6], "texture": "#10"},
				"up": {"uv": [9.3, 5, 5.25, 6], "texture": "#10"},
				"down": {"uv": [9.3, 5, 5.25, 6], "texture": "#10"}
			}
		},
		{
			"from": [-1.16215, 6, -10.49467],
			"to": [3.33785, 7, -9.49467],
			"rotation": {"angle": 22.5, "axis": "y", "origin": [-9.91215, 6, -11.49467]},
			"faces": {
				"north": {"uv": [9.3, 5, 5.25, 6], "texture": "#3"},
				"east": {"uv": [9.3, 5, 5.25, 6], "texture": "#3"},
				"south": {"uv": [9.3, 5, 5.25, 6], "texture": "#3"},
				"west": {"uv": [9.3, 5, 5.25, 6], "texture": "#3"},
				"up": {"uv": [9.3, 5, 5.25, 6], "texture": "#3"},
				"down": {"uv": [9.3, 5, 5.25, 6], "texture": "#3"}
			}
		},
		{
			"from": [-1.41215, 1, -10.54467],
			"to": [3.58785, 3, -9.79467],
			"rotation": {"angle": 22.5, "axis": "y", "origin": [-9.66215, 1.25, -11.79467]},
			"faces": {
				"north": {"uv": [9, 0, 14, 2], "texture": "#9"},
				"east": {"uv": [2, 0, 2.75, 2], "texture": "#9"},
				"south": {"uv": [9, 0, 14, 2], "texture": "#9"},
				"west": {"uv": [2, 0, 2.75, 2], "texture": "#9"},
				"up": {"uv": [0, 9, 0.75, 14], "rotation": 90, "texture": "#9"},
				"down": {"uv": [0, 9, 0.75, 14], "rotation": 270, "texture": "#9"}
			}
		},
		{
			"from": [13.66215, 0, -11.04467],
			"to": [18.16215, 1, -10.04467],
			"rotation": {"angle": -22.5, "axis": "y", "origin": [26.41215, 0, -12.04467]},
			"faces": {
				"north": {"uv": [4.5, 0, 0, 1], "texture": "#3"},
				"east": {"uv": [1, 0, 0, 1], "texture": "#3"},
				"south": {"uv": [4.5, 0, 0, 1], "texture": "#3"},
				"west": {"uv": [1, 0, 0, 1], "texture": "#3"},
				"up": {"uv": [0, 4.5, 1, 0], "rotation": 90, "texture": "#3"},
				"down": {"uv": [0, 4.5, 1, 0], "rotation": 270, "texture": "#3"}
			}
		},
		{
			"from": [12.41215, 1, -10.54467],
			"to": [17.41215, 3, -9.79467],
			"rotation": {"angle": -22.5, "axis": "y", "origin": [25.66215, 1.25, -11.79467]},
			"faces": {
				"north": {"uv": [14, 0, 9, 2], "texture": "#9"},
				"east": {"uv": [2.75, 0, 2, 2], "texture": "#9"},
				"south": {"uv": [14, 0, 9, 2], "texture": "#9"},
				"west": {"uv": [2.75, 0, 2, 2], "texture": "#9"},
				"up": {"uv": [0, 14, 0.75, 9], "rotation": 90, "texture": "#9"},
				"down": {"uv": [0, 14, 0.75, 9], "rotation": 270, "texture": "#9"}
			}
		},
		{
			"from": [12.41215, 3, -10.79467],
			"to": [17.66215, 5, -9.79467],
			"rotation": {"angle": -22.5, "axis": "y", "origin": [25.91215, 5, -11.79467]},
			"faces": {
				"north": {"uv": [5.25, 0, 0, 2], "texture": "#3"},
				"east": {"uv": [1, 0, 0, 2], "texture": "#3"},
				"south": {"uv": [5.25, 0, 0, 2], "texture": "#3"},
				"west": {"uv": [1, 0, 0, 2], "texture": "#3"},
				"up": {"uv": [0, 5.25, 1, 0], "rotation": 90, "texture": "#3"},
				"down": {"uv": [0, 5.25, 1, 0], "rotation": 270, "texture": "#3"}
			}
		},
		{
			"from": [12.61215, 5, -10.49467],
			"to": [17.16215, 6, -9.49467],
			"rotation": {"angle": -22.5, "axis": "y", "origin": [25.91215, 5, -11.49467]},
			"faces": {
				"north": {"uv": [5.25, 5, 9.3, 6], "texture": "#10"},
				"east": {"uv": [5.25, 5, 9.3, 6], "texture": "#10"},
				"south": {"uv": [5.25, 5, 9.3, 6], "texture": "#10"},
				"west": {"uv": [5.25, 5, 9.3, 6], "texture": "#10"},
				"up": {"uv": [5.25, 5, 9.3, 6], "texture": "#10"},
				"down": {"uv": [5.25, 5, 9.3, 6], "texture": "#10"}
			}
		},
		{
			"from": [12.66215, 6, -10.49467],
			"to": [17.16215, 7, -9.49467],
			"rotation": {"angle": -22.5, "axis": "y", "origin": [25.91215, 6, -11.49467]},
			"faces": {
				"north": {"uv": [5.25, 5, 9.3, 6], "texture": "#3"},
				"east": {"uv": [5.25, 5, 9.3, 6], "texture": "#3"},
				"south": {"uv": [5.25, 5, 9.3, 6], "texture": "#3"},
				"west": {"uv": [5.25, 5, 9.3, 6], "texture": "#3"},
				"up": {"uv": [5.25, 5, 9.3, 6], "texture": "#3"},
				"down": {"uv": [5.25, 5, 9.3, 6], "texture": "#3"}
			}
		},
		{
			"from": [3, 1, -16],
			"to": [4.75, 5, -14],
			"rotation": {"angle": 0, "axis": "x", "origin": [1.75, 1, -17]},
			"faces": {
				"north": {"uv": [0, 0, 1.75, 4], "texture": "#3"},
				"east": {"uv": [0, 0, 2, 4], "texture": "#3"},
				"south": {"uv": [0, 0, 1.75, 4], "texture": "#3"},
				"west": {"uv": [0, 0, 2, 4], "texture": "#3"},
				"up": {"uv": [0, 0, 2, 1.75], "rotation": 90, "texture": "#3"},
				"down": {"uv": [0, 0, 2, 1.75], "rotation": 270, "texture": "#3"}
			}
		},
		{
			"from": [11.3, 1, -16],
			"to": [13.05, 5, -14],
			"rotation": {"angle": 0, "axis": "x", "origin": [10.3, 1, -17]},
			"faces": {
				"north": {"uv": [0, 0, 1.75, 4], "texture": "#3"},
				"east": {"uv": [0, 0, 2, 4], "texture": "#3"},
				"south": {"uv": [0, 0, 1.75, 4], "texture": "#3"},
				"west": {"uv": [0, 0, 2, 4], "texture": "#3"},
				"up": {"uv": [0, 0, 2, 1.75], "rotation": 90, "texture": "#3"},
				"down": {"uv": [0, 0, 2, 1.75], "rotation": 270, "texture": "#3"}
			}
		},
		{
			"from": [2.75, 5, -16],
			"to": [13.75, 6, -15],
			"rotation": {"angle": 0, "axis": "y", "origin": [1.75, 4, -17]},
			"faces": {
				"north": {"uv": [0, 0, 11, 1], "texture": "#3"},
				"east": {"uv": [0, 0, 1, 1], "texture": "#3"},
				"south": {"uv": [0, 0, 11, 1], "texture": "#3"},
				"west": {"uv": [0, 0, 1, 1], "texture": "#3"},
				"up": {"uv": [0, 0, 1, 11], "rotation": 90, "texture": "#3"},
				"down": {"uv": [0, 0, 1, 11], "rotation": 270, "texture": "#3"}
			}
		},
		{
			"from": [4.75, 4.05, -16],
			"to": [11.3, 5.25, -15],
			"rotation": {"angle": 0, "axis": "y", "origin": [1.75, 4, -17]},
			"faces": {
				"north": {"uv": [0, 0, 11, 1], "texture": "#3"},
				"east": {"uv": [0, 0, 1, 1], "texture": "#3"},
				"south": {"uv": [0, 0, 11, 1], "texture": "#3"},
				"west": {"uv": [0, 0, 1, 1], "texture": "#3"},
				"up": {"uv": [0, 0, 1, 11], "rotation": 90, "texture": "#3"},
				"down": {"uv": [0, 0, 1, 11], "rotation": 270, "texture": "#3"}
			}
		},
		{
			"from": [2.75, 6.38268, -15.92388],
			"to": [13.75, 7.38268, -14.92388],
			"rotation": {"angle": 22.5, "axis": "x", "origin": [1.75, 6.38268, -16.92388]},
			"faces": {
				"north": {"uv": [0, 0, 11, 1], "texture": "#3"},
				"east": {"uv": [0, 0, 1, 1], "texture": "#3"},
				"south": {"uv": [0, 0, 11, 1], "texture": "#3"},
				"west": {"uv": [0, 0, 1, 1], "texture": "#3"},
				"up": {"uv": [0, 0, 1, 11], "rotation": 90, "texture": "#3"},
				"down": {"uv": [0, 0, 1, 11], "rotation": 270, "texture": "#3"}
			}
		},
		{
			"from": [2.75, 7.63099, -15.32442],
			"to": [13.8, 8.63099, -14.32442],
			"rotation": {"angle": 45, "axis": "x", "origin": [1.75, 7.63099, -16.32442]},
			"faces": {
				"north": {"uv": [0, 0, 11.05, 1], "texture": "#3"},
				"east": {"uv": [0, 0, 1, 1], "texture": "#3"},
				"south": {"uv": [0, 0, 11.05, 1], "texture": "#3"},
				"west": {"uv": [0, 0, 1, 1], "texture": "#3"},
				"up": {"uv": [0, 0, 1, 11.05], "rotation": 90, "texture": "#3"},
				"down": {"uv": [0, 0, 1, 11.05], "rotation": 270, "texture": "#3"}
			}
		},
		{
			"from": [1.55, 6.55487, -15.29289],
			"to": [14.75, 7.55487, -8.29289],
			"rotation": {"angle": -22.5, "axis": "x", "origin": [1.75, 8.55487, -15.29289]},
			"faces": {
				"north": {"uv": [0, 0, 1, 13.2], "rotation": 90, "texture": "#3"},
				"east": {"uv": [0, 0, 1, 7], "rotation": 270, "texture": "#3"},
				"south": {"uv": [0, 0, 1, 13.2], "rotation": 90, "texture": "#3"},
				"west": {"uv": [0, 0, 1, 7], "rotation": 90, "texture": "#3"},
				"up": {"uv": [0, 0, 13.2, 7], "rotation": 180, "texture": "#3"},
				"down": {"uv": [0, 0, 13.2, 7], "texture": "#3"}
			}
		},
		{
			"from": [-1.5, 6.55487, -14.59289],
			"to": [1.55, 7.55487, -8.29289],
			"rotation": {"angle": -22.5, "axis": "x", "origin": [-11.5, 8.55487, -15.29289]},
			"faces": {
				"north": {"uv": [0, 0, 1, 3.05], "rotation": 90, "texture": "#3"},
				"east": {"uv": [0, 0, 1, 6.3], "rotation": 270, "texture": "#3"},
				"south": {"uv": [0, 0, 1, 3.05], "rotation": 90, "texture": "#3"},
				"west": {"uv": [0, 0, 1, 6.3], "rotation": 90, "texture": "#3"},
				"up": {"uv": [0, 0, 3.05, 6.3], "rotation": 180, "texture": "#3"},
				"down": {"uv": [0, 0, 3.05, 6.3], "texture": "#3"}
			}
		},
		{
			"from": [14.45, 6.55487, -14.59289],
			"to": [17.5, 7.55487, -8.29289],
			"rotation": {"angle": -22.5, "axis": "x", "origin": [27.5, 8.55487, -15.29289]},
			"faces": {
				"north": {"uv": [0, 3.05, 1, 0], "rotation": 90, "texture": "#3"},
				"east": {"uv": [0, 6.3, 1, 0], "rotation": 90, "texture": "#3"},
				"south": {"uv": [0, 3.05, 1, 0], "rotation": 90, "texture": "#3"},
				"west": {"uv": [0, 6.3, 1, 0], "rotation": 270, "texture": "#3"},
				"up": {"uv": [3.05, 0, 0, 6.3], "rotation": 180, "texture": "#3"},
				"down": {"uv": [3.05, 0, 0, 6.3], "texture": "#3"}
			}
		},
		{
			"from": [-1.95, 8.75262, -1.80826],
			"to": [17.65, 9.65262, 2.59174],
			"rotation": {"angle": -22.5, "axis": "x", "origin": [1.75, 11.15262, -1.80826]},
			"faces": {
				"north": {"uv": [0, 0, 0.9, 16], "rotation": 90, "texture": "#3"},
				"east": {"uv": [0, 0, 0.9, 4.4], "rotation": 270, "texture": "#3"},
				"south": {"uv": [0, 0, 0.9, 16], "rotation": 90, "texture": "#3"},
				"west": {"uv": [0, 0, 0.9, 4.4], "rotation": 90, "texture": "#3"},
				"up": {"uv": [0, 0, 16, 4.4], "rotation": 180, "texture": "#3"},
				"down": {"uv": [0, 0, 16, 4.4], "texture": "#3"}
			}
		},
		{
			"from": [-1.25, 6.37031, -13.89667],
			"to": [2.25, 9.37031, -10.89667],
			"rotation": {"angle": 22.5, "axis": "x", "origin": [-1.05, 6.65487, -10.19289]},
			"faces": {
				"north": {"uv": [5, 5, 10, 10.5], "rotation": 90, "texture": "#10"},
				"east": {"uv": [0, 0, 3, 4], "rotation": 270, "texture": "#9"},
				"south": {"uv": [0, 0, 3, 3.5], "rotation": 90, "texture": "#9"},
				"west": {"uv": [0, 0, 3, 4], "rotation": 90, "texture": "#9"},
				"up": {"uv": [0, 0, 3.5, 4], "rotation": 180, "texture": "#9"},
				"down": {"uv": [0, 0, 3.5, 4], "texture": "#3"}
			}
		},
		{
			"from": [-1.35, 9.29367, -14.27517],
			"to": [2.35, 9.54367, -10.77517],
			"rotation": {"angle": 22.5, "axis": "x", "origin": [-1.05, 6.65487, -10.19289]},
			"faces": {
				"north": {"uv": [5, 5, 10, 10.5], "rotation": 90, "texture": "#3"},
				"east": {"uv": [0, 0, 3, 4], "rotation": 270, "texture": "#3"},
				"south": {"uv": [0, 0, 3, 3.5], "rotation": 90, "texture": "#3"},
				"west": {"uv": [0, 0, 3, 4], "rotation": 90, "texture": "#3"},
				"up": {"uv": [0, 0, 3.5, 4], "rotation": 180, "texture": "#3"},
				"down": {"uv": [0, 0, 3.5, 4], "texture": "#3"}
			}
		},
		{
			"from": [-1, 8.66507, -13.95448],
			"to": [2, 9.31507, -13.90448],
			"rotation": {"angle": 22.5, "axis": "x", "origin": [-1.05, 6.65487, -10.19289]},
			"faces": {
				"north": {"uv": [5, 5, 6, 5.5], "rotation": 90, "texture": "#9"},
				"east": {"uv": [5, 5, 6, 5.5], "rotation": 90, "texture": "#9"},
				"south": {"uv": [5, 5, 6, 5.5], "rotation": 90, "texture": "#9"},
				"west": {"uv": [5, 5, 6, 5.5], "rotation": 90, "texture": "#9"},
				"up": {"uv": [5, 5, 6, 5.5], "rotation": 90, "texture": "#9"},
				"down": {"uv": [5, 5, 6, 5.5], "rotation": 90, "texture": "#9"}
			}
		},
		{
			"from": [2, 6.61507, -13.95448],
			"to": [2.25, 9.31507, -13.90448],
			"rotation": {"angle": 22.5, "axis": "x", "origin": [-1.05, 6.65487, -10.19289]},
			"faces": {
				"north": {"uv": [5, 5, 6, 5.5], "rotation": 90, "texture": "#9"},
				"east": {"uv": [5, 5, 6, 5.5], "rotation": 90, "texture": "#9"},
				"south": {"uv": [5, 5, 6, 5.5], "rotation": 90, "texture": "#9"},
				"west": {"uv": [5, 5, 6, 5.5], "rotation": 90, "texture": "#9"},
				"up": {"uv": [5, 5, 6, 5.5], "rotation": 90, "texture": "#9"},
				"down": {"uv": [5, 5, 6, 5.5], "rotation": 90, "texture": "#9"}
			}
		},
		{
			"from": [-1, 6.60355, -13.96649],
			"to": [2, 7.00355, -13.91649],
			"rotation": {"angle": 22.5, "axis": "x", "origin": [-1.05, 6.65487, -10.19289]},
			"faces": {
				"north": {"uv": [5, 5, 6, 5.5], "rotation": 90, "texture": "#9"},
				"east": {"uv": [5, 5, 6, 5.5], "rotation": 90, "texture": "#9"},
				"south": {"uv": [5, 5, 6, 5.5], "rotation": 90, "texture": "#9"},
				"west": {"uv": [5, 5, 6, 5.5], "rotation": 90, "texture": "#9"},
				"up": {"uv": [5, 5, 6, 5.5], "rotation": 90, "texture": "#9"},
				"down": {"uv": [5, 5, 6, 5.5], "rotation": 90, "texture": "#9"}
			}
		},
		{
			"from": [-0.85, 6.92855, -13.96445],
			"to": [-0.7, 7.32855, -13.91445],
			"rotation": {"angle": 22.5, "axis": "x", "origin": [-1.05, 6.65487, -10.19289]},
			"faces": {
				"north": {"uv": [6, 5, 6, 5.5], "rotation": 90, "texture": "#9"},
				"east": {"uv": [6, 5, 6, 5.5], "rotation": 90, "texture": "#9"},
				"south": {"uv": [6, 5, 6, 5.5], "rotation": 90, "texture": "#9"},
				"west": {"uv": [6, 5, 6, 5.5], "rotation": 90, "texture": "#9"},
				"up": {"uv": [6, 5, 6, 5.5], "rotation": 90, "texture": "#9"},
				"down": {"uv": [6, 5, 6, 5.5], "rotation": 90, "texture": "#9"}
			}
		},
		{
			"from": [-1, 6.92855, -13.96445],
			"to": [-0.85, 7.52855, -13.91445],
			"rotation": {"angle": 22.5, "axis": "x", "origin": [-1.05, 6.65487, -10.19289]},
			"faces": {
				"north": {"uv": [6, 5, 6, 5.5], "rotation": 90, "texture": "#9"},
				"east": {"uv": [6, 5, 6, 5.5], "rotation": 90, "texture": "#9"},
				"south": {"uv": [6, 5, 6, 5.5], "rotation": 90, "texture": "#9"},
				"west": {"uv": [6, 5, 6, 5.5], "rotation": 90, "texture": "#9"},
				"up": {"uv": [6, 5, 6, 5.5], "rotation": 90, "texture": "#9"},
				"down": {"uv": [6, 5, 6, 5.5], "rotation": 90, "texture": "#9"}
			}
		},
		{
			"from": [-1.25, 6.61507, -13.95448],
			"to": [-1, 9.31507, -13.90448],
			"rotation": {"angle": 22.5, "axis": "x", "origin": [-1.05, 6.65487, -10.19289]},
			"faces": {
				"north": {"uv": [5, 5, 5, 5.5], "rotation": 90, "texture": "#9"},
				"east": {"uv": [5, 5, 5, 5.5], "rotation": 90, "texture": "#9"},
				"south": {"uv": [5, 5, 5, 5.5], "rotation": 90, "texture": "#9"},
				"west": {"uv": [5, 5, 5, 5.5], "rotation": 90, "texture": "#9"},
				"up": {"uv": [5, 5, 5, 5.5], "rotation": 90, "texture": "#9"},
				"down": {"uv": [5, 5, 5, 5.5], "rotation": 90, "texture": "#9"}
			}
		},
		{
			"from": [-1, 8.21507, -13.95448],
			"to": [-0.75, 8.71507, -13.90448],
			"rotation": {"angle": 22.5, "axis": "x", "origin": [-1.05, 6.65487, -10.19289]},
			"faces": {
				"north": {"uv": [6, 5, 6, 5.5], "rotation": 90, "texture": "#9"},
				"east": {"uv": [6, 5, 6, 5.5], "rotation": 90, "texture": "#9"},
				"south": {"uv": [6, 5, 6, 5.5], "rotation": 90, "texture": "#9"},
				"west": {"uv": [6, 5, 6, 5.5], "rotation": 90, "texture": "#9"},
				"up": {"uv": [6, 5, 6, 5.5], "rotation": 90, "texture": "#9"},
				"down": {"uv": [6, 5, 6, 5.5], "rotation": 90, "texture": "#9"}
			}
		},
		{
			"from": [-0.75, 8.41507, -13.95448],
			"to": [-0.6, 8.71507, -13.90448],
			"rotation": {"angle": 22.5, "axis": "x", "origin": [-1.05, 6.65487, -10.19289]},
			"faces": {
				"north": {"uv": [6, 5, 6, 5.5], "rotation": 90, "texture": "#9"},
				"east": {"uv": [6, 5, 6, 5.5], "rotation": 90, "texture": "#9"},
				"south": {"uv": [6, 5, 6, 5.5], "rotation": 90, "texture": "#9"},
				"west": {"uv": [6, 5, 6, 5.5], "rotation": 90, "texture": "#9"},
				"up": {"uv": [6, 5, 6, 5.5], "rotation": 90, "texture": "#9"},
				"down": {"uv": [6, 5, 6, 5.5], "rotation": 90, "texture": "#9"}
			}
		},
		{
			"from": [13.55, 6.37031, -13.89667],
			"to": [17.05, 9.37031, -10.89667],
			"rotation": {"angle": 22.5, "axis": "x", "origin": [16.85, 6.65487, -10.19289]},
			"faces": {
				"north": {"uv": [5, 10.5, 10, 5], "rotation": 90, "texture": "#10"},
				"east": {"uv": [0, 4, 3, 0], "rotation": 90, "texture": "#9"},
				"south": {"uv": [0, 3.5, 3, 0], "rotation": 90, "texture": "#9"},
				"west": {"uv": [0, 4, 3, 0], "rotation": 270, "texture": "#9"},
				"up": {"uv": [3.5, 0, 0, 4], "rotation": 180, "texture": "#9"},
				"down": {"uv": [3.5, 0, 0, 4], "texture": "#3"}
			}
		},
		{
			"from": [13.45, 9.29367, -14.27517],
			"to": [17.15, 9.54367, -10.77517],
			"rotation": {"angle": 22.5, "axis": "x", "origin": [16.85, 6.65487, -10.19289]},
			"faces": {
				"north": {"uv": [5, 10.5, 10, 5], "rotation": 90, "texture": "#3"},
				"east": {"uv": [0, 4, 3, 0], "rotation": 90, "texture": "#3"},
				"south": {"uv": [0, 3.5, 3, 0], "rotation": 90, "texture": "#3"},
				"west": {"uv": [0, 4, 3, 0], "rotation": 270, "texture": "#3"},
				"up": {"uv": [3.5, 0, 0, 4], "rotation": 180, "texture": "#3"},
				"down": {"uv": [3.5, 0, 0, 4], "texture": "#3"}
			}
		},
		{
			"from": [13.8, 8.66507, -13.95448],
			"to": [16.8, 9.31507, -13.90448],
			"rotation": {"angle": 22.5, "axis": "x", "origin": [16.85, 6.65487, -10.19289]},
			"faces": {
				"north": {"uv": [5, 5.5, 6, 5], "rotation": 90, "texture": "#9"},
				"east": {"uv": [5, 5.5, 6, 5], "rotation": 90, "texture": "#9"},
				"south": {"uv": [5, 5.5, 6, 5], "rotation": 90, "texture": "#9"},
				"west": {"uv": [5, 5.5, 6, 5], "rotation": 90, "texture": "#9"},
				"up": {"uv": [5, 5.5, 6, 5], "rotation": 90, "texture": "#9"},
				"down": {"uv": [5, 5.5, 6, 5], "rotation": 90, "texture": "#9"}
			}
		},
		{
			"from": [13.55, 6.61507, -13.95448],
			"to": [13.8, 9.31507, -13.90448],
			"rotation": {"angle": 22.5, "axis": "x", "origin": [16.85, 6.65487, -10.19289]},
			"faces": {
				"north": {"uv": [5, 5.5, 6, 5], "rotation": 90, "texture": "#9"},
				"east": {"uv": [5, 5.5, 6, 5], "rotation": 90, "texture": "#9"},
				"south": {"uv": [5, 5.5, 6, 5], "rotation": 90, "texture": "#9"},
				"west": {"uv": [5, 5.5, 6, 5], "rotation": 90, "texture": "#9"},
				"up": {"uv": [5, 5.5, 6, 5], "rotation": 90, "texture": "#9"},
				"down": {"uv": [5, 5.5, 6, 5], "rotation": 90, "texture": "#9"}
			}
		},
		{
			"from": [13.8, 6.60355, -13.96649],
			"to": [16.8, 7.00355, -13.91649],
			"rotation": {"angle": 22.5, "axis": "x", "origin": [16.85, 6.65487, -10.19289]},
			"faces": {
				"north": {"uv": [5, 5.5, 6, 5], "rotation": 90, "texture": "#9"},
				"east": {"uv": [5, 5.5, 6, 5], "rotation": 90, "texture": "#9"},
				"south": {"uv": [5, 5.5, 6, 5], "rotation": 90, "texture": "#9"},
				"west": {"uv": [5, 5.5, 6, 5], "rotation": 90, "texture": "#9"},
				"up": {"uv": [5, 5.5, 6, 5], "rotation": 90, "texture": "#9"},
				"down": {"uv": [5, 5.5, 6, 5], "rotation": 90, "texture": "#9"}
			}
		},
		{
			"from": [16.5, 6.92855, -13.96445],
			"to": [16.65, 7.32855, -13.91445],
			"rotation": {"angle": 22.5, "axis": "x", "origin": [16.85, 6.65487, -10.19289]},
			"faces": {
				"north": {"uv": [6, 5.5, 6, 5], "rotation": 90, "texture": "#9"},
				"east": {"uv": [6, 5.5, 6, 5], "rotation": 90, "texture": "#9"},
				"south": {"uv": [6, 5.5, 6, 5], "rotation": 90, "texture": "#9"},
				"west": {"uv": [6, 5.5, 6, 5], "rotation": 90, "texture": "#9"},
				"up": {"uv": [6, 5.5, 6, 5], "rotation": 90, "texture": "#9"},
				"down": {"uv": [6, 5.5, 6, 5], "rotation": 90, "texture": "#9"}
			}
		},
		{
			"from": [16.65, 6.92855, -13.96445],
			"to": [16.8, 7.52855, -13.91445],
			"rotation": {"angle": 22.5, "axis": "x", "origin": [16.85, 6.65487, -10.19289]},
			"faces": {
				"north": {"uv": [6, 5.5, 6, 5], "rotation": 90, "texture": "#9"},
				"east": {"uv": [6, 5.5, 6, 5], "rotation": 90, "texture": "#9"},
				"south": {"uv": [6, 5.5, 6, 5], "rotation": 90, "texture": "#9"},
				"west": {"uv": [6, 5.5, 6, 5], "rotation": 90, "texture": "#9"},
				"up": {"uv": [6, 5.5, 6, 5], "rotation": 90, "texture": "#9"},
				"down": {"uv": [6, 5.5, 6, 5], "rotation": 90, "texture": "#9"}
			}
		},
		{
			"from": [16.8, 6.61507, -13.95448],
			"to": [17.05, 9.31507, -13.90448],
			"rotation": {"angle": 22.5, "axis": "x", "origin": [16.85, 6.65487, -10.19289]},
			"faces": {
				"north": {"uv": [5, 5.5, 5, 5], "rotation": 90, "texture": "#9"},
				"east": {"uv": [5, 5.5, 5, 5], "rotation": 90, "texture": "#9"},
				"south": {"uv": [5, 5.5, 5, 5], "rotation": 90, "texture": "#9"},
				"west": {"uv": [5, 5.5, 5, 5], "rotation": 90, "texture": "#9"},
				"up": {"uv": [5, 5.5, 5, 5], "rotation": 90, "texture": "#9"},
				"down": {"uv": [5, 5.5, 5, 5], "rotation": 90, "texture": "#9"}
			}
		},
		{
			"from": [16.55, 8.21507, -13.95448],
			"to": [16.8, 8.71507, -13.90448],
			"rotation": {"angle": 22.5, "axis": "x", "origin": [16.85, 6.65487, -10.19289]},
			"faces": {
				"north": {"uv": [6, 5.5, 6, 5], "rotation": 90, "texture": "#9"},
				"east": {"uv": [6, 5.5, 6, 5], "rotation": 90, "texture": "#9"},
				"south": {"uv": [6, 5.5, 6, 5], "rotation": 90, "texture": "#9"},
				"west": {"uv": [6, 5.5, 6, 5], "rotation": 90, "texture": "#9"},
				"up": {"uv": [6, 5.5, 6, 5], "rotation": 90, "texture": "#9"},
				"down": {"uv": [6, 5.5, 6, 5], "rotation": 90, "texture": "#9"}
			}
		},
		{
			"from": [16.4, 8.41507, -13.95448],
			"to": [16.55, 8.71507, -13.90448],
			"rotation": {"angle": 22.5, "axis": "x", "origin": [16.85, 6.65487, -10.19289]},
			"faces": {
				"north": {"uv": [6, 5.5, 6, 5], "rotation": 90, "texture": "#9"},
				"east": {"uv": [6, 5.5, 6, 5], "rotation": 90, "texture": "#9"},
				"south": {"uv": [6, 5.5, 6, 5], "rotation": 90, "texture": "#9"},
				"west": {"uv": [6, 5.5, 6, 5], "rotation": 90, "texture": "#9"},
				"up": {"uv": [6, 5.5, 6, 5], "rotation": 90, "texture": "#9"},
				"down": {"uv": [6, 5.5, 6, 5], "rotation": 90, "texture": "#9"}
			}
		},
		{
			"from": [-1.95, 9.30487, -8.29289],
			"to": [17.65, 10.30487, 0.15711],
			"rotation": {"angle": 0, "axis": "x", "origin": [1.75, 11.30487, -7.04289]},
			"faces": {
				"north": {"uv": [0, 0, 1, 16], "rotation": 90, "texture": "#3"},
				"east": {"uv": [0, 0, 1, 8.45], "rotation": 270, "texture": "#3"},
				"south": {"uv": [0, 0, 1, 16], "rotation": 90, "texture": "#3"},
				"west": {"uv": [0, 0, 1, 8.45], "rotation": 90, "texture": "#3"},
				"up": {"uv": [0, 0, 16, 8.45], "rotation": 180, "texture": "#3"},
				"down": {"uv": [0, 0, 16, 8.45], "texture": "#3"}
			}
		},
		{
			"from": [0.05, 0.30487, -8.29289],
			"to": [15.95, 9.30487, 2.15711],
			"rotation": {"angle": 0, "axis": "x", "origin": [1.75, 2.30487, -7.04289]},
			"faces": {
				"north": {"uv": [0, 0, 9, 15.9], "rotation": 90, "texture": "#3"},
				"east": {"uv": [0, 0, 9, 10.45], "rotation": 270, "texture": "#3"},
				"south": {"uv": [0, 0, 9, 15.9], "rotation": 90, "texture": "#3"},
				"west": {"uv": [0, 0, 9, 10.45], "rotation": 90, "texture": "#3"},
				"up": {"uv": [0, 0, 15.9, 10.45], "rotation": 180, "texture": "#3"},
				"down": {"uv": [0, 0, 15.9, 10.45], "texture": "#3"}
			}
		},
		{
			"from": [0.05, 1.30487, 17.70711],
			"to": [15.55, 10.30487, 29.15711],
			"rotation": {"angle": 0, "axis": "x", "origin": [1.75, 2.30487, 18.95711]},
			"faces": {
				"north": {"uv": [0, 0, 9, 15.5], "rotation": 90, "texture": "#3"},
				"east": {"uv": [0, 0, 9, 11.45], "rotation": 270, "texture": "#3"},
				"south": {"uv": [0, 0, 9, 15.5], "rotation": 90, "texture": "#3"},
				"west": {"uv": [0, 0, 9, 11.45], "rotation": 90, "texture": "#3"},
				"up": {"uv": [0, 0, 15.5, 11.45], "rotation": 180, "texture": "#3"},
				"down": {"uv": [0, 0, 15.5, 11.45], "texture": "#3"}
			}
		},
		{
			"from": [12.5, 0.25487, 27.20711],
			"to": [14.2, 1.75487, 32],
			"rotation": {"angle": 0, "axis": "y", "origin": [5.2, 1.75487, 21.45711]},
			"faces": {
				"north": {"uv": [0, 0, 4, 4.9], "rotation": 90, "texture": "#1"},
				"east": {"uv": [0, 0, 4, 4.9], "rotation": 90, "texture": "#1"},
				"south": {"uv": [0, 0, 4, 4.9], "rotation": 90, "texture": "#1"},
				"west": {"uv": [0, 0, 4, 4.9], "rotation": 90, "texture": "#1"},
				"up": {"uv": [0, 0, 4, 4.9], "rotation": 90, "texture": "#1"},
				"down": {"uv": [0, 0, 4, 4.9], "rotation": 90, "texture": "#1"}
			}
		},
		{
			"from": [0.05, 0.30487, -13.29289],
			"to": [15.95, 7.30487, -7.84289],
			"rotation": {"angle": 0, "axis": "x", "origin": [1.75, 2.30487, -14.04289]},
			"faces": {
				"north": {"uv": [0, 0, 7, 15.9], "rotation": 90, "texture": "#3"},
				"east": {"uv": [0, 0, 7, 5.45], "rotation": 270, "texture": "#3"},
				"south": {"uv": [0, 0, 7, 15.9], "rotation": 90, "texture": "#3"},
				"west": {"uv": [0, 0, 7, 5.45], "rotation": 90, "texture": "#3"},
				"up": {"uv": [0, 0, 15.9, 5.45], "rotation": 180, "texture": "#3"},
				"down": {"uv": [0, 0, 15.9, 5.45], "texture": "#3"}
			}
		},
		{
			"from": [0.05, 4.90487, -12.29289],
			"to": [15.95, 7.30487, -7.84289],
			"rotation": {"angle": -22.5, "axis": "x", "origin": [1.75, 7.30487, -14.04289]},
			"faces": {
				"north": {"uv": [0, 0, 2.4, 15.9], "rotation": 90, "texture": "#3"},
				"east": {"uv": [0, 0, 2.4, 4.45], "rotation": 270, "texture": "#3"},
				"south": {"uv": [0, 0, 2.4, 15.9], "rotation": 90, "texture": "#3"},
				"west": {"uv": [0, 0, 2.4, 4.45], "rotation": 90, "texture": "#3"},
				"up": {"uv": [0, 0, 15.9, 4.45], "rotation": 180, "texture": "#3"},
				"down": {"uv": [0, 0, 15.9, 4.45], "texture": "#3"}
			}
		},
		{
			"from": [5.13579, 10.36434, 6.6],
			"to": [5.88579, 12.86434, 7.6],
			"rotation": {"angle": -45, "axis": "z", "origin": [4.88579, 11.11434, 8.1]},
			"faces": {
				"north": {"uv": [0, 0, 2.5, 0.75], "rotation": 270, "texture": "#9"},
				"east": {"uv": [0, 0, 2.5, 1], "rotation": 90, "texture": "#9"},
				"south": {"uv": [0, 0, 2.5, 0.75], "rotation": 90, "texture": "#9"},
				"west": {"uv": [0, 0, 2.5, 1], "rotation": 90, "texture": "#9"},
				"up": {"uv": [0, 0, 1, 0.75], "rotation": 90, "texture": "#9"},
				"down": {"uv": [0, 0, 1, 0.75], "rotation": 90, "texture": "#9"}
			}
		},
		{
			"from": [6.2, 11.425, 6.6],
			"to": [9.7, 12.175, 7.575],
			"rotation": {"angle": 0, "axis": "z", "origin": [7.95, 11.175, 8.1]},
			"faces": {
				"north": {"uv": [3.5, 0, 7, 0.75], "texture": "#9"},
				"east": {"uv": [2, 0, 2.975, 0.75], "texture": "#9"},
				"south": {"uv": [3.5, 0, 7, 0.75], "texture": "#9"},
				"west": {"uv": [2, 0, 2.975, 0.75], "texture": "#9"},
				"up": {"uv": [3.5, 0, 7, 0.975], "texture": "#9"},
				"down": {"uv": [3.5, 0, 7, 0.975], "texture": "#9"}
			}
		},
		{
			"from": [10.11421, 10.36434, 6.6],
			"to": [10.86421, 12.86434, 7.6],
			"rotation": {"angle": 45, "axis": "z", "origin": [11.11421, 11.11434, 8.1]},
			"faces": {
				"north": {"uv": [0, 0.75, 2.5, 1.5], "rotation": 270, "texture": "#9"},
				"east": {"uv": [0, 2, 2.5, 3], "rotation": 90, "texture": "#9"},
				"south": {"uv": [0, 0.75, 2.5, 1.5], "rotation": 90, "texture": "#9"},
				"west": {"uv": [0, 2, 2.5, 3], "rotation": 90, "texture": "#9"},
				"up": {"uv": [0, 0.75, 1, 1.5], "rotation": 90, "texture": "#9"},
				"down": {"uv": [0, 0.75, 1, 1.5], "rotation": 90, "texture": "#9"}
			}
		},
		{
			"from": [10.71777, 6.90723, 6.6],
			"to": [11.46777, 10.40723, 7.575],
			"rotation": {"angle": 0, "axis": "z", "origin": [11.71777, 8.65723, 8.1]},
			"faces": {
				"north": {"uv": [0, 0.75, 3.5, 1.5], "rotation": 270, "texture": "#9"},
				"east": {"uv": [0, 2, 3.5, 2.975], "rotation": 90, "texture": "#9"},
				"south": {"uv": [0, 0.75, 3.5, 1.5], "rotation": 90, "texture": "#9"},
				"west": {"uv": [0, 2, 3.5, 2.975], "rotation": 90, "texture": "#9"},
				"up": {"uv": [0, 0.75, 0.975, 1.5], "rotation": 90, "texture": "#9"},
				"down": {"uv": [0, 0.75, 0.975, 1.5], "rotation": 90, "texture": "#9"}
			}
		},
		{
			"from": [5.25, 8.175, 6.6],
			"to": [11, 9.175, 7.35],
			"rotation": {"angle": 0, "axis": "z", "origin": [9.25, 8.425, 8.1]},
			"faces": {
				"north": {"uv": [0, 0, 5.75, 1], "texture": "#9"},
				"east": {"uv": [0, 0, 0.75, 1], "texture": "#9"},
				"south": {"uv": [0, 0, 5.75, 1], "texture": "#9"},
				"west": {"uv": [0, 0, 0.75, 1], "texture": "#9"},
				"up": {"uv": [0, 0, 5.75, 0.75], "texture": "#9"},
				"down": {"uv": [0, 0, 5.75, 0.75], "texture": "#9"}
			}
		},
		{
			"from": [7.4, 7.925, 6.6],
			"to": [8.9, 9.425, 7.9],
			"rotation": {"angle": 45, "axis": "z", "origin": [8.15, 8.425, 8.1]},
			"faces": {
				"north": {"uv": [0, 0, 1.5, 1.5], "texture": "#9"},
				"east": {"uv": [0, 0, 1.3, 1.5], "texture": "#9"},
				"south": {"uv": [0, 0, 1.5, 1.5], "texture": "#9"},
				"west": {"uv": [0, 0, 1.3, 1.5], "texture": "#9"},
				"up": {"uv": [0, 0, 1.5, 1.3], "texture": "#9"},
				"down": {"uv": [0, 0, 1.5, 1.3], "texture": "#9"}
			}
		},
		{
			"from": [7.25, 5.675, 6.6],
			"to": [7.75, 8.425, 7.35],
			"rotation": {"angle": -22.5, "axis": "z", "origin": [7.5, 7.425, 8.1]},
			"faces": {
				"north": {"uv": [0, 0, 2.75, 0.5], "rotation": 270, "texture": "#9"},
				"east": {"uv": [0, 0, 2.75, 0.75], "rotation": 90, "texture": "#9"},
				"south": {"uv": [0, 0, 2.75, 0.5], "rotation": 90, "texture": "#9"},
				"west": {"uv": [0, 0, 2.75, 0.75], "rotation": 90, "texture": "#9"},
				"up": {"uv": [0, 0, 0.75, 0.5], "rotation": 90, "texture": "#9"},
				"down": {"uv": [0, 0, 0.75, 0.5], "rotation": 90, "texture": "#9"}
			}
		},
		{
			"from": [8.3, 5.675, 6.6],
			"to": [8.8, 8.425, 7.35],
			"rotation": {"angle": 22.5, "axis": "z", "origin": [8.55, 7.425, 8.1]},
			"faces": {
				"north": {"uv": [0, 0, 2.75, 0.5], "rotation": 270, "texture": "#9"},
				"east": {"uv": [0, 0, 2.75, 0.75], "rotation": 90, "texture": "#9"},
				"south": {"uv": [0, 0, 2.75, 0.5], "rotation": 90, "texture": "#9"},
				"west": {"uv": [0, 0, 2.75, 0.75], "rotation": 90, "texture": "#9"},
				"up": {"uv": [0, 0, 0.75, 0.5], "rotation": 90, "texture": "#9"},
				"down": {"uv": [0, 0, 0.75, 0.5], "rotation": 90, "texture": "#9"}
			}
		},
		{
			"from": [10.11421, 4.45013, 6.6],
			"to": [10.86421, 6.95013, 7.6],
			"rotation": {"angle": -45, "axis": "z", "origin": [11.11421, 6.20013, 8.1]},
			"faces": {
				"north": {"uv": [2.5, 0.75, 5, 1.5], "rotation": 270, "texture": "#9"},
				"east": {"uv": [2.5, 2, 5, 3], "rotation": 90, "texture": "#9"},
				"south": {"uv": [2.5, 0.75, 5, 1.5], "rotation": 90, "texture": "#9"},
				"west": {"uv": [2.5, 2, 5, 3], "rotation": 90, "texture": "#9"},
				"up": {"uv": [2, 0.75, 3, 1.5], "rotation": 90, "texture": "#9"},
				"down": {"uv": [2, 0.75, 3, 1.5], "rotation": 90, "texture": "#9"}
			}
		},
		{
			"from": [6.2, 5.13947, 6.6],
			"to": [9.7, 5.88947, 7.525],
			"rotation": {"angle": 0, "axis": "z", "origin": [7.95, 6.13947, 8.1]},
			"faces": {
				"north": {"uv": [3.5, 0.75, 7, 1.5], "texture": "#9"},
				"east": {"uv": [2, 0.75, 2.925, 1.5], "texture": "#9"},
				"south": {"uv": [3.5, 0.75, 7, 1.5], "texture": "#9"},
				"west": {"uv": [2, 0.75, 2.925, 1.5], "texture": "#9"},
				"up": {"uv": [3.5, 2, 7, 2.925], "texture": "#9"},
				"down": {"uv": [3.5, 2, 7, 2.925], "texture": "#9"}
			}
		},
		{
			"from": [4.53223, 6.90723, 6.6],
			"to": [5.28223, 10.40723, 7.55],
			"rotation": {"angle": 0, "axis": "z", "origin": [4.28223, 8.65723, 8.1]},
			"faces": {
				"north": {"uv": [0, 0, 3.5, 0.75], "rotation": 270, "texture": "#9"},
				"east": {"uv": [0, 0, 3.5, 0.95], "rotation": 90, "texture": "#9"},
				"south": {"uv": [0, 0, 3.5, 0.75], "rotation": 90, "texture": "#9"},
				"west": {"uv": [0, 0, 3.5, 0.95], "rotation": 90, "texture": "#9"},
				"up": {"uv": [0, 0, 0.95, 0.75], "rotation": 90, "texture": "#9"},
				"down": {"uv": [0, 0, 0.95, 0.75], "rotation": 90, "texture": "#9"}
			}
		},
		{
			"from": [5.13579, 4.45013, 6.6],
			"to": [5.88579, 6.95013, 7.6],
			"rotation": {"angle": 45, "axis": "z", "origin": [4.88579, 6.20013, 8.1]},
			"faces": {
				"north": {"uv": [2.5, 0, 5, 0.75], "rotation": 270, "texture": "#9"},
				"east": {"uv": [2.5, 0, 5, 1], "rotation": 90, "texture": "#9"},
				"south": {"uv": [2.5, 0, 5, 0.75], "rotation": 90, "texture": "#9"},
				"west": {"uv": [2.5, 0, 5, 1], "rotation": 90, "texture": "#9"},
				"up": {"uv": [2, 0, 3, 0.75], "rotation": 90, "texture": "#9"},
				"down": {"uv": [2, 0, 3, 0.75], "rotation": 90, "texture": "#9"}
			}
		},
		{
			"from": [7.5, 7.175, 4],
			"to": [8.5, 8.175, 7.5],
			"rotation": {"angle": -22.5, "axis": "x", "origin": [7, 6.675, 5]},
			"faces": {
				"north": {"uv": [0, 0, 1.5, 1.5], "texture": "#9"},
				"east": {"uv": [0, 0, 2, 1.5], "texture": "#9"},
				"south": {"uv": [0, 0, 1.5, 1.5], "texture": "#9"},
				"west": {"uv": [0, 0, 2, 1.5], "texture": "#9"},
				"up": {"uv": [0, 0, 1.5, 2], "texture": "#9"},
				"down": {"uv": [0, 0, 1.5, 2], "texture": "#9"}
			}
		},
		{
			"from": [-1.5, 6.5, 3.75],
			"to": [17.5, 9.5, 5.75],
			"rotation": {"angle": -45, "axis": "x", "origin": [0, 7.5, 3.75]},
			"faces": {
				"north": {"uv": [0, 0, 16, 3], "texture": "#11"},
				"east": {"uv": [0, 0, 2, 3], "texture": "#11"},
				"south": {"uv": [0, 0, 16, 3], "texture": "#11"},
				"west": {"uv": [0, 0, 2, 3], "texture": "#11"},
				"up": {"uv": [0, 0, 16, 2], "texture": "#11"},
				"down": {"uv": [0, 0, 16, 2], "texture": "#11"}
			}
		}
	],
	"display": {
		"thirdperson_righthand": {
			"rotation": [90, 0, 0],
			"translation": [-6.75, 0, 14],
			"scale": [1.2, 1.2, 1.2]
		},
		"thirdperson_lefthand": {
			"rotation": [90, 0, 0],
			"translation": [-5.75, 0.75, 12.5],
			"scale": [1.5, 1.5, 1.5]
		},
		"head": {
			"translation": [0, -22.08, -4.5],
			"scale": [2, 2, 2]
		}
	},
	"groups": [
		{
			"name": "group",
			"origin": [14.5, 0.29613, 22.48392],
			"color": 0,
			"nbt": "{}",
			"children": [0, 1, 2, 3, 4, 5, 6, 7, 8, 9, 10, 11, 12, 13, 14, 15, 16, 17, 18, 19, 20, 21, 22, 23, 24, 25, 26, 27, 28, 29, 30, 31, 32, 33, 34, 35, 36, 37, 38, 39, 40, 41, 42, 43, 44, 45]
		},
		{
			"name": "group",
			"origin": [-17.58834, 7.2, 21.68126],
			"color": 0,
			"nbt": "{}",
			"children": [46, 47, 48, 49, 50, 51, 52, 53, 54, 55, 56, 57, 58, 59, 60, 61, 62, 63, 64, 65, 66, 67, 68, 69, 70, 71, 72, 73, 74, 75, 76, 77, 78, 79, 80, 81, 82]
		},
		{
			"name": "group",
			"origin": [1.75, 11.15262, -1.80826],
			"color": 0,
			"nbt": "{}",
			"children": [83, 84, 85, 86, 87, 88, 89, 90, 91, 92, 93, 94, 95, 96, 97, 98, 99, 100, 101, 102, 103, 104, 105, 106, 107, 108, 109, 110, 111, 112, 113, 114, 115]
		},
		{
			"name": "group",
			"origin": [-1, 11.90487, -14.91789],
			"color": 0,
			"nbt": "{}",
			"children": [
				{
					"name": "right",
					"origin": [8.95, 8.55487, -10.69289],
					"color": 0,
					"nbt": "{}",
					"children": [116, 117, 118, 119, 120, 121, 122, 123, 124, 125]
				},
				{
					"name": "left",
					"origin": [8.95, 8.55487, -10.69289],
					"color": 0,
					"nbt": "{}",
					"children": [126, 127, 128, 129, 130, 131, 132, 133, 134, 135]
				}
			]
		},
		{
			"name": "group",
			"origin": [17.1, 0, 3],
			"color": 0,
			"nbt": "{}",
			"children": [
				136,
				137,
				138,
				139,
				140,
				141,
				{
					"name": "group",
					"origin": [7, 7.55, 4],
					"color": 0,
					"nbt": "{}",
					"children": [142, 143, 144, 145, 146, 147, 148, 149, 150, 151, 152, 153, 154]
				}
			]
		},
		155
	]
}