{
	"credit": "Made with Blockbench",
	"textures": {
		"3": "block/red_concrete1",
		"9": "block/black_wool1",
		"11": "block/gray_wool1",
		"12": "block/black_concrete1",
		"13": "block/white_shulker_box1",
		"16": "block/white_concrete1",
		"particle": "block/coal_block1"
	},
	"elements": [
		{
			"from": [4.75, 9.05, 3.5],
			"to": [5.5, 10.3, 5],
			"rotation": {"angle": 0, "axis": "y", "origin": [0, 9.05, 4.5]},
			"faces": {
				"north": {"uv": [0, 0, 5, 2.25], "texture": "#11"},
				"east": {"uv": [0, 0, 1.5, 2.25], "texture": "#11"},
				"south": {"uv": [0, 0, 2, 1.25], "texture": "#9"},
				"west": {"uv": [0, 0, 1.5, 2.25], "texture": "#11"},
				"up": {"uv": [0, 0, 5, 1.5], "texture": "#11"},
				"down": {"uv": [0, 0, 5, 1.5], "texture": "#missing"}
			}
		},
		{
			"from": [4.75, 9.05, 5],
			"to": [5.5, 9.15, 5.25],
			"rotation": {"angle": 0, "axis": "y", "origin": [4, 6.65, 6]},
			"faces": {
				"north": {"uv": [0, 0, 5, 0.1], "texture": "#11"},
				"east": {"uv": [0, 0, 0.25, 0.1], "texture": "#11"},
				"south": {"uv": [0, 0, 5, 0.1], "texture": "#11"},
				"west": {"uv": [0, 0, 0.25, 0.1], "texture": "#11"},
				"up": {"uv": [0, 0, 5, 0.25], "texture": "#11"},
				"down": {"uv": [0, 0, 5, 0.25], "texture": "#11"}
			}
		},
		{
			"from": [4.75, 10.2, 5],
			"to": [5.5, 10.3, 5.25],
			"rotation": {"angle": 0, "axis": "y", "origin": [4, 7.8, 6]},
			"faces": {
				"north": {"uv": [0, 0, 5, 0.1], "texture": "#11"},
				"east": {"uv": [0, 0, 0.25, 0.1], "texture": "#11"},
				"south": {"uv": [0, 0, 5, 0.1], "texture": "#11"},
				"west": {"uv": [0, 0, 0.25, 0.1], "texture": "#11"},
				"up": {"uv": [0, 0, 5, 0.25], "texture": "#11"},
				"down": {"uv": [0, 0, 5, 0.25], "texture": "#11"}
			}
		},
		{
			"from": [4.75, 9.15, 5],
			"to": [4.95, 10.2, 5.25],
			"rotation": {"angle": 0, "axis": "y", "origin": [4.25, 6.75, 6]},
			"faces": {
				"north": {"uv": [0, 0, 0.2, 2.05], "texture": "#11"},
				"east": {"uv": [0, 0, 0.25, 2.05], "texture": "#11"},
				"south": {"uv": [0, 0, 0.2, 2.05], "texture": "#11"},
				"west": {"uv": [0, 0, 0.25, 2.05], "texture": "#11"},
				"up": {"uv": [0, 0, 0.2, 0.25], "texture": "#11"},
				"down": {"uv": [0, 0, 0.2, 0.25], "texture": "#11"}
			}
		},
		{
			"from": [5.325, 9.55, 4.95],
			"to": [5.425, 9.65, 5.025],
			"rotation": {"angle": -45, "axis": "z", "origin": [5.375, 9.6, 5.1]},
			"faces": {
				"north": {"uv": [0, 0, 0.1, 1.15], "rotation": 180, "texture": "#3"},
				"east": {"uv": [0, 0, 0.075, 1.15], "rotation": 180, "texture": "#3"},
				"south": {"uv": [0, 0, 0.1, 1.15], "rotation": 180, "texture": "#3"},
				"west": {"uv": [0, 0, 0.075, 1.15], "rotation": 180, "texture": "#3"},
				"up": {"uv": [0, 0, 0.1, 0.075], "rotation": 180, "texture": "#3"},
				"down": {"uv": [0, 0, 0.1, 0.075], "rotation": 180, "texture": "#3"}
			}
		},
		{
			"from": [5.35, 9.35, 4.95],
			"to": [5.4, 9.65, 5.025],
			"rotation": {"angle": -45, "axis": "z", "origin": [5.375, 9.6, 5.1]},
			"faces": {
				"north": {"uv": [0, 0, 0.1, 1.15], "rotation": 180, "texture": "#3"},
				"east": {"uv": [0, 0, 0.075, 1.15], "rotation": 180, "texture": "#3"},
				"south": {"uv": [0, 0, 0.1, 1.15], "rotation": 180, "texture": "#3"},
				"west": {"uv": [0, 0, 0.075, 1.15], "rotation": 180, "texture": "#3"},
				"up": {"uv": [0, 0, 0.1, 0.075], "rotation": 180, "texture": "#3"},
				"down": {"uv": [0, 0, 0.1, 0.075], "rotation": 180, "texture": "#3"}
			}
		},
		{
			"from": [4.97566, 9.51986, 5],
			"to": [5.02566, 9.66986, 5.05],
			"rotation": {"angle": 0, "axis": "z", "origin": [5.72566, 9.29486, 5.15]},
			"faces": {
				"north": {"uv": [0, 0, 0.75, 0.15], "rotation": 90, "texture": "#16"},
				"east": {"uv": [0, 0, 0.75, 0.1], "rotation": 270, "texture": "#16"},
				"south": {"uv": [0, 0, 0.75, 0.15], "rotation": 270, "texture": "#16"},
				"west": {"uv": [0, 0, 0.75, 0.1], "rotation": 270, "texture": "#16"},
				"up": {"uv": [0, 0, 0.1, 0.15], "rotation": 270, "texture": "#16"},
				"down": {"uv": [0, 0, 0.1, 0.15], "rotation": 270, "texture": "#16"}
			}
		},
		{
			"from": [4.97566, 9.56986, 5],
			"to": [5.07566, 9.61986, 5.05],
			"rotation": {"angle": 0, "axis": "z", "origin": [5.72566, 9.29486, 5.15]},
			"faces": {
				"north": {"uv": [0, 0, 0.75, 0.15], "rotation": 90, "texture": "#16"},
				"east": {"uv": [0, 0, 0.75, 0.1], "rotation": 270, "texture": "#16"},
				"south": {"uv": [0, 0, 0.75, 0.15], "rotation": 270, "texture": "#16"},
				"west": {"uv": [0, 0, 0.75, 0.1], "rotation": 270, "texture": "#16"},
				"up": {"uv": [0, 0, 0.1, 0.15], "rotation": 270, "texture": "#16"},
				"down": {"uv": [0, 0, 0.1, 0.15], "rotation": 270, "texture": "#16"}
			}
		},
		{
			"from": [4.87073, 9.64736, 5],
			"to": [4.92073, 9.79736, 5.05],
			"rotation": {"angle": 22.5, "axis": "z", "origin": [5.62073, 9.92236, 5.15]},
			"faces": {
				"north": {"uv": [0, 0, 0.75, 0.15], "rotation": 90, "texture": "#16"},
				"east": {"uv": [0, 0, 0.75, 0.1], "rotation": 270, "texture": "#16"},
				"south": {"uv": [0, 0, 0.75, 0.15], "rotation": 270, "texture": "#16"},
				"west": {"uv": [0, 0, 0.75, 0.1], "rotation": 270, "texture": "#16"},
				"up": {"uv": [0, 0, 0.1, 0.15], "rotation": 270, "texture": "#16"},
				"down": {"uv": [0, 0, 0.1, 0.15], "rotation": 270, "texture": "#16"}
			}
		},
		{
			"from": [5.6, 9.25, 5],
			"to": [5.75, 9.3, 5.05],
			"rotation": {"angle": -45, "axis": "z", "origin": [5.475, 10, 5.15]},
			"faces": {
				"north": {"uv": [0, 0, 0.75, 0.15], "rotation": 180, "texture": "#16"},
				"east": {"uv": [0, 0, 0.1, 0.15], "rotation": 180, "texture": "#16"},
				"south": {"uv": [0, 0, 0.75, 0.15], "rotation": 180, "texture": "#16"},
				"west": {"uv": [0, 0, 0.1, 0.15], "rotation": 180, "texture": "#16"},
				"up": {"uv": [0, 0, 0.75, 0.1], "rotation": 180, "texture": "#16"},
				"down": {"uv": [0, 0, 0.75, 0.1], "rotation": 180, "texture": "#16"}
			}
		},
		{
			"from": [5.04536, 9.15157, 5],
			"to": [5.19536, 9.20157, 5.05],
			"rotation": {"angle": -22.5, "axis": "z", "origin": [5.40304, 8.97769, 5.15]},
			"faces": {
				"north": {"uv": [0, 0, 0.75, 0.15], "rotation": 180, "texture": "#16"},
				"east": {"uv": [0, 0, 0.1, 0.15], "rotation": 180, "texture": "#16"},
				"south": {"uv": [0, 0, 0.75, 0.15], "rotation": 180, "texture": "#16"},
				"west": {"uv": [0, 0, 0.1, 0.15], "rotation": 180, "texture": "#16"},
				"up": {"uv": [0, 0, 0.75, 0.1], "rotation": 180, "texture": "#16"},
				"down": {"uv": [0, 0, 0.75, 0.1], "rotation": 180, "texture": "#16"}
			}
		},
		{
			"from": [5.12036, 9.15157, 5],
			"to": [5.17036, 9.25157, 5.025],
			"rotation": {"angle": -22.5, "axis": "z", "origin": [5.42804, 8.97769, 5.15]},
			"faces": {
				"north": {"uv": [0, 0, 0.75, 0.15], "rotation": 180, "texture": "#16"},
				"east": {"uv": [0, 0, 0.1, 0.15], "rotation": 180, "texture": "#16"},
				"south": {"uv": [0, 0, 0.75, 0.15], "rotation": 180, "texture": "#16"},
				"west": {"uv": [0, 0, 0.1, 0.15], "rotation": 180, "texture": "#16"},
				"up": {"uv": [0, 0, 0.75, 0.1], "rotation": 180, "texture": "#16"},
				"down": {"uv": [0, 0, 0.75, 0.1], "rotation": 180, "texture": "#16"}
			}
		},
		{
			"from": [5.27771, 9.92191, 5],
			"to": [5.45271, 9.97191, 5.05],
			"rotation": {"angle": 0, "axis": "z", "origin": [5.63539, 9.74803, 5.15]},
			"faces": {
				"north": {"uv": [0, 0, 0.75, 0.15], "rotation": 180, "texture": "#16"},
				"east": {"uv": [0, 0, 0.1, 0.15], "rotation": 180, "texture": "#16"},
				"south": {"uv": [0, 0, 0.75, 0.15], "rotation": 180, "texture": "#16"},
				"west": {"uv": [0, 0, 0.1, 0.15], "rotation": 180, "texture": "#16"},
				"up": {"uv": [0, 0, 0.75, 0.1], "rotation": 180, "texture": "#16"},
				"down": {"uv": [0, 0, 0.75, 0.1], "rotation": 180, "texture": "#16"}
			}
		},
		{
			"from": [5.00271, 9.97191, 5],
			"to": [5.12771, 10.14691, 5.025],
			"rotation": {"angle": 0, "axis": "z", "origin": [5.36039, 9.79803, 5.15]},
			"faces": {
				"north": {"uv": [0, 0, 0.75, 0.15], "rotation": 180, "texture": "#13"},
				"east": {"uv": [0, 0, 0.1, 0.15], "rotation": 180, "texture": "#13"},
				"south": {"uv": [0, 0, 0.75, 0.15], "rotation": 180, "texture": "#13"},
				"west": {"uv": [0, 0, 0.1, 0.15], "rotation": 180, "texture": "#13"},
				"up": {"uv": [0, 0, 0.75, 0.1], "rotation": 180, "texture": "#13"},
				"down": {"uv": [0, 0, 0.75, 0.1], "rotation": 180, "texture": "#13"}
			}
		},
		{
			"from": [5.16151, 9.99035, 5],
			"to": [5.18651, 10.06535, 5.025],
			"rotation": {"angle": 0, "axis": "z", "origin": [5.36039, 10.37303, 5.15]},
			"faces": {
				"north": {"uv": [0, 0, 0.75, 0.15], "rotation": 270, "texture": "#13"},
				"east": {"uv": [0, 0, 0.75, 0.1], "rotation": 90, "texture": "#13"},
				"south": {"uv": [0, 0, 0.75, 0.15], "rotation": 90, "texture": "#13"},
				"west": {"uv": [0, 0, 0.75, 0.1], "rotation": 90, "texture": "#13"},
				"up": {"uv": [0, 0, 0.1, 0.15], "rotation": 90, "texture": "#13"},
				"down": {"uv": [0, 0, 0.1, 0.15], "rotation": 90, "texture": "#13"}
			}
		},
		{
			"from": [5.12771, 10.04691, 5],
			"to": [5.17771, 10.07191, 5.025],
			"rotation": {"angle": 0, "axis": "z", "origin": [5.48539, 9.87303, 5.15]},
			"faces": {
				"north": {"uv": [0, 0, 0.75, 0.15], "rotation": 180, "texture": "#13"},
				"east": {"uv": [0, 0, 0.1, 0.15], "rotation": 180, "texture": "#13"},
				"south": {"uv": [0, 0, 0.75, 0.15], "rotation": 180, "texture": "#13"},
				"west": {"uv": [0, 0, 0.1, 0.15], "rotation": 180, "texture": "#13"},
				"up": {"uv": [0, 0, 0.75, 0.1], "rotation": 180, "texture": "#13"},
				"down": {"uv": [0, 0, 0.75, 0.1], "rotation": 180, "texture": "#13"}
			}
		},
		{
			"from": [5.00927, 10.20572, 5],
			"to": [5.03427, 10.33072, 5.025],
			"rotation": {"angle": -45, "axis": "z", "origin": [4.83539, 9.92303, 5.15]},
			"faces": {
				"north": {"uv": [0, 0, 0.75, 0.15], "rotation": 90, "texture": "#13"},
				"east": {"uv": [0, 0, 0.75, 0.1], "rotation": 270, "texture": "#13"},
				"south": {"uv": [0, 0, 0.75, 0.15], "rotation": 270, "texture": "#13"},
				"west": {"uv": [0, 0, 0.75, 0.1], "rotation": 270, "texture": "#13"},
				"up": {"uv": [0, 0, 0.1, 0.15], "rotation": 270, "texture": "#13"},
				"down": {"uv": [0, 0, 0.1, 0.15], "rotation": 270, "texture": "#13"}
			}
		},
		{
			"from": [5.50927, 10.03072, 5],
			"to": [5.53427, 10.10572, 5.025],
			"rotation": {"angle": 45, "axis": "z", "origin": [5.33539, 9.74803, 5.15]},
			"faces": {
				"north": {"uv": [0, 0, 0.75, 0.15], "rotation": 90, "texture": "#13"},
				"east": {"uv": [0, 0, 0.75, 0.1], "rotation": 270, "texture": "#13"},
				"south": {"uv": [0, 0, 0.75, 0.15], "rotation": 270, "texture": "#13"},
				"west": {"uv": [0, 0, 0.75, 0.1], "rotation": 270, "texture": "#13"},
				"up": {"uv": [0, 0, 0.1, 0.15], "rotation": 270, "texture": "#13"},
				"down": {"uv": [0, 0, 0.1, 0.15], "rotation": 270, "texture": "#13"}
			}
		},
		{
			"from": [5.53427, 10.05572, 5],
			"to": [5.55927, 10.10572, 5.025],
			"rotation": {"angle": 45, "axis": "z", "origin": [5.36039, 9.74803, 5.15]},
			"faces": {
				"north": {"uv": [0, 0, 0.75, 0.15], "rotation": 90, "texture": "#13"},
				"east": {"uv": [0, 0, 0.75, 0.1], "rotation": 270, "texture": "#13"},
				"south": {"uv": [0, 0, 0.75, 0.15], "rotation": 270, "texture": "#13"},
				"west": {"uv": [0, 0, 0.75, 0.1], "rotation": 270, "texture": "#13"},
				"up": {"uv": [0, 0, 0.1, 0.15], "rotation": 270, "texture": "#13"},
				"down": {"uv": [0, 0, 0.1, 0.15], "rotation": 270, "texture": "#13"}
			}
		},
		{
			"from": [5.02771, 10.07191, 5],
			"to": [5.10271, 10.12191, 5.05],
			"rotation": {"angle": 0, "axis": "z", "origin": [5.36039, 9.79803, 5.15]},
			"faces": {
				"north": {"uv": [0, 0, 0.75, 0.15], "rotation": 180, "texture": "#12"},
				"east": {"uv": [0, 0, 0.1, 0.15], "rotation": 180, "texture": "#12"},
				"south": {"uv": [0, 0, 0.75, 0.15], "rotation": 180, "texture": "#12"},
				"west": {"uv": [0, 0, 0.1, 0.15], "rotation": 180, "texture": "#12"},
				"up": {"uv": [0, 0, 0.75, 0.1], "rotation": 180, "texture": "#12"},
				"down": {"uv": [0, 0, 0.75, 0.1], "rotation": 180, "texture": "#12"}
			}
		},
		{
			"from": [5.27771, 9.21781, 5],
			"to": [5.45271, 9.26781, 5.075],
			"rotation": {"angle": 0, "axis": "y", "origin": [5.63539, 9.04393, 5.15]},
			"faces": {
				"north": {"uv": [0, 0, 0.75, 0.15], "rotation": 180, "texture": "#3"},
				"east": {"uv": [0, 0, 0.1, 0.15], "rotation": 180, "texture": "#3"},
				"south": {"uv": [0, 0, 0.75, 0.15], "rotation": 180, "texture": "#3"},
				"west": {"uv": [0, 0, 0.1, 0.15], "rotation": 180, "texture": "#3"},
				"up": {"uv": [0, 0, 0.75, 0.1], "rotation": 180, "texture": "#3"},
				"down": {"uv": [0, 0, 0.75, 0.1], "rotation": 180, "texture": "#3"}
			}
		},
		{
			"from": [5.6, 9.88973, 5],
			"to": [5.75, 9.93973, 5.05],
			"rotation": {"angle": 45, "axis": "z", "origin": [5.475, 9.18973, 5.15]},
			"faces": {
				"north": {"uv": [0, 0.15, 0.75, 0], "rotation": 180, "texture": "#16"},
				"east": {"uv": [0, 0.15, 0.1, 0], "rotation": 180, "texture": "#16"},
				"south": {"uv": [0, 0.15, 0.75, 0], "rotation": 180, "texture": "#16"},
				"west": {"uv": [0, 0.15, 0.1, 0], "rotation": 180, "texture": "#16"},
				"up": {"uv": [0, 0.1, 0.75, 0], "rotation": 180, "texture": "#16"},
				"down": {"uv": [0, 0.1, 0.75, 0], "rotation": 180, "texture": "#16"}
			}
		},
		{
			"from": [5.04536, 9.98816, 5],
			"to": [5.19536, 10.03816, 5.05],
			"rotation": {"angle": 22.5, "axis": "z", "origin": [5.40304, 10.21203, 5.15]},
			"faces": {
				"north": {"uv": [0, 0.15, 0.75, 0], "rotation": 180, "texture": "#16"},
				"east": {"uv": [0, 0.15, 0.1, 0], "rotation": 180, "texture": "#16"},
				"south": {"uv": [0, 0.15, 0.75, 0], "rotation": 180, "texture": "#16"},
				"west": {"uv": [0, 0.15, 0.1, 0], "rotation": 180, "texture": "#16"},
				"up": {"uv": [0, 0.1, 0.75, 0], "rotation": 180, "texture": "#16"},
				"down": {"uv": [0, 0.1, 0.75, 0], "rotation": 180, "texture": "#16"}
			}
		},
		{
			"from": [5.12036, 9.93816, 5],
			"to": [5.17036, 10.03816, 5.05],
			"rotation": {"angle": 22.5, "axis": "z", "origin": [5.42804, 10.21203, 5.15]},
			"faces": {
				"north": {"uv": [0, 0.15, 0.75, 0], "rotation": 180, "texture": "#16"},
				"east": {"uv": [0, 0.15, 0.1, 0], "rotation": 180, "texture": "#16"},
				"south": {"uv": [0, 0.15, 0.75, 0], "rotation": 180, "texture": "#16"},
				"west": {"uv": [0, 0.15, 0.1, 0], "rotation": 180, "texture": "#16"},
				"up": {"uv": [0, 0.1, 0.75, 0], "rotation": 180, "texture": "#16"},
				"down": {"uv": [0, 0.1, 0.75, 0], "rotation": 180, "texture": "#16"}
			}
		},
		{
			"from": [4.87073, 9.39237, 5],
			"to": [4.92073, 9.54237, 5.05],
			"rotation": {"angle": -22.5, "axis": "z", "origin": [5.62073, 9.26737, 5.15]},
			"faces": {
				"north": {"uv": [0.75, 0, 0, 0.15], "rotation": 90, "texture": "#16"},
				"east": {"uv": [0.75, 0, 0, 0.1], "rotation": 270, "texture": "#16"},
				"south": {"uv": [0.75, 0, 0, 0.15], "rotation": 270, "texture": "#16"},
				"west": {"uv": [0.75, 0, 0, 0.1], "rotation": 270, "texture": "#16"},
				"up": {"uv": [0.1, 0, 0, 0.15], "rotation": 270, "texture": "#16"},
				"down": {"uv": [0.1, 0, 0, 0.15], "rotation": 270, "texture": "#16"}
			}
		}
	],
	"display": {
		"thirdperson_righthand": {
			"rotation": [52, 0, 0],
			"translation": [-2, -3, 50.75],
			"scale": [4, 4, 4]
		},
		"thirdperson_lefthand": {
			"rotation": [54, 0, 0],
			"translation": [-6, -0.25, 2.75],
			"scale": [1.2, 1.2, 1.2]
		},
		"head": {
			"translation": [0, -22.08, -4.5],
			"scale": [2, 2, 2]
		}
	},
	"groups": [
		{
			"name": "gauge",
			"origin": [8, 8, 8],
			"color": 0,
			"nbt": "{}",
			"children": [
				0,
				1,
				2,
				3,
				{
					"name": "group",
					"origin": [-9.075, 9.25, 5.15],
					"color": 0,
					"nbt": "{}",
					"children": [
						{
							"name": "group",
							"origin": [5.375, 9.6, 5.15],
							"color": 0,
							"nbt": "{}",
							"children": [4, 5]
						}
					]
				},
				6,
				7,
				8,
				9,
				10,
				11,
				12,
				{
					"name": "group",
					"origin": [5.36039, 9.74803, 5.15],
					"color": 0,
					"nbt": "{}",
					"children": [13, 14, 15, 16, 17, 18]
				},
				19,
				20,
				21,
				22,
				23,
				24
			]
		}
	]
}