{
	"credit": "Made with Blockbench",
	"textures": {
		"3": "block/red_concrete1",
		"5": "block/orange_shulker_box1",
		"9": "block/black_wool1",
		"11": "block/gray_wool1",
		"16": "block/white_concrete1",
		"particle": "block/coal_block1"
	},
	"elements": [
		{
			"from": [5.5, 9.05, 3.5],
			"to": [9.225, 11.3, 5],
			"rotation": {"angle": 0, "axis": "y", "origin": [5, 9.05, 4.5]},
			"faces": {
				"north": {"uv": [0, 0, 5, 2.25], "texture": "#11"},
				"east": {"uv": [0, 0, 1.5, 2.25], "texture": "#11"},
				"south": {"uv": [0, 0, 0, 0.25], "texture": "#9"},
				"west": {"uv": [0, 0, 1.5, 2.25], "texture": "#11"},
				"up": {"uv": [0, 0, 5, 1.5], "texture": "#11"},
				"down": {"uv": [0, 0, 5, 1.5], "texture": "#11"}
			}
		},
		{
			"from": [9.725, 9.05, 3.5],
			"to": [10.5, 11.3, 5],
			"rotation": {"angle": 0, "axis": "y", "origin": [9.425, 9.05, 4.5]},
			"faces": {
				"north": {"uv": [0, 0, 5, 2.25], "texture": "#11"},
				"east": {"uv": [0, 0, 1.5, 2.25], "texture": "#11"},
				"south": {"uv": [0, 0, 0, 0.25], "texture": "#9"},
				"west": {"uv": [0, 0, 1.5, 2.25], "texture": "#11"},
				"up": {"uv": [0, 0, 5, 1.5], "texture": "#11"},
				"down": {"uv": [0, 0, 5, 1.5], "texture": "#11"}
			}
		},
		{
			"from": [9.225, 10.25, 3.5],
			"to": [9.725, 11.3, 5],
			"rotation": {"angle": 0, "axis": "y", "origin": [8.725, 9.05, 4.5]},
			"faces": {
				"north": {"uv": [0, 0, 5, 2.25], "texture": "#11"},
				"east": {"uv": [0, 0, 1.5, 2.25], "texture": "#11"},
				"south": {"uv": [0, 0, 0, 0.25], "texture": "#9"},
				"west": {"uv": [0, 0, 1.5, 2.25], "texture": "#11"},
				"up": {"uv": [0, 0, 5, 1.5], "texture": "#11"},
				"down": {"uv": [0, 0, 5, 1.5], "texture": "#11"}
			}
		},
		{
			"from": [9.225, 9.05, 3.5],
			"to": [9.725, 9.975, 5],
			"rotation": {"angle": 0, "axis": "y", "origin": [8.725, 7.55, 4.5]},
			"faces": {
				"north": {"uv": [0, 0, 5, 2.25], "texture": "#11"},
				"east": {"uv": [0, 0, 1.5, 2.25], "texture": "#11"},
				"south": {"uv": [0, 0, 0, 0.25], "texture": "#9"},
				"west": {"uv": [0, 0, 1.5, 2.25], "texture": "#11"},
				"up": {"uv": [0, 0, 5, 1.5], "texture": "#11"},
				"down": {"uv": [0, 0, 5, 1.5], "texture": "#11"}
			}
		},
		{
			"from": [9.225, 9.975, 3.5],
			"to": [9.725, 10.25, 4.9],
			"rotation": {"angle": 0, "axis": "y", "origin": [8.725, 7.925, 4.5]},
			"faces": {
				"north": {"uv": [0, 0, 5, 2.25], "texture": "#11"},
				"east": {"uv": [0, 0, 1.5, 2.25], "texture": "#11"},
				"south": {"uv": [0, 0, 0, 0.25], "texture": "#11"},
				"west": {"uv": [0, 0, 1.5, 2.25], "texture": "#11"},
				"up": {"uv": [0, 0, 5, 1.5], "texture": "#11"},
				"down": {"uv": [0, 0, 5, 1.5], "texture": "#11"}
			}
		},
		{
			"from": [5.5, 11.2, 5],
			"to": [10.5, 11.3, 5.5],
			"rotation": {"angle": 0, "axis": "y", "origin": [5, 8.8, 6]},
			"faces": {
				"north": {"uv": [0, 0, 5, 0.1], "texture": "#11"},
				"east": {"uv": [0, 0, 0.5, 0.1], "texture": "#11"},
				"south": {"uv": [0, 0, 5, 0.1], "texture": "#11"},
				"west": {"uv": [0, 0, 0.5, 0.1], "texture": "#11"},
				"up": {"uv": [0, 0, 5, 0.5], "texture": "#11"},
				"down": {"uv": [0, 0, 5, 0.5], "texture": "#11"}
			}
		},
		{
			"from": [5.5, 9.05, 5],
			"to": [10.5, 9.15, 5.25],
			"rotation": {"angle": 0, "axis": "y", "origin": [5, 6.65, 6]},
			"faces": {
				"north": {"uv": [0, 0, 5, 0.1], "texture": "#11"},
				"east": {"uv": [0, 0, 0.25, 0.1], "texture": "#11"},
				"south": {"uv": [0, 0, 5, 0.1], "texture": "#11"},
				"west": {"uv": [0, 0, 0.25, 0.1], "texture": "#11"},
				"up": {"uv": [0, 0, 5, 0.25], "texture": "#11"},
				"down": {"uv": [0, 0, 5, 0.25], "texture": "#11"}
			}
		},
		{
			"from": [5.5, 9.15, 5],
			"to": [5.7, 11.2, 5.25],
			"rotation": {"angle": 0, "axis": "y", "origin": [5, 6.75, 6]},
			"faces": {
				"north": {"uv": [0, 0, 0.2, 2.05], "texture": "#11"},
				"east": {"uv": [0, 0, 0.25, 2.05], "texture": "#11"},
				"south": {"uv": [0, 0, 0.2, 2.05], "texture": "#11"},
				"west": {"uv": [0, 0, 0.25, 2.05], "texture": "#11"},
				"up": {"uv": [0, 0, 0.2, 0.25], "texture": "#11"},
				"down": {"uv": [0, 0, 0.2, 0.25], "texture": "#11"}
			}
		},
		{
			"from": [10.3, 9.15, 5],
			"to": [10.5, 11.2, 5.25],
			"rotation": {"angle": 0, "axis": "y", "origin": [9.8, 6.75, 6]},
			"faces": {
				"north": {"uv": [0, 0, 0.2, 2.05], "texture": "#11"},
				"east": {"uv": [0, 0, 0.25, 2.05], "texture": "#11"},
				"south": {"uv": [0, 0, 0.2, 2.05], "texture": "#11"},
				"west": {"uv": [0, 0, 0.25, 2.05], "texture": "#11"},
				"up": {"uv": [0, 0, 0.2, 0.25], "texture": "#11"},
				"down": {"uv": [0, 0, 0.2, 0.25], "texture": "#11"}
			}
		},
		{
			"from": [7.125, 9.65, 5],
			"to": [7.4, 9.9, 5.1],
			"rotation": {"angle": -22.5, "axis": "z", "origin": [7.275, 9.775, 5.15]},
			"faces": {
				"north": {"uv": [0, 0, 0.35, 0.275], "rotation": 90, "texture": "#16"},
				"east": {"uv": [0, 0, 0.35, 0.1], "rotation": 270, "texture": "#16"},
				"south": {"uv": [0, 0, 0.35, 0.275], "rotation": 270, "texture": "#16"},
				"west": {"uv": [0, 0, 0.35, 0.1], "rotation": 270, "texture": "#16"},
				"up": {"uv": [0, 0, 0.1, 0.275], "rotation": 270, "texture": "#16"},
				"down": {"uv": [0, 0, 0.1, 0.275], "rotation": 270, "texture": "#16"}
			}
		},
		{
			"from": [6.95, 9.7, 5],
			"to": [7.425, 9.85, 5.075],
			"rotation": {"angle": -22.5, "axis": "z", "origin": [7.275, 9.775, 5.15]},
			"faces": {
				"north": {"uv": [0, 0, 0.15, 0.75], "rotation": 90, "texture": "#16"},
				"east": {"uv": [0, 0, 0.15, 0.1], "rotation": 270, "texture": "#16"},
				"south": {"uv": [0, 0, 0.15, 0.75], "rotation": 270, "texture": "#16"},
				"west": {"uv": [0, 0, 0.15, 0.1], "rotation": 270, "texture": "#16"},
				"up": {"uv": [0, 0, 0.1, 0.75], "rotation": 270, "texture": "#16"},
				"down": {"uv": [0, 0, 0.1, 0.75], "rotation": 270, "texture": "#16"}
			}
		},
		{
			"from": [6.425, 9.725, 5],
			"to": [7.45, 9.825, 5.05],
			"rotation": {"angle": -22.5, "axis": "z", "origin": [7.275, 9.775, 5.15]},
			"faces": {
				"north": {"uv": [0, 0, 0.1, 1.15], "rotation": 90, "texture": "#3"},
				"east": {"uv": [0, 0, 0.1, 0.075], "rotation": 270, "texture": "#3"},
				"south": {"uv": [0, 0, 0.1, 1.15], "rotation": 270, "texture": "#3"},
				"west": {"uv": [0, 0, 0.1, 0.075], "rotation": 270, "texture": "#3"},
				"up": {"uv": [0, 0, 0.075, 1.15], "rotation": 270, "texture": "#3"},
				"down": {"uv": [0, 0, 0.075, 1.15], "rotation": 270, "texture": "#3"}
			}
		},
		{
			"from": [9.45, 9.875, 5],
			"to": [9.5, 9.95, 5.025],
			"rotation": {"angle": 0, "axis": "z", "origin": [9.475, 9.9, 5.15]},
			"faces": {
				"north": {"uv": [0, 0, 0.35, 0.275], "rotation": 90, "texture": "#16"},
				"east": {"uv": [0, 0, 0.35, 0.1], "rotation": 270, "texture": "#16"},
				"south": {"uv": [0, 0, 0.35, 0.275], "rotation": 270, "texture": "#16"},
				"west": {"uv": [0, 0, 0.35, 0.1], "rotation": 270, "texture": "#16"},
				"up": {"uv": [0, 0, 0.1, 0.275], "rotation": 270, "texture": "#16"},
				"down": {"uv": [0, 0, 0.1, 0.275], "rotation": 270, "texture": "#16"}
			}
		},
		{
			"from": [9.2, 9.9, 5],
			"to": [9.55, 9.925, 5.025],
			"rotation": {"angle": 0, "axis": "z", "origin": [9.475, 9.9, 5.15]},
			"faces": {
				"north": {"uv": [0, 0, 0.15, 0.75], "rotation": 90, "texture": "#16"},
				"east": {"uv": [0, 0, 0.15, 0.1], "rotation": 270, "texture": "#16"},
				"south": {"uv": [0, 0, 0.15, 0.75], "rotation": 270, "texture": "#16"},
				"west": {"uv": [0, 0, 0.15, 0.1], "rotation": 270, "texture": "#16"},
				"up": {"uv": [0, 0, 0.1, 0.75], "rotation": 270, "texture": "#16"},
				"down": {"uv": [0, 0, 0.1, 0.75], "rotation": 270, "texture": "#16"}
			}
		},
		{
			"from": [6.025, 9.525, 5],
			"to": [6.175, 10.025, 5.025],
			"rotation": {"angle": 0, "axis": "z", "origin": [6.775, 9.55, 5.15]},
			"faces": {
				"north": {"uv": [0, 0, 0.75, 0.15], "rotation": 90, "texture": "#16"},
				"east": {"uv": [0, 0, 0.75, 0.1], "rotation": 270, "texture": "#16"},
				"south": {"uv": [0, 0, 0.75, 0.15], "rotation": 270, "texture": "#16"},
				"west": {"uv": [0, 0, 0.75, 0.1], "rotation": 270, "texture": "#16"},
				"up": {"uv": [0, 0, 0.1, 0.15], "rotation": 270, "texture": "#16"},
				"down": {"uv": [0, 0, 0.1, 0.15], "rotation": 270, "texture": "#16"}
			}
		},
		{
			"from": [6.125, 9.725, 5],
			"to": [6.375, 9.825, 5.025],
			"rotation": {"angle": 0, "axis": "z", "origin": [6.775, 9.55, 5.15]},
			"faces": {
				"north": {"uv": [0, 0, 0.75, 0.15], "rotation": 90, "texture": "#16"},
				"east": {"uv": [0, 0, 0.75, 0.1], "rotation": 270, "texture": "#16"},
				"south": {"uv": [0, 0, 0.75, 0.15], "rotation": 270, "texture": "#16"},
				"west": {"uv": [0, 0, 0.75, 0.1], "rotation": 270, "texture": "#16"},
				"up": {"uv": [0, 0, 0.1, 0.15], "rotation": 270, "texture": "#16"},
				"down": {"uv": [0, 0, 0.1, 0.15], "rotation": 270, "texture": "#16"}
			}
		},
		{
			"from": [5.97748, 9.73608, 5],
			"to": [6.12748, 10.23608, 5.025],
			"rotation": {"angle": -22.5, "axis": "z", "origin": [6.72748, 9.76108, 5.15]},
			"faces": {
				"north": {"uv": [0, 0, 0.75, 0.15], "rotation": 90, "texture": "#16"},
				"east": {"uv": [0, 0, 0.75, 0.1], "rotation": 270, "texture": "#16"},
				"south": {"uv": [0, 0, 0.75, 0.15], "rotation": 270, "texture": "#16"},
				"west": {"uv": [0, 0, 0.75, 0.1], "rotation": 270, "texture": "#16"},
				"up": {"uv": [0, 0, 0.1, 0.15], "rotation": 270, "texture": "#16"},
				"down": {"uv": [0, 0, 0.1, 0.15], "rotation": 270, "texture": "#16"}
			}
		},
		{
			"from": [6.12748, 9.93608, 5],
			"to": [6.32748, 10.03608, 5.025],
			"rotation": {"angle": -22.5, "axis": "z", "origin": [6.72748, 9.76108, 5.15]},
			"faces": {
				"north": {"uv": [0, 0, 0.75, 0.15], "rotation": 90, "texture": "#16"},
				"east": {"uv": [0, 0, 0.75, 0.1], "rotation": 270, "texture": "#16"},
				"south": {"uv": [0, 0, 0.75, 0.15], "rotation": 270, "texture": "#16"},
				"west": {"uv": [0, 0, 0.75, 0.1], "rotation": 270, "texture": "#16"},
				"up": {"uv": [0, 0, 0.1, 0.15], "rotation": 270, "texture": "#16"},
				"down": {"uv": [0, 0, 0.1, 0.15], "rotation": 270, "texture": "#16"}
			}
		},
		{
			"from": [6.14968, 9.59817, 5],
			"to": [6.29968, 9.84817, 5.025],
			"rotation": {"angle": 22.5, "axis": "z", "origin": [6.89968, 9.37317, 5.15]},
			"faces": {
				"north": {"uv": [0, 0, 0.75, 0.15], "rotation": 90, "texture": "#16"},
				"east": {"uv": [0, 0, 0.75, 0.1], "rotation": 270, "texture": "#16"},
				"south": {"uv": [0, 0, 0.75, 0.15], "rotation": 270, "texture": "#16"},
				"west": {"uv": [0, 0, 0.75, 0.1], "rotation": 270, "texture": "#16"},
				"up": {"uv": [0, 0, 0.1, 0.15], "rotation": 270, "texture": "#16"},
				"down": {"uv": [0, 0, 0.1, 0.15], "rotation": 270, "texture": "#16"}
			}
		},
		{
			"from": [8.26399, 9.59817, 5],
			"to": [8.41399, 9.84817, 5.025],
			"rotation": {"angle": -22.5, "axis": "z", "origin": [7.66399, 9.37317, 5.15]},
			"faces": {
				"north": {"uv": [0, 0.15, 0.75, 0], "rotation": 90, "texture": "#3"},
				"east": {"uv": [0, 0.1, 0.75, 0], "rotation": 270, "texture": "#3"},
				"south": {"uv": [0, 0.15, 0.75, 0], "rotation": 270, "texture": "#3"},
				"west": {"uv": [0, 0.1, 0.75, 0], "rotation": 270, "texture": "#3"},
				"up": {"uv": [0, 0.15, 0.1, 0], "rotation": 270, "texture": "#3"},
				"down": {"uv": [0, 0.15, 0.1, 0], "rotation": 270, "texture": "#3"}
			}
		},
		{
			"from": [8.06399, 9.57317, 5],
			"to": [8.41399, 9.64817, 5.025],
			"rotation": {"angle": -22.5, "axis": "z", "origin": [7.66399, 9.37317, 5.15]},
			"faces": {
				"north": {"uv": [0, 0.15, 0.75, 0], "rotation": 90, "texture": "#3"},
				"east": {"uv": [0, 0.1, 0.75, 0], "rotation": 270, "texture": "#3"},
				"south": {"uv": [0, 0.15, 0.75, 0], "rotation": 270, "texture": "#3"},
				"west": {"uv": [0, 0.1, 0.75, 0], "rotation": 270, "texture": "#3"},
				"up": {"uv": [0, 0.15, 0.1, 0], "rotation": 270, "texture": "#3"},
				"down": {"uv": [0, 0.15, 0.1, 0], "rotation": 270, "texture": "#3"}
			}
		},
		{
			"from": [6.01435, 9.94929, 5],
			"to": [6.16435, 10.44929, 5.025],
			"rotation": {"angle": -45, "axis": "z", "origin": [6.76435, 9.97429, 5.15]},
			"faces": {
				"north": {"uv": [0, 0, 0.75, 0.15], "rotation": 90, "texture": "#16"},
				"east": {"uv": [0, 0, 0.75, 0.1], "rotation": 270, "texture": "#16"},
				"south": {"uv": [0, 0, 0.75, 0.15], "rotation": 270, "texture": "#16"},
				"west": {"uv": [0, 0, 0.75, 0.1], "rotation": 270, "texture": "#16"},
				"up": {"uv": [0, 0, 0.1, 0.15], "rotation": 270, "texture": "#16"},
				"down": {"uv": [0, 0, 0.1, 0.15], "rotation": 270, "texture": "#16"}
			}
		},
		{
			"from": [6.16435, 10.14929, 5],
			"to": [6.36435, 10.24929, 5.025],
			"rotation": {"angle": -45, "axis": "z", "origin": [6.76435, 9.97429, 5.15]},
			"faces": {
				"north": {"uv": [0, 0, 0.75, 0.15], "rotation": 90, "texture": "#16"},
				"east": {"uv": [0, 0, 0.75, 0.1], "rotation": 270, "texture": "#16"},
				"south": {"uv": [0, 0, 0.75, 0.15], "rotation": 270, "texture": "#16"},
				"west": {"uv": [0, 0, 0.75, 0.1], "rotation": 270, "texture": "#16"},
				"up": {"uv": [0, 0, 0.1, 0.15], "rotation": 270, "texture": "#16"},
				"down": {"uv": [0, 0, 0.1, 0.15], "rotation": 270, "texture": "#16"}
			}
		},
		{
			"from": [6.855, 10.75715, 5],
			"to": [7.355, 10.90715, 5.025],
			"rotation": {"angle": 22.5, "axis": "z", "origin": [6.88, 10.15715, 5.15]},
			"faces": {
				"north": {"uv": [0, 0, 0.75, 0.15], "texture": "#16"},
				"east": {"uv": [0, 0, 0.1, 0.15], "texture": "#16"},
				"south": {"uv": [0, 0, 0.75, 0.15], "texture": "#16"},
				"west": {"uv": [0, 0, 0.1, 0.15], "texture": "#16"},
				"up": {"uv": [0, 0, 0.75, 0.1], "texture": "#16"},
				"down": {"uv": [0, 0, 0.75, 0.1], "texture": "#16"}
			}
		},
		{
			"from": [7.055, 10.55715, 5],
			"to": [7.155, 10.75715, 5.025],
			"rotation": {"angle": 22.5, "axis": "z", "origin": [6.88, 10.15715, 5.15]},
			"faces": {
				"north": {"uv": [0, 0, 0.75, 0.15], "texture": "#16"},
				"east": {"uv": [0, 0, 0.1, 0.15], "texture": "#16"},
				"south": {"uv": [0, 0, 0.75, 0.15], "texture": "#16"},
				"west": {"uv": [0, 0, 0.1, 0.15], "texture": "#16"},
				"up": {"uv": [0, 0, 0.75, 0.1], "texture": "#16"},
				"down": {"uv": [0, 0, 0.75, 0.1], "texture": "#16"}
			}
		},
		{
			"from": [7.20867, 10.75715, 5],
			"to": [7.70867, 10.90715, 5.025],
			"rotation": {"angle": -22.5, "axis": "z", "origin": [7.68367, 10.15715, 5.15]},
			"faces": {
				"north": {"uv": [0.75, 0, 0, 0.15], "texture": "#16"},
				"east": {"uv": [0.1, 0, 0, 0.15], "texture": "#16"},
				"south": {"uv": [0.75, 0, 0, 0.15], "texture": "#16"},
				"west": {"uv": [0.1, 0, 0, 0.15], "texture": "#16"},
				"up": {"uv": [0.75, 0, 0, 0.1], "texture": "#16"},
				"down": {"uv": [0.75, 0, 0, 0.1], "texture": "#16"}
			}
		},
		{
			"from": [7.40867, 10.55715, 5],
			"to": [7.50867, 10.75715, 5.025],
			"rotation": {"angle": -22.5, "axis": "z", "origin": [7.68367, 10.15715, 5.15]},
			"faces": {
				"north": {"uv": [0.75, 0, 0, 0.15], "texture": "#16"},
				"east": {"uv": [0.1, 0, 0, 0.15], "texture": "#16"},
				"south": {"uv": [0.75, 0, 0, 0.15], "texture": "#16"},
				"west": {"uv": [0.1, 0, 0, 0.15], "texture": "#16"},
				"up": {"uv": [0.75, 0, 0, 0.1], "texture": "#16"},
				"down": {"uv": [0.75, 0, 0, 0.1], "texture": "#16"}
			}
		},
		{
			"from": [8.39932, 9.94929, 5],
			"to": [8.54932, 10.44929, 5.019],
			"rotation": {"angle": 45, "axis": "z", "origin": [7.79932, 9.97429, 5.15]},
			"faces": {
				"north": {"uv": [0, 0.15, 0.75, 0], "rotation": 90, "texture": "#3"},
				"east": {"uv": [0, 0.1, 0.75, 0], "rotation": 270, "texture": "#3"},
				"south": {"uv": [0, 0.15, 0.75, 0], "rotation": 270, "texture": "#3"},
				"west": {"uv": [0, 0.1, 0.75, 0], "rotation": 270, "texture": "#3"},
				"up": {"uv": [0, 0.15, 0.1, 0], "rotation": 270, "texture": "#3"},
				"down": {"uv": [0, 0.15, 0.1, 0], "rotation": 270, "texture": "#3"}
			}
		},
		{
			"from": [8.19932, 10.14929, 5],
			"to": [8.39932, 10.24929, 5.025],
			"rotation": {"angle": 45, "axis": "z", "origin": [7.79932, 9.97429, 5.15]},
			"faces": {
				"north": {"uv": [0, 0.15, 0.75, 0], "rotation": 90, "texture": "#3"},
				"east": {"uv": [0, 0.1, 0.75, 0], "rotation": 270, "texture": "#3"},
				"south": {"uv": [0, 0.15, 0.75, 0], "rotation": 270, "texture": "#3"},
				"west": {"uv": [0, 0.1, 0.75, 0], "rotation": 270, "texture": "#3"},
				"up": {"uv": [0, 0.15, 0.1, 0], "rotation": 270, "texture": "#3"},
				"down": {"uv": [0, 0.15, 0.1, 0], "rotation": 270, "texture": "#3"}
			}
		},
		{
			"from": [8.43619, 9.73608, 5],
			"to": [8.58619, 10.23608, 5.025],
			"rotation": {"angle": 22.5, "axis": "z", "origin": [7.83619, 9.76108, 5.15]},
			"faces": {
				"north": {"uv": [0, 0.15, 0.75, 0], "rotation": 90, "texture": "#3"},
				"east": {"uv": [0, 0.1, 0.75, 0], "rotation": 270, "texture": "#3"},
				"south": {"uv": [0, 0.15, 0.75, 0], "rotation": 270, "texture": "#3"},
				"west": {"uv": [0, 0.1, 0.75, 0], "rotation": 270, "texture": "#3"},
				"up": {"uv": [0, 0.15, 0.1, 0], "rotation": 270, "texture": "#3"},
				"down": {"uv": [0, 0.15, 0.1, 0], "rotation": 270, "texture": "#3"}
			}
		},
		{
			"from": [8.23619, 9.93608, 5],
			"to": [8.43619, 10.03608, 5.025],
			"rotation": {"angle": 22.5, "axis": "z", "origin": [7.83619, 9.76108, 5.15]},
			"faces": {
				"north": {"uv": [0, 0.15, 0.75, 0], "rotation": 90, "texture": "#3"},
				"east": {"uv": [0, 0.1, 0.75, 0], "rotation": 270, "texture": "#3"},
				"south": {"uv": [0, 0.15, 0.75, 0], "rotation": 270, "texture": "#3"},
				"west": {"uv": [0, 0.1, 0.75, 0], "rotation": 270, "texture": "#3"},
				"up": {"uv": [0, 0.15, 0.1, 0], "rotation": 270, "texture": "#3"},
				"down": {"uv": [0, 0.15, 0.1, 0], "rotation": 270, "texture": "#3"}
			}
		},
		{
			"from": [8.38867, 9.525, 5],
			"to": [8.53867, 10.025, 5.025],
			"rotation": {"angle": 0, "axis": "z", "origin": [7.78867, 9.55, 5.15]},
			"faces": {
				"north": {"uv": [0, 0.15, 0.75, 0], "rotation": 90, "texture": "#3"},
				"east": {"uv": [0, 0.1, 0.75, 0], "rotation": 270, "texture": "#3"},
				"south": {"uv": [0, 0.15, 0.75, 0], "rotation": 270, "texture": "#3"},
				"west": {"uv": [0, 0.1, 0.75, 0], "rotation": 270, "texture": "#3"},
				"up": {"uv": [0, 0.15, 0.1, 0], "rotation": 270, "texture": "#3"},
				"down": {"uv": [0, 0.15, 0.1, 0], "rotation": 270, "texture": "#3"}
			}
		},
		{
			"from": [8.18867, 9.725, 5],
			"to": [8.41367, 9.825, 5.025],
			"rotation": {"angle": 0, "axis": "z", "origin": [7.78867, 9.55, 5.15]},
			"faces": {
				"north": {"uv": [0, 0.15, 0.75, 0], "rotation": 90, "texture": "#3"},
				"east": {"uv": [0, 0.1, 0.75, 0], "rotation": 270, "texture": "#3"},
				"south": {"uv": [0, 0.15, 0.75, 0], "rotation": 270, "texture": "#3"},
				"west": {"uv": [0, 0.1, 0.75, 0], "rotation": 270, "texture": "#3"},
				"up": {"uv": [0, 0.15, 0.1, 0], "rotation": 270, "texture": "#3"},
				"down": {"uv": [0, 0.15, 0.1, 0], "rotation": 270, "texture": "#3"}
			}
		},
		{
			"from": [7.03183, 10.88183, 5],
			"to": [7.53183, 11.03183, 5.025],
			"rotation": {"angle": 0, "axis": "z", "origin": [7.05683, 10.28183, 5.15]},
			"faces": {
				"north": {"uv": [0, 0, 0.75, 0.15], "texture": "#16"},
				"east": {"uv": [0, 0, 0.1, 0.15], "texture": "#16"},
				"south": {"uv": [0, 0, 0.75, 0.15], "texture": "#16"},
				"west": {"uv": [0, 0, 0.1, 0.15], "texture": "#16"},
				"up": {"uv": [0, 0, 0.75, 0.1], "texture": "#16"},
				"down": {"uv": [0, 0, 0.75, 0.1], "texture": "#16"}
			}
		},
		{
			"from": [7.23183, 10.68183, 5],
			"to": [7.33183, 10.88183, 5.025],
			"rotation": {"angle": 0, "axis": "z", "origin": [7.05683, 10.28183, 5.15]},
			"faces": {
				"north": {"uv": [0, 0, 0.75, 0.15], "texture": "#16"},
				"east": {"uv": [0, 0, 0.1, 0.15], "texture": "#16"},
				"south": {"uv": [0, 0, 0.75, 0.15], "texture": "#16"},
				"west": {"uv": [0, 0, 0.1, 0.15], "texture": "#16"},
				"up": {"uv": [0, 0, 0.75, 0.1], "texture": "#16"},
				"down": {"uv": [0, 0, 0.75, 0.1], "texture": "#16"}
			}
		},
		{
			"from": [8.89815, 9.90795, 5],
			"to": [9.02315, 10.10795, 5.05],
			"rotation": {"angle": 22.5, "axis": "z", "origin": [9.64815, 9.83295, 5.15]},
			"faces": {
				"north": {"uv": [0.75, 0, 0, 0.15], "rotation": 90, "texture": "#16"},
				"east": {"uv": [0.75, 0, 0, 0.1], "rotation": 270, "texture": "#16"},
				"south": {"uv": [0.75, 0, 0, 0.15], "rotation": 270, "texture": "#16"},
				"west": {"uv": [0.75, 0, 0, 0.1], "rotation": 270, "texture": "#16"},
				"up": {"uv": [0.1, 0, 0, 0.15], "rotation": 270, "texture": "#16"},
				"down": {"uv": [0.1, 0, 0, 0.15], "rotation": 270, "texture": "#16"}
			}
		},
		{
			"from": [8.85, 9.8, 5],
			"to": [8.975, 10.05, 5.05],
			"rotation": {"angle": 0, "axis": "z", "origin": [9.6, 10.075, 5.15]},
			"faces": {
				"north": {"uv": [0, 0, 0.75, 0.15], "rotation": 90, "texture": "#16"},
				"east": {"uv": [0, 0, 0.75, 0.1], "rotation": 270, "texture": "#16"},
				"south": {"uv": [0, 0, 0.75, 0.15], "rotation": 270, "texture": "#16"},
				"west": {"uv": [0, 0, 0.75, 0.1], "rotation": 270, "texture": "#16"},
				"up": {"uv": [0, 0, 0.1, 0.15], "rotation": 270, "texture": "#16"},
				"down": {"uv": [0, 0, 0.1, 0.15], "rotation": 270, "texture": "#16"}
			}
		},
		{
			"from": [8.89815, 9.74205, 5],
			"to": [9.02315, 9.99205, 5.05],
			"rotation": {"angle": -22.5, "axis": "z", "origin": [9.64815, 10.01705, 5.15]},
			"faces": {
				"north": {"uv": [0, 0, 0.75, 0.15], "rotation": 90, "texture": "#16"},
				"east": {"uv": [0, 0, 0.75, 0.1], "rotation": 270, "texture": "#16"},
				"south": {"uv": [0, 0, 0.75, 0.15], "rotation": 270, "texture": "#16"},
				"west": {"uv": [0, 0, 0.75, 0.1], "rotation": 270, "texture": "#16"},
				"up": {"uv": [0, 0, 0.1, 0.15], "rotation": 270, "texture": "#16"},
				"down": {"uv": [0, 0, 0.1, 0.15], "rotation": 270, "texture": "#16"}
			}
		},
		{
			"from": [8.92046, 9.67009, 5],
			"to": [9.04546, 9.92009, 5.05],
			"rotation": {"angle": -45, "axis": "z", "origin": [9.67046, 9.94509, 5.15]},
			"faces": {
				"north": {"uv": [0, 0, 0.75, 0.15], "rotation": 90, "texture": "#16"},
				"east": {"uv": [0, 0, 0.75, 0.1], "rotation": 270, "texture": "#16"},
				"south": {"uv": [0, 0, 0.75, 0.15], "rotation": 270, "texture": "#16"},
				"west": {"uv": [0, 0, 0.75, 0.1], "rotation": 270, "texture": "#16"},
				"up": {"uv": [0, 0, 0.1, 0.15], "rotation": 270, "texture": "#16"},
				"down": {"uv": [0, 0, 0.1, 0.15], "rotation": 270, "texture": "#16"}
			}
		},
		{
			"from": [9.38853, 10.49507, 5],
			"to": [9.63853, 10.62007, 5.05],
			"rotation": {"angle": 22.5, "axis": "z", "origin": [9.66353, 9.87007, 5.15]},
			"faces": {
				"north": {"uv": [0, 0, 0.75, 0.15], "texture": "#16"},
				"east": {"uv": [0, 0, 0.1, 0.15], "texture": "#16"},
				"south": {"uv": [0, 0, 0.75, 0.15], "texture": "#16"},
				"west": {"uv": [0, 0, 0.1, 0.15], "texture": "#16"},
				"up": {"uv": [0, 0, 0.75, 0.1], "texture": "#16"},
				"down": {"uv": [0, 0, 0.75, 0.1], "texture": "#16"}
			}
		},
		{
			"from": [9.35342, 10.42842, 5],
			"to": [9.60342, 10.55342, 5.05],
			"rotation": {"angle": 0, "axis": "z", "origin": [9.62842, 9.80342, 5.15]},
			"faces": {
				"north": {"uv": [0, 0, 0.75, 0.15], "texture": "#16"},
				"east": {"uv": [0, 0, 0.1, 0.15], "texture": "#16"},
				"south": {"uv": [0, 0, 0.75, 0.15], "texture": "#16"},
				"west": {"uv": [0, 0, 0.1, 0.15], "texture": "#16"},
				"up": {"uv": [0, 0, 0.75, 0.1], "texture": "#16"},
				"down": {"uv": [0, 0, 0.75, 0.1], "texture": "#16"}
			}
		},
		{
			"from": [9.27842, 10.02842, 4.9],
			"to": [9.30342, 10.10342, 4.95],
			"rotation": {"angle": 0, "axis": "z", "origin": [10.02842, 10.35342, 5.05]},
			"faces": {
				"north": {"uv": [0, 0, 0.75, 0.15], "rotation": 90, "texture": "#5"},
				"east": {"uv": [0, 0, 0.75, 0.1], "rotation": 270, "texture": "#5"},
				"south": {"uv": [0, 0, 0.75, 0.15], "rotation": 270, "texture": "#5"},
				"west": {"uv": [0, 0, 0.75, 0.1], "rotation": 270, "texture": "#5"},
				"up": {"uv": [0, 0, 0.1, 0.15], "rotation": 270, "texture": "#5"},
				"down": {"uv": [0, 0, 0.1, 0.15], "rotation": 270, "texture": "#5"}
			}
		},
		{
			"from": [9.30342, 10.00342, 4.9],
			"to": [9.42842, 10.02842, 4.95],
			"rotation": {"angle": 0, "axis": "z", "origin": [9.65342, 9.27842, 5.05]},
			"faces": {
				"north": {"uv": [0, 0, 0.75, 0.15], "texture": "#5"},
				"east": {"uv": [0, 0, 0.1, 0.15], "texture": "#5"},
				"south": {"uv": [0, 0, 0.75, 0.15], "texture": "#5"},
				"west": {"uv": [0, 0, 0.1, 0.15], "texture": "#5"},
				"up": {"uv": [0, 0, 0.75, 0.1], "texture": "#5"},
				"down": {"uv": [0, 0, 0.75, 0.1], "texture": "#5"}
			}
		},
		{
			"from": [9.42842, 10.02842, 4.9],
			"to": [9.45342, 10.10342, 4.95],
			"rotation": {"angle": 0, "axis": "z", "origin": [10.17842, 10.35342, 5.05]},
			"faces": {
				"north": {"uv": [0, 0, 0.75, 0.15], "rotation": 90, "texture": "#5"},
				"east": {"uv": [0, 0, 0.75, 0.1], "rotation": 270, "texture": "#5"},
				"south": {"uv": [0, 0, 0.75, 0.15], "rotation": 270, "texture": "#5"},
				"west": {"uv": [0, 0, 0.75, 0.1], "rotation": 270, "texture": "#5"},
				"up": {"uv": [0, 0, 0.1, 0.15], "rotation": 270, "texture": "#5"},
				"down": {"uv": [0, 0, 0.1, 0.15], "rotation": 270, "texture": "#5"}
			}
		},
		{
			"from": [9.30342, 10.10342, 4.9],
			"to": [9.42842, 10.12842, 4.95],
			"rotation": {"angle": 0, "axis": "z", "origin": [9.65342, 9.37842, 5.05]},
			"faces": {
				"north": {"uv": [0, 0, 0.75, 0.15], "texture": "#9"},
				"east": {"uv": [0, 0, 0.1, 0.15], "texture": "#9"},
				"south": {"uv": [0, 0, 0.75, 0.15], "texture": "#9"},
				"west": {"uv": [0, 0, 0.1, 0.15], "texture": "#9"},
				"up": {"uv": [0, 0, 0.75, 0.1], "texture": "#9"},
				"down": {"uv": [0, 0, 0.75, 0.1], "texture": "#9"}
			}
		},
		{
			"from": [9.42842, 10.12842, 4.9],
			"to": [9.45342, 10.20342, 4.95],
			"rotation": {"angle": 0, "axis": "z", "origin": [10.17842, 10.42842, 5.05]},
			"faces": {
				"north": {"uv": [0, 0, 0.75, 0.15], "rotation": 90, "texture": "#5"},
				"east": {"uv": [0, 0, 0.75, 0.1], "rotation": 270, "texture": "#5"},
				"south": {"uv": [0, 0, 0.75, 0.15], "rotation": 270, "texture": "#5"},
				"west": {"uv": [0, 0, 0.75, 0.1], "rotation": 270, "texture": "#5"},
				"up": {"uv": [0, 0, 0.1, 0.15], "rotation": 270, "texture": "#5"},
				"down": {"uv": [0, 0, 0.1, 0.15], "rotation": 270, "texture": "#5"}
			}
		},
		{
			"from": [9.55342, 10.32842, 4.9],
			"to": [9.69842, 10.35342, 4.928],
			"rotation": {"angle": 22.5, "axis": "z", "origin": [9.92842, 9.60342, 5.05]},
			"faces": {
				"north": {"uv": [0, 0, 0.75, 0.15], "texture": "#9"},
				"east": {"uv": [0, 0, 0.1, 0.15], "texture": "#9"},
				"south": {"uv": [0, 0, 0.75, 0.15], "texture": "#9"},
				"west": {"uv": [0, 0, 0.1, 0.15], "texture": "#9"},
				"up": {"uv": [0, 0, 0.75, 0.1], "texture": "#9"},
				"down": {"uv": [0, 0, 0.75, 0.1], "texture": "#9"}
			}
		},
		{
			"from": [9.27842, 10.12842, 4.9],
			"to": [9.30342, 10.20342, 4.95],
			"rotation": {"angle": 0, "axis": "z", "origin": [10.02842, 10.42842, 5.05]},
			"faces": {
				"north": {"uv": [0, 0, 0.75, 0.15], "rotation": 90, "texture": "#5"},
				"east": {"uv": [0, 0, 0.75, 0.1], "rotation": 270, "texture": "#5"},
				"south": {"uv": [0, 0, 0.75, 0.15], "rotation": 270, "texture": "#5"},
				"west": {"uv": [0, 0, 0.75, 0.1], "rotation": 270, "texture": "#5"},
				"up": {"uv": [0, 0, 0.1, 0.15], "rotation": 270, "texture": "#5"},
				"down": {"uv": [0, 0, 0.1, 0.15], "rotation": 270, "texture": "#5"}
			}
		},
		{
			"from": [9.30342, 10.20342, 4.9],
			"to": [9.42842, 10.22842, 4.95],
			"rotation": {"angle": 0, "axis": "z", "origin": [9.65342, 9.47842, 5.05]},
			"faces": {
				"north": {"uv": [0, 0, 0.75, 0.15], "texture": "#5"},
				"east": {"uv": [0, 0, 0.1, 0.15], "texture": "#5"},
				"south": {"uv": [0, 0, 0.75, 0.15], "texture": "#5"},
				"west": {"uv": [0, 0, 0.1, 0.15], "texture": "#5"},
				"up": {"uv": [0, 0, 0.75, 0.1], "texture": "#5"},
				"down": {"uv": [0, 0, 0.75, 0.1], "texture": "#5"}
			}
		},
		{
			"from": [9.4684, 10.00342, 4.9],
			"to": [9.4934, 10.02842, 4.95],
			"rotation": {"angle": 0, "axis": "z", "origin": [9.80342, 9.27842, 5.05]},
			"faces": {
				"north": {"uv": [0, 0, 0.75, 0.15], "texture": "#5"},
				"east": {"uv": [0, 0, 0.1, 0.15], "texture": "#5"},
				"south": {"uv": [0, 0, 0.75, 0.15], "texture": "#5"},
				"west": {"uv": [0, 0, 0.1, 0.15], "texture": "#5"},
				"up": {"uv": [0, 0, 0.75, 0.1], "texture": "#5"},
				"down": {"uv": [0, 0, 0.75, 0.1], "texture": "#5"}
			}
		},
		{
			"from": [9.50342, 10.02842, 4.9],
			"to": [9.52842, 10.10342, 4.95],
			"rotation": {"angle": 0, "axis": "z", "origin": [10.25342, 10.35342, 5.05]},
			"faces": {
				"north": {"uv": [0, 0, 0.75, 0.15], "rotation": 90, "texture": "#9"},
				"east": {"uv": [0, 0, 0.75, 0.1], "rotation": 270, "texture": "#9"},
				"south": {"uv": [0, 0, 0.75, 0.15], "rotation": 270, "texture": "#9"},
				"west": {"uv": [0, 0, 0.75, 0.1], "rotation": 270, "texture": "#9"},
				"up": {"uv": [0, 0, 0.1, 0.15], "rotation": 270, "texture": "#9"},
				"down": {"uv": [0, 0, 0.1, 0.15], "rotation": 270, "texture": "#9"}
			}
		},
		{
			"from": [9.50342, 10.12842, 4.9],
			"to": [9.52842, 10.20342, 4.95],
			"rotation": {"angle": 0, "axis": "z", "origin": [10.25342, 10.42842, 5.05]},
			"faces": {
				"north": {"uv": [0, 0, 0.75, 0.15], "rotation": 90, "texture": "#9"},
				"east": {"uv": [0, 0, 0.75, 0.1], "rotation": 270, "texture": "#9"},
				"south": {"uv": [0, 0, 0.75, 0.15], "rotation": 270, "texture": "#9"},
				"west": {"uv": [0, 0, 0.75, 0.1], "rotation": 270, "texture": "#9"},
				"up": {"uv": [0, 0, 0.1, 0.15], "rotation": 270, "texture": "#9"},
				"down": {"uv": [0, 0, 0.1, 0.15], "rotation": 270, "texture": "#9"}
			}
		},
		{
			"from": [9.52842, 10.20342, 4.9],
			"to": [9.65342, 10.22842, 4.95],
			"rotation": {"angle": 0, "axis": "z", "origin": [9.87842, 9.47842, 5.05]},
			"faces": {
				"north": {"uv": [0, 0, 0.75, 0.15], "texture": "#9"},
				"east": {"uv": [0, 0, 0.1, 0.15], "texture": "#9"},
				"south": {"uv": [0, 0, 0.75, 0.15], "texture": "#9"},
				"west": {"uv": [0, 0, 0.1, 0.15], "texture": "#9"},
				"up": {"uv": [0, 0, 0.75, 0.1], "texture": "#9"},
				"down": {"uv": [0, 0, 0.75, 0.1], "texture": "#9"}
			}
		},
		{
			"from": [9.77842, 10.32842, 4.9],
			"to": [9.92342, 10.35342, 4.928],
			"rotation": {"angle": 22.5, "axis": "z", "origin": [10.15342, 9.60342, 5.05]},
			"faces": {
				"north": {"uv": [0, 0, 0.75, 0.15], "texture": "#9"},
				"east": {"uv": [0, 0, 0.1, 0.15], "texture": "#9"},
				"south": {"uv": [0, 0, 0.75, 0.15], "texture": "#9"},
				"west": {"uv": [0, 0, 0.1, 0.15], "texture": "#9"},
				"up": {"uv": [0, 0, 0.75, 0.1], "texture": "#9"},
				"down": {"uv": [0, 0, 0.75, 0.1], "texture": "#9"}
			}
		},
		{
			"from": [9.52842, 10.10342, 4.9],
			"to": [9.65342, 10.12842, 4.95],
			"rotation": {"angle": 0, "axis": "z", "origin": [9.87842, 9.37842, 5.05]},
			"faces": {
				"north": {"uv": [0, 0, 0.75, 0.15], "texture": "#9"},
				"east": {"uv": [0, 0, 0.1, 0.15], "texture": "#9"},
				"south": {"uv": [0, 0, 0.75, 0.15], "texture": "#9"},
				"west": {"uv": [0, 0, 0.1, 0.15], "texture": "#9"},
				"up": {"uv": [0, 0, 0.75, 0.1], "texture": "#9"},
				"down": {"uv": [0, 0, 0.75, 0.1], "texture": "#9"}
			}
		},
		{
			"from": [9.65342, 10.12842, 4.9],
			"to": [9.67842, 10.20342, 4.95],
			"rotation": {"angle": 0, "axis": "z", "origin": [10.40342, 10.42842, 5.05]},
			"faces": {
				"north": {"uv": [0, 0, 0.75, 0.15], "rotation": 90, "texture": "#5"},
				"east": {"uv": [0, 0, 0.75, 0.1], "rotation": 270, "texture": "#5"},
				"south": {"uv": [0, 0, 0.75, 0.15], "rotation": 270, "texture": "#5"},
				"west": {"uv": [0, 0, 0.75, 0.1], "rotation": 270, "texture": "#5"},
				"up": {"uv": [0, 0, 0.1, 0.15], "rotation": 270, "texture": "#5"},
				"down": {"uv": [0, 0, 0.1, 0.15], "rotation": 270, "texture": "#5"}
			}
		},
		{
			"from": [9.65342, 10.02842, 4.9],
			"to": [9.67842, 10.10342, 4.95],
			"rotation": {"angle": 0, "axis": "z", "origin": [10.40342, 10.35342, 5.05]},
			"faces": {
				"north": {"uv": [0, 0, 0.75, 0.15], "rotation": 90, "texture": "#5"},
				"east": {"uv": [0, 0, 0.75, 0.1], "rotation": 270, "texture": "#5"},
				"south": {"uv": [0, 0, 0.75, 0.15], "rotation": 270, "texture": "#5"},
				"west": {"uv": [0, 0, 0.75, 0.1], "rotation": 270, "texture": "#5"},
				"up": {"uv": [0, 0, 0.1, 0.15], "rotation": 270, "texture": "#5"},
				"down": {"uv": [0, 0, 0.1, 0.15], "rotation": 270, "texture": "#5"}
			}
		},
		{
			"from": [9.52842, 10.00342, 4.9],
			"to": [9.65342, 10.02842, 4.95],
			"rotation": {"angle": 0, "axis": "z", "origin": [9.87842, 9.27842, 5.05]},
			"faces": {
				"north": {"uv": [0, 0, 0.75, 0.15], "texture": "#9"},
				"east": {"uv": [0, 0, 0.1, 0.15], "texture": "#9"},
				"south": {"uv": [0, 0, 0.75, 0.15], "texture": "#9"},
				"west": {"uv": [0, 0, 0.1, 0.15], "texture": "#9"},
				"up": {"uv": [0, 0, 0.75, 0.1], "texture": "#9"},
				"down": {"uv": [0, 0, 0.75, 0.1], "texture": "#9"}
			}
		},
		{
			"from": [9.31831, 10.49507, 5],
			"to": [9.56831, 10.62007, 5.05],
			"rotation": {"angle": -22.5, "axis": "z", "origin": [9.29331, 9.87007, 5.15]},
			"faces": {
				"north": {"uv": [0.75, 0, 0, 0.15], "texture": "#16"},
				"east": {"uv": [0.1, 0, 0, 0.15], "texture": "#16"},
				"south": {"uv": [0.75, 0, 0, 0.15], "texture": "#16"},
				"west": {"uv": [0.1, 0, 0, 0.15], "texture": "#16"},
				"up": {"uv": [0.75, 0, 0, 0.1], "texture": "#16"},
				"down": {"uv": [0.75, 0, 0, 0.1], "texture": "#16"}
			}
		},
		{
			"from": [9.91138, 9.67009, 5],
			"to": [10.03638, 9.92009, 5.05],
			"rotation": {"angle": 45, "axis": "z", "origin": [9.28638, 9.94509, 5.15]},
			"faces": {
				"north": {"uv": [0, 0.15, 0.75, 0], "rotation": 90, "texture": "#16"},
				"east": {"uv": [0, 0.1, 0.75, 0], "rotation": 270, "texture": "#16"},
				"south": {"uv": [0, 0.15, 0.75, 0], "rotation": 270, "texture": "#16"},
				"west": {"uv": [0, 0.1, 0.75, 0], "rotation": 270, "texture": "#16"},
				"up": {"uv": [0, 0.15, 0.1, 0], "rotation": 270, "texture": "#16"},
				"down": {"uv": [0, 0.15, 0.1, 0], "rotation": 270, "texture": "#16"}
			}
		},
		{
			"from": [9.93369, 9.74205, 5],
			"to": [10.05869, 9.99205, 5.05],
			"rotation": {"angle": 22.5, "axis": "z", "origin": [9.30869, 10.01705, 5.15]},
			"faces": {
				"north": {"uv": [0, 0.15, 0.75, 0], "rotation": 90, "texture": "#16"},
				"east": {"uv": [0, 0.1, 0.75, 0], "rotation": 270, "texture": "#16"},
				"south": {"uv": [0, 0.15, 0.75, 0], "rotation": 270, "texture": "#16"},
				"west": {"uv": [0, 0.1, 0.75, 0], "rotation": 270, "texture": "#16"},
				"up": {"uv": [0, 0.15, 0.1, 0], "rotation": 270, "texture": "#16"},
				"down": {"uv": [0, 0.15, 0.1, 0], "rotation": 270, "texture": "#16"}
			}
		},
		{
			"from": [9.98183, 9.8, 5],
			"to": [10.10683, 10.05, 5.05],
			"rotation": {"angle": 0, "axis": "z", "origin": [9.35683, 10.075, 5.15]},
			"faces": {
				"north": {"uv": [0, 0.15, 0.75, 0], "rotation": 90, "texture": "#16"},
				"east": {"uv": [0, 0.1, 0.75, 0], "rotation": 270, "texture": "#16"},
				"south": {"uv": [0, 0.15, 0.75, 0], "rotation": 270, "texture": "#16"},
				"west": {"uv": [0, 0.1, 0.75, 0], "rotation": 270, "texture": "#16"},
				"up": {"uv": [0, 0.15, 0.1, 0], "rotation": 270, "texture": "#16"},
				"down": {"uv": [0, 0.15, 0.1, 0], "rotation": 270, "texture": "#16"}
			}
		},
		{
			"from": [9.92685, 9.90795, 5],
			"to": [10.05185, 10.10795, 5.05],
			"rotation": {"angle": -22.5, "axis": "z", "origin": [9.30185, 9.83295, 5.15]},
			"faces": {
				"north": {"uv": [0.75, 0.15, 0, 0], "rotation": 90, "texture": "#16"},
				"east": {"uv": [0.75, 0.1, 0, 0], "rotation": 270, "texture": "#16"},
				"south": {"uv": [0.75, 0.15, 0, 0], "rotation": 270, "texture": "#16"},
				"west": {"uv": [0.75, 0.1, 0, 0], "rotation": 270, "texture": "#16"},
				"up": {"uv": [0.1, 0.15, 0, 0], "rotation": 270, "texture": "#16"},
				"down": {"uv": [0.1, 0.15, 0, 0], "rotation": 270, "texture": "#16"}
			}
		},
		{
			"from": [9.95, 9.975, 5],
			"to": [10.05, 10.025, 5.05],
			"rotation": {"angle": -22.5, "axis": "z", "origin": [9.3, 10.15, 5.15]},
			"faces": {
				"north": {"uv": [0, 0.15, 0.75, 0], "rotation": 90, "texture": "#16"},
				"east": {"uv": [0, 0.1, 0.75, 0], "rotation": 270, "texture": "#16"},
				"south": {"uv": [0, 0.15, 0.75, 0], "rotation": 270, "texture": "#16"},
				"west": {"uv": [0, 0.1, 0.75, 0], "rotation": 270, "texture": "#16"},
				"up": {"uv": [0, 0.15, 0.1, 0], "rotation": 270, "texture": "#16"},
				"down": {"uv": [0, 0.15, 0.1, 0], "rotation": 270, "texture": "#16"}
			}
		},
		{
			"from": [9.875, 9.9, 5],
			"to": [9.975, 9.95, 5.05],
			"rotation": {"angle": 0, "axis": "z", "origin": [9.225, 10.075, 5.15]},
			"faces": {
				"north": {"uv": [0, 0.15, 0.75, 0], "rotation": 90, "texture": "#16"},
				"east": {"uv": [0, 0.1, 0.75, 0], "rotation": 270, "texture": "#16"},
				"south": {"uv": [0, 0.15, 0.75, 0], "rotation": 270, "texture": "#16"},
				"west": {"uv": [0, 0.1, 0.75, 0], "rotation": 270, "texture": "#16"},
				"up": {"uv": [0, 0.15, 0.1, 0], "rotation": 270, "texture": "#16"},
				"down": {"uv": [0, 0.15, 0.1, 0], "rotation": 270, "texture": "#16"}
			}
		},
		{
			"from": [9.82685, 9.84205, 5],
			"to": [9.92685, 9.89205, 5.05],
			"rotation": {"angle": 22.5, "axis": "z", "origin": [9.30185, 10.01705, 5.15]},
			"faces": {
				"north": {"uv": [0, 0.15, 0.75, 0], "rotation": 90, "texture": "#16"},
				"east": {"uv": [0, 0.1, 0.75, 0], "rotation": 270, "texture": "#16"},
				"south": {"uv": [0, 0.15, 0.75, 0], "rotation": 270, "texture": "#16"},
				"west": {"uv": [0, 0.1, 0.75, 0], "rotation": 270, "texture": "#16"},
				"up": {"uv": [0, 0.15, 0.1, 0], "rotation": 270, "texture": "#16"},
				"down": {"uv": [0, 0.15, 0.1, 0], "rotation": 270, "texture": "#16"}
			}
		},
		{
			"from": [9.82954, 9.77009, 5],
			"to": [9.90454, 9.82009, 5.05],
			"rotation": {"angle": 45, "axis": "z", "origin": [9.27954, 9.94509, 5.15]},
			"faces": {
				"north": {"uv": [0, 0.15, 0.75, 0], "rotation": 90, "texture": "#16"},
				"east": {"uv": [0, 0.1, 0.75, 0], "rotation": 270, "texture": "#16"},
				"south": {"uv": [0, 0.15, 0.75, 0], "rotation": 270, "texture": "#16"},
				"west": {"uv": [0, 0.1, 0.75, 0], "rotation": 270, "texture": "#16"},
				"up": {"uv": [0, 0.15, 0.1, 0], "rotation": 270, "texture": "#16"},
				"down": {"uv": [0, 0.15, 0.1, 0], "rotation": 270, "texture": "#16"}
			}
		},
		{
			"from": [9.41147, 10.39507, 5],
			"to": [9.46147, 10.49507, 5.05],
			"rotation": {"angle": -22.5, "axis": "z", "origin": [9.28647, 9.87007, 5.15]},
			"faces": {
				"north": {"uv": [0.75, 0, 0, 0.15], "texture": "#16"},
				"east": {"uv": [0.1, 0, 0, 0.15], "texture": "#16"},
				"south": {"uv": [0.75, 0, 0, 0.15], "texture": "#16"},
				"west": {"uv": [0.1, 0, 0, 0.15], "texture": "#16"},
				"up": {"uv": [0.75, 0, 0, 0.1], "texture": "#16"},
				"down": {"uv": [0.75, 0, 0, 0.1], "texture": "#16"}
			}
		},
		{
			"from": [9.45342, 10.30342, 5],
			"to": [9.50342, 10.42842, 5.05],
			"rotation": {"angle": 0, "axis": "z", "origin": [9.62842, 9.80342, 5.15]},
			"faces": {
				"north": {"uv": [0, 0, 0.75, 0.15], "texture": "#16"},
				"east": {"uv": [0, 0, 0.1, 0.15], "texture": "#16"},
				"south": {"uv": [0, 0, 0.75, 0.15], "texture": "#16"},
				"west": {"uv": [0, 0, 0.1, 0.15], "texture": "#16"},
				"up": {"uv": [0, 0, 0.75, 0.1], "texture": "#16"},
				"down": {"uv": [0, 0, 0.75, 0.1], "texture": "#16"}
			}
		},
		{
			"from": [9.48853, 10.39507, 5],
			"to": [9.53853, 10.49507, 5.05],
			"rotation": {"angle": 22.5, "axis": "z", "origin": [9.66353, 9.87007, 5.15]},
			"faces": {
				"north": {"uv": [0, 0, 0.75, 0.15], "texture": "#16"},
				"east": {"uv": [0, 0, 0.1, 0.15], "texture": "#16"},
				"south": {"uv": [0, 0, 0.75, 0.15], "texture": "#16"},
				"west": {"uv": [0, 0, 0.1, 0.15], "texture": "#16"},
				"up": {"uv": [0, 0, 0.75, 0.1], "texture": "#16"},
				"down": {"uv": [0, 0, 0.75, 0.1], "texture": "#16"}
			}
		},
		{
			"from": [9.04546, 9.77009, 5],
			"to": [9.12046, 9.82009, 5.05],
			"rotation": {"angle": -45, "axis": "z", "origin": [9.67046, 9.94509, 5.15]},
			"faces": {
				"north": {"uv": [0, 0, 0.75, 0.15], "rotation": 90, "texture": "#16"},
				"east": {"uv": [0, 0, 0.75, 0.1], "rotation": 270, "texture": "#16"},
				"south": {"uv": [0, 0, 0.75, 0.15], "rotation": 270, "texture": "#16"},
				"west": {"uv": [0, 0, 0.75, 0.1], "rotation": 270, "texture": "#16"},
				"up": {"uv": [0, 0, 0.1, 0.15], "rotation": 270, "texture": "#16"},
				"down": {"uv": [0, 0, 0.1, 0.15], "rotation": 270, "texture": "#16"}
			}
		},
		{
			"from": [9.02315, 9.84205, 5],
			"to": [9.12315, 9.89205, 5.05],
			"rotation": {"angle": -22.5, "axis": "z", "origin": [9.64815, 10.01705, 5.15]},
			"faces": {
				"north": {"uv": [0, 0, 0.75, 0.15], "rotation": 90, "texture": "#16"},
				"east": {"uv": [0, 0, 0.75, 0.1], "rotation": 270, "texture": "#16"},
				"south": {"uv": [0, 0, 0.75, 0.15], "rotation": 270, "texture": "#16"},
				"west": {"uv": [0, 0, 0.75, 0.1], "rotation": 270, "texture": "#16"},
				"up": {"uv": [0, 0, 0.1, 0.15], "rotation": 270, "texture": "#16"},
				"down": {"uv": [0, 0, 0.1, 0.15], "rotation": 270, "texture": "#16"}
			}
		},
		{
			"from": [8.975, 9.9, 5],
			"to": [9.075, 9.95, 5.05],
			"rotation": {"angle": 0, "axis": "z", "origin": [9.725, 10.075, 5.15]},
			"faces": {
				"north": {"uv": [0, 0, 0.75, 0.15], "rotation": 90, "texture": "#16"},
				"east": {"uv": [0, 0, 0.75, 0.1], "rotation": 270, "texture": "#16"},
				"south": {"uv": [0, 0, 0.75, 0.15], "rotation": 270, "texture": "#16"},
				"west": {"uv": [0, 0, 0.75, 0.1], "rotation": 270, "texture": "#16"},
				"up": {"uv": [0, 0, 0.1, 0.15], "rotation": 270, "texture": "#16"},
				"down": {"uv": [0, 0, 0.1, 0.15], "rotation": 270, "texture": "#16"}
			}
		},
		{
			"from": [9.32502, 9.5127, 5],
			"to": [9.35002, 9.6877, 5.022],
			"rotation": {"angle": 0, "axis": "z", "origin": [10.25002, 8.8377, 5.15]},
			"faces": {
				"north": {"uv": [0, 0, 1.1, 0.15], "texture": "#16"},
				"east": {"uv": [0, 0, 0.022, 0.15], "texture": "#16"},
				"south": {"uv": [0, 0, 1.1, 0.15], "texture": "#16"},
				"west": {"uv": [0, 0, 0.022, 0.15], "texture": "#16"},
				"up": {"uv": [0, 0, 1.1, 0.022], "texture": "#16"},
				"down": {"uv": [0, 0, 1.1, 0.022], "texture": "#16"}
			}
		},
		{
			"from": [9.57502, 9.5127, 5],
			"to": [9.60002, 9.6877, 5.022],
			"rotation": {"angle": 0, "axis": "z", "origin": [10.50002, 8.8377, 5.15]},
			"faces": {
				"north": {"uv": [0, 0, 1.1, 0.15], "texture": "#16"},
				"east": {"uv": [0, 0, 0.022, 0.15], "texture": "#16"},
				"south": {"uv": [0, 0, 1.1, 0.15], "texture": "#16"},
				"west": {"uv": [0, 0, 0.022, 0.15], "texture": "#16"},
				"up": {"uv": [0, 0, 1.1, 0.022], "texture": "#16"},
				"down": {"uv": [0, 0, 1.1, 0.022], "texture": "#16"}
			}
		},
		{
			"from": [9.10002, 9.1877, 5],
			"to": [9.12502, 9.4127, 5.022],
			"rotation": {"angle": -22.5, "axis": "z", "origin": [10.02502, 8.5127, 5.15]},
			"faces": {
				"north": {"uv": [0, 0, 1.1, 0.15], "texture": "#16"},
				"east": {"uv": [0, 0, 0.022, 0.15], "texture": "#16"},
				"south": {"uv": [0, 0, 1.1, 0.15], "texture": "#16"},
				"west": {"uv": [0, 0, 0.022, 0.15], "texture": "#16"},
				"up": {"uv": [0, 0, 1.1, 0.022], "texture": "#16"},
				"down": {"uv": [0, 0, 1.1, 0.022], "texture": "#16"}
			}
		},
		{
			"from": [9.40002, 9.5127, 5],
			"to": [9.42502, 9.6127, 5.022],
			"rotation": {"angle": 0, "axis": "z", "origin": [10.32502, 8.8377, 5.15]},
			"faces": {
				"north": {"uv": [0, 0, 1.1, 0.15], "texture": "#16"},
				"east": {"uv": [0, 0, 0.022, 0.15], "texture": "#16"},
				"south": {"uv": [0, 0, 1.1, 0.15], "texture": "#16"},
				"west": {"uv": [0, 0, 0.022, 0.15], "texture": "#16"},
				"up": {"uv": [0, 0, 1.1, 0.022], "texture": "#16"},
				"down": {"uv": [0, 0, 1.1, 0.022], "texture": "#16"}
			}
		},
		{
			"from": [9.35002, 9.5127, 5],
			"to": [9.40002, 9.5377, 5.022],
			"rotation": {"angle": 0, "axis": "z", "origin": [10.27502, 8.6877, 5.15]},
			"faces": {
				"north": {"uv": [0, 0, 1.1, 0.15], "texture": "#16"},
				"east": {"uv": [0, 0, 0.022, 0.15], "texture": "#16"},
				"south": {"uv": [0, 0, 1.1, 0.15], "texture": "#16"},
				"west": {"uv": [0, 0, 0.022, 0.15], "texture": "#16"},
				"up": {"uv": [0, 0, 1.1, 0.022], "texture": "#16"},
				"down": {"uv": [0, 0, 1.1, 0.022], "texture": "#16"}
			}
		},
		{
			"from": [9.35002, 9.5877, 5],
			"to": [9.40002, 9.6127, 5.022],
			"rotation": {"angle": 0, "axis": "z", "origin": [10.27502, 8.7627, 5.15]},
			"faces": {
				"north": {"uv": [0, 0, 1.1, 0.15], "texture": "#16"},
				"east": {"uv": [0, 0, 0.022, 0.15], "texture": "#16"},
				"south": {"uv": [0, 0, 1.1, 0.15], "texture": "#16"},
				"west": {"uv": [0, 0, 0.022, 0.15], "texture": "#16"},
				"up": {"uv": [0, 0, 1.1, 0.022], "texture": "#16"},
				"down": {"uv": [0, 0, 1.1, 0.022], "texture": "#16"}
			}
		},
		{
			"from": [9.55002, 9.5877, 5],
			"to": [9.62502, 9.6127, 5.022],
			"rotation": {"angle": 0, "axis": "z", "origin": [10.50002, 8.7627, 5.15]},
			"faces": {
				"north": {"uv": [0, 0, 1.1, 0.15], "texture": "#16"},
				"east": {"uv": [0, 0, 0.022, 0.15], "texture": "#16"},
				"south": {"uv": [0, 0, 1.1, 0.15], "texture": "#16"},
				"west": {"uv": [0, 0, 0.022, 0.15], "texture": "#16"},
				"up": {"uv": [0, 0, 1.1, 0.022], "texture": "#16"},
				"down": {"uv": [0, 0, 1.1, 0.022], "texture": "#16"}
			}
		},
		{
			"from": [7.40002, 9.7627, 5],
			"to": [7.65002, 9.8377, 5.022],
			"rotation": {"angle": 45, "axis": "z", "origin": [6.80002, 8.9127, 5.15]},
			"faces": {
				"north": {"uv": [0, 0, 1.1, 0.15], "rotation": 270, "texture": "#16"},
				"east": {"uv": [0, 0, 1.1, 0.022], "rotation": 90, "texture": "#16"},
				"south": {"uv": [0, 0, 1.1, 0.15], "rotation": 90, "texture": "#16"},
				"west": {"uv": [0, 0, 1.1, 0.022], "rotation": 90, "texture": "#16"},
				"up": {"uv": [0, 0, 0.022, 0.15], "rotation": 90, "texture": "#16"},
				"down": {"uv": [0, 0, 0.022, 0.15], "rotation": 90, "texture": "#16"}
			}
		},
		{
			"from": [6.90002, 10.7627, 5],
			"to": [6.97502, 11.0127, 5.022],
			"rotation": {"angle": 45, "axis": "z", "origin": [7.82502, 10.1627, 5.15]},
			"faces": {
				"north": {"uv": [0, 0, 1.1, 0.15], "texture": "#16"},
				"east": {"uv": [0, 0, 0.022, 0.15], "texture": "#16"},
				"south": {"uv": [0, 0, 1.1, 0.15], "texture": "#16"},
				"west": {"uv": [0, 0, 0.022, 0.15], "texture": "#16"},
				"up": {"uv": [0, 0, 1.1, 0.022], "texture": "#16"},
				"down": {"uv": [0, 0, 1.1, 0.022], "texture": "#16"}
			}
		},
		{
			"from": [6.87502, 9.9377, 5],
			"to": [6.95002, 10.1877, 5.022],
			"rotation": {"angle": 0, "axis": "z", "origin": [7.80002, 9.3377, 5.15]},
			"faces": {
				"north": {"uv": [0, 0, 1.1, 0.15], "texture": "#16"},
				"east": {"uv": [0, 0, 0.022, 0.15], "texture": "#16"},
				"south": {"uv": [0, 0, 1.1, 0.15], "texture": "#16"},
				"west": {"uv": [0, 0, 0.022, 0.15], "texture": "#16"},
				"up": {"uv": [0, 0, 1.1, 0.022], "texture": "#16"},
				"down": {"uv": [0, 0, 1.1, 0.022], "texture": "#16"}
			}
		},
		{
			"from": [7.00002, 9.9377, 5],
			"to": [7.07502, 10.1877, 5.022],
			"rotation": {"angle": 0, "axis": "z", "origin": [7.92502, 9.3377, 5.15]},
			"faces": {
				"north": {"uv": [0, 0, 1.1, 0.15], "texture": "#16"},
				"east": {"uv": [0, 0, 0.022, 0.15], "texture": "#16"},
				"south": {"uv": [0, 0, 1.1, 0.15], "texture": "#16"},
				"west": {"uv": [0, 0, 0.022, 0.15], "texture": "#16"},
				"up": {"uv": [0, 0, 1.1, 0.022], "texture": "#16"},
				"down": {"uv": [0, 0, 1.1, 0.022], "texture": "#16"}
			}
		},
		{
			"from": [7.07502, 10.1377, 5],
			"to": [7.20002, 10.1877, 5.022],
			"rotation": {"angle": 0, "axis": "z", "origin": [8.00002, 9.3377, 5.15]},
			"faces": {
				"north": {"uv": [0, 0, 1.1, 0.15], "texture": "#16"},
				"east": {"uv": [0, 0, 0.022, 0.15], "texture": "#16"},
				"south": {"uv": [0, 0, 1.1, 0.15], "texture": "#16"},
				"west": {"uv": [0, 0, 0.022, 0.15], "texture": "#16"},
				"up": {"uv": [0, 0, 1.1, 0.022], "texture": "#16"},
				"down": {"uv": [0, 0, 1.1, 0.022], "texture": "#16"}
			}
		},
		{
			"from": [7.20002, 9.9377, 5],
			"to": [7.27502, 10.1877, 5.022],
			"rotation": {"angle": 0, "axis": "z", "origin": [8.12502, 9.3377, 5.15]},
			"faces": {
				"north": {"uv": [0, 0, 1.1, 0.15], "texture": "#16"},
				"east": {"uv": [0, 0, 0.022, 0.15], "texture": "#16"},
				"south": {"uv": [0, 0, 1.1, 0.15], "texture": "#16"},
				"west": {"uv": [0, 0, 0.022, 0.15], "texture": "#16"},
				"up": {"uv": [0, 0, 1.1, 0.022], "texture": "#16"},
				"down": {"uv": [0, 0, 1.1, 0.022], "texture": "#16"}
			}
		},
		{
			"from": [7.07502, 9.9377, 5],
			"to": [7.20002, 9.9877, 5.022],
			"rotation": {"angle": 0, "axis": "z", "origin": [8.00002, 9.1377, 5.15]},
			"faces": {
				"north": {"uv": [0, 0, 1.1, 0.15], "texture": "#16"},
				"east": {"uv": [0, 0, 0.022, 0.15], "texture": "#16"},
				"south": {"uv": [0, 0, 1.1, 0.15], "texture": "#16"},
				"west": {"uv": [0, 0, 0.022, 0.15], "texture": "#16"},
				"up": {"uv": [0, 0, 1.1, 0.022], "texture": "#16"},
				"down": {"uv": [0, 0, 1.1, 0.022], "texture": "#16"}
			}
		},
		{
			"from": [7.32502, 9.9377, 5],
			"to": [7.40002, 10.1877, 5.022],
			"rotation": {"angle": 0, "axis": "z", "origin": [8.25002, 9.3377, 5.15]},
			"faces": {
				"north": {"uv": [0, 0, 1.1, 0.15], "texture": "#16"},
				"east": {"uv": [0, 0, 0.022, 0.15], "texture": "#16"},
				"south": {"uv": [0, 0, 1.1, 0.15], "texture": "#16"},
				"west": {"uv": [0, 0, 0.022, 0.15], "texture": "#16"},
				"up": {"uv": [0, 0, 1.1, 0.022], "texture": "#16"},
				"down": {"uv": [0, 0, 1.1, 0.022], "texture": "#16"}
			}
		},
		{
			"from": [7.40002, 9.9377, 5],
			"to": [7.52502, 9.9877, 5.022],
			"rotation": {"angle": 0, "axis": "z", "origin": [8.32502, 9.1377, 5.15]},
			"faces": {
				"north": {"uv": [0, 0, 1.1, 0.15], "texture": "#16"},
				"east": {"uv": [0, 0, 0.022, 0.15], "texture": "#16"},
				"south": {"uv": [0, 0, 1.1, 0.15], "texture": "#16"},
				"west": {"uv": [0, 0, 0.022, 0.15], "texture": "#16"},
				"up": {"uv": [0, 0, 1.1, 0.022], "texture": "#16"},
				"down": {"uv": [0, 0, 1.1, 0.022], "texture": "#16"}
			}
		},
		{
			"from": [7.52502, 9.9377, 5],
			"to": [7.60002, 10.1877, 5.022],
			"rotation": {"angle": 0, "axis": "z", "origin": [8.45002, 9.3377, 5.15]},
			"faces": {
				"north": {"uv": [0, 0, 1.1, 0.15], "texture": "#16"},
				"east": {"uv": [0, 0, 0.022, 0.15], "texture": "#16"},
				"south": {"uv": [0, 0, 1.1, 0.15], "texture": "#16"},
				"west": {"uv": [0, 0, 0.022, 0.15], "texture": "#16"},
				"up": {"uv": [0, 0, 1.1, 0.022], "texture": "#16"},
				"down": {"uv": [0, 0, 1.1, 0.022], "texture": "#16"}
			}
		},
		{
			"from": [7.40002, 10.1377, 5],
			"to": [7.52502, 10.1877, 5.022],
			"rotation": {"angle": 0, "axis": "z", "origin": [8.32502, 9.3377, 5.15]},
			"faces": {
				"north": {"uv": [0, 0, 1.1, 0.15], "texture": "#16"},
				"east": {"uv": [0, 0, 0.022, 0.15], "texture": "#16"},
				"south": {"uv": [0, 0, 1.1, 0.15], "texture": "#16"},
				"west": {"uv": [0, 0, 0.022, 0.15], "texture": "#16"},
				"up": {"uv": [0, 0, 1.1, 0.022], "texture": "#16"},
				"down": {"uv": [0, 0, 1.1, 0.022], "texture": "#16"}
			}
		},
		{
			"from": [7.65002, 9.9377, 5],
			"to": [7.72502, 10.1877, 5.022],
			"rotation": {"angle": 0, "axis": "z", "origin": [8.57502, 9.3377, 5.15]},
			"faces": {
				"north": {"uv": [0, 0, 1.1, 0.15], "texture": "#16"},
				"east": {"uv": [0, 0, 0.022, 0.15], "texture": "#16"},
				"south": {"uv": [0, 0, 1.1, 0.15], "texture": "#16"},
				"west": {"uv": [0, 0, 0.022, 0.15], "texture": "#16"},
				"up": {"uv": [0, 0, 1.1, 0.022], "texture": "#16"},
				"down": {"uv": [0, 0, 1.1, 0.022], "texture": "#16"}
			}
		},
		{
			"from": [7.72502, 10.1377, 5],
			"to": [7.85002, 10.1877, 5.022],
			"rotation": {"angle": 0, "axis": "z", "origin": [8.65002, 9.3377, 5.15]},
			"faces": {
				"north": {"uv": [0, 0, 1.1, 0.15], "texture": "#16"},
				"east": {"uv": [0, 0, 0.022, 0.15], "texture": "#16"},
				"south": {"uv": [0, 0, 1.1, 0.15], "texture": "#16"},
				"west": {"uv": [0, 0, 0.022, 0.15], "texture": "#16"},
				"up": {"uv": [0, 0, 1.1, 0.022], "texture": "#16"},
				"down": {"uv": [0, 0, 1.1, 0.022], "texture": "#16"}
			}
		},
		{
			"from": [7.85002, 9.9377, 5],
			"to": [7.92502, 10.1877, 5.022],
			"rotation": {"angle": 0, "axis": "z", "origin": [8.77502, 9.3377, 5.15]},
			"faces": {
				"north": {"uv": [0, 0, 1.1, 0.15], "texture": "#16"},
				"east": {"uv": [0, 0, 0.022, 0.15], "texture": "#16"},
				"south": {"uv": [0, 0, 1.1, 0.15], "texture": "#16"},
				"west": {"uv": [0, 0, 0.022, 0.15], "texture": "#16"},
				"up": {"uv": [0, 0, 1.1, 0.022], "texture": "#16"},
				"down": {"uv": [0, 0, 1.1, 0.022], "texture": "#16"}
			}
		},
		{
			"from": [7.72502, 9.9377, 5],
			"to": [7.85002, 9.9877, 5.022],
			"rotation": {"angle": 0, "axis": "z", "origin": [8.65002, 9.1377, 5.15]},
			"faces": {
				"north": {"uv": [0, 0, 1.1, 0.15], "texture": "#16"},
				"east": {"uv": [0, 0, 0.022, 0.15], "texture": "#16"},
				"south": {"uv": [0, 0, 1.1, 0.15], "texture": "#16"},
				"west": {"uv": [0, 0, 0.022, 0.15], "texture": "#16"},
				"up": {"uv": [0, 0, 1.1, 0.022], "texture": "#16"},
				"down": {"uv": [0, 0, 1.1, 0.022], "texture": "#16"}
			}
		}
	],
	"display": {
		"thirdperson_righthand": {
			"rotation": [90, 0, 0],
			"translation": [-6.75, 0, 14],
			"scale": [1.2, 1.2, 1.2]
		},
		"thirdperson_lefthand": {
			"rotation": [54, 0, 0],
			"translation": [-6, -0.25, 2.75],
			"scale": [1.2, 1.2, 1.2]
		},
		"head": {
			"translation": [0, -22.08, -4.5],
			"scale": [2, 2, 2]
		}
	},
	"groups": [
		{
			"name": "gauge",
			"origin": [8, 8, 8],
			"color": 0,
			"children": [
				0,
				1,
				2,
				3,
				4,
				5,
				6,
				7,
				8,
				{
					"name": "group",
					"origin": [-9.075, 9.25, 5.15],
					"color": 0,
					"children": [
						{
							"name": "group",
							"origin": [7.475, 9.55, 5.15],
							"color": 0,
							"children": [9, 10, 11]
						},
						{
							"name": "group",
							"origin": [9.975, 9.55, 5.15],
							"color": 0,
							"children": [12, 13]
						}
					]
				},
				14,
				15,
				16,
				17,
				18,
				19,
				20,
				21,
				22,
				23,
				24,
				25,
				26,
				27,
				28,
				29,
				30,
				31,
				32,
				33,
				34,
				{
					"name": "group",
					"origin": [9.85, 9.75, 5.15],
					"color": 0,
					"children": [
						35,
						36,
						37,
						38,
						39,
						40,
						{
							"name": "group",
							"origin": [10.07842, 9.17842, 5.05],
							"color": 0,
							"children": [41, 42, 43, 44, 45, 46, 47, 48, 49, 50, 51, 52, 53, 54, 55, 56, 57]
						},
						58,
						59,
						60,
						61,
						62,
						63,
						64,
						65,
						66,
						67,
						68,
						69,
						70,
						71,
						72
					]
				},
				73,
				74,
				75,
				76,
				77,
				78,
				79,
				{
					"name": "group",
					"origin": [8.82502, 9.0377, 5.15],
					"color": 0,
					"children": [80, 81, 82, 83, 84, 85, 86, 87, 88, 89, 90, 91, 92, 93, 94]
				}
			]
		}
	]
}