{
	"credit": "Made with Blockbench",
	"textures": {
		"0": "block/coal_block1",
		"15": "block/iron_door_bottom1",
		"particle": "block/coal_block1"
	},
	"elements": [
		{
			"from": [-4.1, 4.7929, -7.03553],
			"to": [0.9, 6.7929, -3.03553],
			"rotation": {"angle": -22.5, "axis": "x", "origin": [-4.1, 2, -5]},
			"faces": {
				"north": {"uv": [0, 2, 7, 4], "texture": "#0"},
				"east": {"uv": [0, 2, 4, 4], "texture": "#0"},
				"south": {"uv": [0, 2, 7, 4], "texture": "#0"},
				"west": {"uv": [0, 2, 4, 4], "texture": "#0"},
				"up": {"uv": [0, 4, 7, 8], "texture": "#0"},
				"down": {"uv": [0, 4, 7, 8], "texture": "#0"}
			}
		},
		{
			"from": [-4.075, -1, -7],
			"to": [0.875, -0.85, -3],
			"rotation": {"angle": 22.5, "axis": "x", "origin": [-4.1, 2, -5]},
			"faces": {
				"north": {"uv": [1, 2, 1.95, 3], "texture": "#15"},
				"east": {"uv": [1, 2, 1.95, 3], "texture": "#15"},
				"south": {"uv": [1, 2, 1.95, 3], "texture": "#15"},
				"west": {"uv": [1, 2, 1.95, 3], "texture": "#15"},
				"up": {"uv": [1, 2, 1.95, 3], "texture": "#15"},
				"down": {"uv": [1, 2, 1.95, 3], "texture": "#15"}
			}
		},
		{
			"from": [-4.075, -3, -7],
			"to": [0.875, -1, -3],
			"rotation": {"angle": 22.5, "axis": "x", "origin": [-4.1, 2, -5]},
			"faces": {
				"north": {"uv": [0, 0, 6.95, 2], "texture": "#0"},
				"east": {"uv": [0, 0, 4, 2], "texture": "#0"},
				"south": {"uv": [0, 0, 6.95, 2], "texture": "#0"},
				"west": {"uv": [0, 0, 4, 2], "texture": "#0"},
				"up": {"uv": [0, 0, 6.95, 4], "texture": "#0"},
				"down": {"uv": [0, 0, 6.95, 4], "texture": "#0"}
			}
		},
		{
			"from": [-4.05, -0.17157, -9.82843],
			"to": [0.825, 3.82843, -7.82843],
			"rotation": {"angle": 22.5, "axis": "x", "origin": [-4.1, 2, -5]},
			"faces": {
				"north": {"uv": [0, 0, 6.875, 4], "rotation": 180, "texture": "#0"},
				"east": {"uv": [0, 0, 4, 2], "rotation": 270, "texture": "#0"},
				"south": {"uv": [0, 0, 6.875, 4], "texture": "#0"},
				"west": {"uv": [0, 0, 4, 2], "rotation": 90, "texture": "#0"},
				"up": {"uv": [0, 0, 6.875, 2], "rotation": 180, "texture": "#0"},
				"down": {"uv": [0, 0, 6.875, 2], "texture": "#0"}
			}
		},
		{
			"from": [-4.075, -0.17157, -7.90343],
			"to": [0.875, 3.82843, -7.80343],
			"rotation": {"angle": 22.5, "axis": "x", "origin": [-4.1, 2, -5]},
			"faces": {
				"north": {"uv": [2, 2, 2.95, 3], "texture": "#15"},
				"east": {"uv": [2, 2, 2.95, 3], "texture": "#15"},
				"south": {"uv": [2, 2, 2.95, 3], "texture": "#15"},
				"west": {"uv": [2, 2, 2.95, 3], "texture": "#15"},
				"up": {"uv": [2, 2, 2.95, 3], "texture": "#15"},
				"down": {"uv": [2, 2, 2.95, 3], "texture": "#15"}
			}
		},
		{
			"from": [-4.075, -0.17157, -2.22843],
			"to": [0.875, 3.82843, -2.12843],
			"rotation": {"angle": 22.5, "axis": "x", "origin": [-4.1, 2, -5]},
			"faces": {
				"north": {"uv": [2, 2, 2.95, 3], "texture": "#15"},
				"east": {"uv": [2, 2, 2.95, 3], "texture": "#15"},
				"south": {"uv": [2, 2, 2.95, 3], "texture": "#15"},
				"west": {"uv": [2, 2, 2.95, 3], "texture": "#15"},
				"up": {"uv": [2, 2, 2.95, 3], "texture": "#15"},
				"down": {"uv": [2, 2, 2.95, 3], "texture": "#15"}
			}
		},
		{
			"from": [-4.075, -0.11091, -2.11091],
			"to": [0.85, 3.88909, -0.11091],
			"rotation": {"angle": 22.5, "axis": "x", "origin": [-4.1, 2, -5]},
			"faces": {
				"north": {"uv": [0, 0, 6.925, 4], "rotation": 180, "texture": "#0"},
				"east": {"uv": [0, 0, 4, 2], "rotation": 270, "texture": "#0"},
				"south": {"uv": [0, 0, 6.925, 4], "texture": "#0"},
				"west": {"uv": [0, 0, 4, 2], "rotation": 90, "texture": "#0"},
				"up": {"uv": [0, 0, 6.925, 2], "rotation": 180, "texture": "#0"},
				"down": {"uv": [0, 0, 6.925, 2], "texture": "#0"}
			}
		},
		{
			"from": [-4.1, -0.12133, -9.94975],
			"to": [0.9, 3.87867, -7.94975],
			"rotation": {"angle": -22.5, "axis": "x", "origin": [-4.1, 2, -5]},
			"faces": {
				"north": {"uv": [0, 0, 7, 4], "rotation": 180, "texture": "#0"},
				"east": {"uv": [0, 0, 4, 2], "rotation": 270, "texture": "#0"},
				"south": {"uv": [0, 0, 7, 4], "texture": "#0"},
				"west": {"uv": [0, 0, 4, 2], "rotation": 90, "texture": "#0"},
				"up": {"uv": [0, 0, 7, 2], "rotation": 180, "texture": "#0"},
				"down": {"uv": [0, 0, 7, 2], "texture": "#0"}
			}
		},
		{
			"from": [-4.1, 0.67868, -7.94975],
			"to": [0.9, 3.12868, -7.79975],
			"rotation": {"angle": -22.5, "axis": "x", "origin": [-4.1, 2, -5]},
			"faces": {
				"north": {"uv": [1, 3, 1, 4], "rotation": 180, "texture": "#15"},
				"east": {"uv": [1, 3, 1, 4], "rotation": 270, "texture": "#15"},
				"south": {"uv": [1, 3, 1, 4], "texture": "#15"},
				"west": {"uv": [1, 3, 1, 4], "rotation": 90, "texture": "#15"},
				"up": {"uv": [1, 3, 1, 4], "rotation": 180, "texture": "#15"},
				"down": {"uv": [1, 3, 1, 4], "texture": "#15"}
			}
		},
		{
			"from": [-4.1, -0.94975, -6.32132],
			"to": [0.9, -0.79975, -3.87132],
			"rotation": {"angle": -22.5, "axis": "x", "origin": [-4.1, 2, -5]},
			"faces": {
				"north": {"uv": [1, 3, 1, 4], "texture": "#15"},
				"east": {"uv": [1, 3, 1, 4], "texture": "#15"},
				"south": {"uv": [1, 3, 1, 4], "texture": "#15"},
				"west": {"uv": [1, 3, 1, 4], "texture": "#15"},
				"up": {"uv": [1, 4, 1, 3], "texture": "#15"},
				"down": {"uv": [1, 4, 1, 3], "texture": "#15"}
			}
		},
		{
			"from": [-4.075, 4.65, -7],
			"to": [0.875, 4.8, -3],
			"rotation": {"angle": 22.5, "axis": "x", "origin": [-4.1, 2, -5]},
			"faces": {
				"north": {"uv": [1, 3, 1.95, 2], "texture": "#15"},
				"east": {"uv": [1, 3, 1.95, 2], "texture": "#15"},
				"south": {"uv": [1, 3, 1.95, 2], "texture": "#15"},
				"west": {"uv": [1, 3, 1.95, 2], "texture": "#15"},
				"up": {"uv": [1, 3, 1.95, 2], "texture": "#15"},
				"down": {"uv": [1, 3, 1.95, 2], "texture": "#15"}
			}
		},
		{
			"from": [-4.1, 4.65833, -6.2701],
			"to": [0.9, 4.80833, -3.8201],
			"rotation": {"angle": -22.5, "axis": "x", "origin": [-4.1, 2, -5]},
			"faces": {
				"north": {"uv": [1, 4, 1, 3], "texture": "#15"},
				"east": {"uv": [1, 4, 1, 3], "texture": "#15"},
				"south": {"uv": [1, 4, 1, 3], "texture": "#15"},
				"west": {"uv": [1, 4, 1, 3], "texture": "#15"},
				"up": {"uv": [1, 4, 1, 3], "texture": "#15"},
				"down": {"uv": [1, 4, 1, 3], "texture": "#15"}
			}
		},
		{
			"from": [-4.1, 0.7299, -2.34167],
			"to": [0.9, 3.1799, -2.19167],
			"rotation": {"angle": -22.5, "axis": "x", "origin": [-4.1, 2, -5]},
			"faces": {
				"north": {"uv": [1, 3, 1, 4], "rotation": 180, "texture": "#15"},
				"east": {"uv": [1, 4, 1, 3], "rotation": 270, "texture": "#15"},
				"south": {"uv": [1, 3, 1, 4], "texture": "#15"},
				"west": {"uv": [1, 4, 1, 3], "rotation": 90, "texture": "#15"},
				"up": {"uv": [1, 4, 1, 3], "rotation": 180, "texture": "#15"},
				"down": {"uv": [1, 4, 1, 3], "texture": "#15"}
			}
		},
		{
			"from": [-4.1, -2.94975, -7.03553],
			"to": [0.9, -0.94975, -3.03553],
			"rotation": {"angle": -22.5, "axis": "x", "origin": [-4.1, 2, -5]},
			"faces": {
				"north": {"uv": [0, 0, 7, 2], "texture": "#0"},
				"east": {"uv": [0, 0, 4, 2], "texture": "#0"},
				"south": {"uv": [0, 0, 7, 2], "texture": "#0"},
				"west": {"uv": [0, 0, 4, 2], "texture": "#0"},
				"up": {"uv": [0, 0, 7, 4], "texture": "#0"},
				"down": {"uv": [0, 0, 7, 4], "texture": "#0"}
			}
		},
		{
			"from": [-4.075, 4.77817, -7],
			"to": [0.875, 6.77817, -3],
			"rotation": {"angle": 22.5, "axis": "x", "origin": [-4.1, 2, -5]},
			"faces": {
				"north": {"uv": [0, 2, 6.95, 4], "texture": "#0"},
				"east": {"uv": [0, 2, 4, 4], "texture": "#0"},
				"south": {"uv": [0, 2, 6.95, 4], "texture": "#0"},
				"west": {"uv": [0, 2, 4, 4], "texture": "#0"},
				"up": {"uv": [0, 4, 6.95, 8], "texture": "#0"},
				"down": {"uv": [0, 4, 6.95, 8], "texture": "#0"}
			}
		},
		{
			"from": [-4.1, -0.12132, -2.20711],
			"to": [0.9, 3.87868, -0.20711],
			"rotation": {"angle": -22.5, "axis": "x", "origin": [-4.1, 2, -5]},
			"faces": {
				"north": {"uv": [0, 4, 7, 8], "rotation": 180, "texture": "#0"},
				"east": {"uv": [0, 2, 4, 4], "rotation": 270, "texture": "#0"},
				"south": {"uv": [0, 4, 7, 8], "texture": "#0"},
				"west": {"uv": [0, 2, 4, 4], "rotation": 90, "texture": "#0"},
				"up": {"uv": [0, 2, 7, 4], "rotation": 180, "texture": "#0"},
				"down": {"uv": [0, 2, 7, 4], "texture": "#0"}
			}
		},
		{
			"from": [-4.1, 1.06066, -6.06066],
			"to": [0.9, 3.06066, -4.06066],
			"rotation": {"angle": -22.5, "axis": "x", "origin": [-4.1, 2, -5]},
			"faces": {
				"north": {"uv": [2, 4, 4, 6], "rotation": 180, "texture": "#15"},
				"east": {"uv": [2, 4, 4, 6], "rotation": 270, "texture": "#15"},
				"south": {"uv": [2, 4, 4, 6], "texture": "#15"},
				"west": {"uv": [2, 4, 4, 6], "rotation": 90, "texture": "#15"},
				"up": {"uv": [2, 4, 4, 6], "rotation": 180, "texture": "#15"},
				"down": {"uv": [2, 4, 4, 6], "texture": "#15"}
			}
		},
		{
			"from": [-3.85, 2, -5.75],
			"to": [0.4, 5, -4.45],
			"rotation": {"angle": 22.5, "axis": "x", "origin": [-4.1, 2, -5]},
			"faces": {
				"north": {"uv": [2, 4, 4, 6], "texture": "#15"},
				"east": {"uv": [2, 4, 4, 6], "texture": "#15"},
				"south": {"uv": [2, 4, 4, 6], "texture": "#15"},
				"west": {"uv": [2, 4, 4, 6], "texture": "#15"},
				"up": {"uv": [2, 4, 4, 6], "texture": "#15"},
				"down": {"uv": [2, 4, 4, 6], "texture": "#15"}
			}
		},
		{
			"from": [-3.85, 1.41066, -8.06066],
			"to": [0.4, 2.71066, -5.06066],
			"rotation": {"angle": -22.5, "axis": "x", "origin": [-4.1, 2, -5]},
			"faces": {
				"north": {"uv": [2, 4, 4, 6], "rotation": 180, "texture": "#15"},
				"east": {"uv": [2, 4, 4, 6], "rotation": 270, "texture": "#15"},
				"south": {"uv": [2, 4, 4, 6], "texture": "#15"},
				"west": {"uv": [2, 4, 4, 6], "rotation": 90, "texture": "#15"},
				"up": {"uv": [2, 4, 4, 6], "rotation": 180, "texture": "#15"},
				"down": {"uv": [2, 4, 4, 6], "texture": "#15"}
			}
		},
		{
			"from": [-3.85, 2.94399, -5.61516],
			"to": [0.4, 5.94399, -4.31516],
			"rotation": {"angle": -45, "axis": "x", "origin": [-4.1, 2, -5]},
			"faces": {
				"north": {"uv": [2, 4, 4, 6], "rotation": 180, "texture": "#15"},
				"east": {"uv": [2, 4, 4, 6], "rotation": 180, "texture": "#15"},
				"south": {"uv": [2, 4, 4, 6], "rotation": 180, "texture": "#15"},
				"west": {"uv": [2, 4, 4, 6], "rotation": 180, "texture": "#15"},
				"up": {"uv": [2, 4, 4, 6], "texture": "#15"},
				"down": {"uv": [2, 4, 4, 6], "texture": "#15"}
			}
		},
		{
			"from": [-3.85, 1.49036, -5.09469],
			"to": [0.4, 2.79036, -2.09469],
			"rotation": {"angle": 0, "axis": "x", "origin": [-4.1, 2, -5]},
			"faces": {
				"north": {"uv": [4, 4, 2, 6], "texture": "#15"},
				"east": {"uv": [2, 6, 4, 4], "rotation": 270, "texture": "#15"},
				"south": {"uv": [4, 4, 2, 6], "rotation": 180, "texture": "#15"},
				"west": {"uv": [2, 6, 4, 4], "rotation": 90, "texture": "#15"},
				"up": {"uv": [2, 6, 4, 4], "rotation": 180, "texture": "#15"},
				"down": {"uv": [2, 6, 4, 4], "texture": "#15"}
			}
		},
		{
			"from": [-3.85, -0.91924, -5.71066],
			"to": [0.4, 2.08076, -4.41066],
			"rotation": {"angle": -22.5, "axis": "x", "origin": [-4.1, 2, -5]},
			"faces": {
				"north": {"uv": [2, 4, 4, 6], "texture": "#15"},
				"east": {"uv": [2, 4, 4, 6], "texture": "#15"},
				"south": {"uv": [2, 4, 4, 6], "texture": "#15"},
				"west": {"uv": [2, 4, 4, 6], "texture": "#15"},
				"up": {"uv": [2, 4, 4, 6], "texture": "#15"},
				"down": {"uv": [2, 4, 4, 6], "texture": "#15"}
			}
		},
		{
			"from": [-4.1, 4.7929, -7.03553],
			"to": [0.9, 6.7929, -3.03553],
			"rotation": {"angle": -22.5, "axis": "x", "origin": [-4.1, 2, -5]},
			"faces": {
				"north": {"uv": [0, 2, 7, 4], "texture": "#0"},
				"east": {"uv": [0, 2, 4, 4], "texture": "#0"},
				"south": {"uv": [0, 2, 7, 4], "texture": "#0"},
				"west": {"uv": [0, 2, 4, 4], "texture": "#0"},
				"up": {"uv": [0, 4, 7, 8], "texture": "#0"},
				"down": {"uv": [0, 4, 7, 8], "texture": "#0"}
			}
		},
		{
			"from": [-4.075, -1, -7],
			"to": [0.875, -0.85, -3],
			"rotation": {"angle": 22.5, "axis": "x", "origin": [-4.1, 2, -5]},
			"faces": {
				"north": {"uv": [1, 2, 1.95, 3], "texture": "#15"},
				"east": {"uv": [1, 2, 1.95, 3], "texture": "#15"},
				"south": {"uv": [1, 2, 1.95, 3], "texture": "#15"},
				"west": {"uv": [1, 2, 1.95, 3], "texture": "#15"},
				"up": {"uv": [1, 2, 1.95, 3], "texture": "#15"},
				"down": {"uv": [1, 2, 1.95, 3], "texture": "#15"}
			}
		},
		{
			"from": [-4.075, -3, -7],
			"to": [0.875, -1, -3],
			"rotation": {"angle": 22.5, "axis": "x", "origin": [-4.1, 2, -5]},
			"faces": {
				"north": {"uv": [0, 0, 6.95, 2], "texture": "#0"},
				"east": {"uv": [0, 0, 4, 2], "texture": "#0"},
				"south": {"uv": [0, 0, 6.95, 2], "texture": "#0"},
				"west": {"uv": [0, 0, 4, 2], "texture": "#0"},
				"up": {"uv": [0, 0, 6.95, 4], "texture": "#0"},
				"down": {"uv": [0, 0, 6.95, 4], "texture": "#0"}
			}
		},
		{
			"from": [-4.05, -0.17157, -9.82843],
			"to": [0.825, 3.82843, -7.82843],
			"rotation": {"angle": 22.5, "axis": "x", "origin": [-4.1, 2, -5]},
			"faces": {
				"north": {"uv": [0, 0, 6.875, 4], "rotation": 180, "texture": "#0"},
				"east": {"uv": [0, 0, 4, 2], "rotation": 270, "texture": "#0"},
				"south": {"uv": [0, 0, 6.875, 4], "texture": "#0"},
				"west": {"uv": [0, 0, 4, 2], "rotation": 90, "texture": "#0"},
				"up": {"uv": [0, 0, 6.875, 2], "rotation": 180, "texture": "#0"},
				"down": {"uv": [0, 0, 6.875, 2], "texture": "#0"}
			}
		},
		{
			"from": [-4.075, -0.17157, -7.90343],
			"to": [0.875, 3.82843, -7.80343],
			"rotation": {"angle": 22.5, "axis": "x", "origin": [-4.1, 2, -5]},
			"faces": {
				"north": {"uv": [2, 2, 2.95, 3], "texture": "#15"},
				"east": {"uv": [2, 2, 2.95, 3], "texture": "#15"},
				"south": {"uv": [2, 2, 2.95, 3], "texture": "#15"},
				"west": {"uv": [2, 2, 2.95, 3], "texture": "#15"},
				"up": {"uv": [2, 2, 2.95, 3], "texture": "#15"},
				"down": {"uv": [2, 2, 2.95, 3], "texture": "#15"}
			}
		},
		{
			"from": [-4.075, -0.17157, -2.22843],
			"to": [0.875, 3.82843, -2.12843],
			"rotation": {"angle": 22.5, "axis": "x", "origin": [-4.1, 2, -5]},
			"faces": {
				"north": {"uv": [2, 2, 2.95, 3], "texture": "#15"},
				"east": {"uv": [2, 2, 2.95, 3], "texture": "#15"},
				"south": {"uv": [2, 2, 2.95, 3], "texture": "#15"},
				"west": {"uv": [2, 2, 2.95, 3], "texture": "#15"},
				"up": {"uv": [2, 2, 2.95, 3], "texture": "#15"},
				"down": {"uv": [2, 2, 2.95, 3], "texture": "#15"}
			}
		},
		{
			"from": [-4.075, -0.11091, -2.11091],
			"to": [0.85, 3.88909, -0.11091],
			"rotation": {"angle": 22.5, "axis": "x", "origin": [-4.1, 2, -5]},
			"faces": {
				"north": {"uv": [0, 0, 6.925, 4], "rotation": 180, "texture": "#0"},
				"east": {"uv": [0, 0, 4, 2], "rotation": 270, "texture": "#0"},
				"south": {"uv": [0, 0, 6.925, 4], "texture": "#0"},
				"west": {"uv": [0, 0, 4, 2], "rotation": 90, "texture": "#0"},
				"up": {"uv": [0, 0, 6.925, 2], "rotation": 180, "texture": "#0"},
				"down": {"uv": [0, 0, 6.925, 2], "texture": "#0"}
			}
		},
		{
			"from": [-4.1, -0.12133, -9.94975],
			"to": [0.9, 3.87867, -7.94975],
			"rotation": {"angle": -22.5, "axis": "x", "origin": [-4.1, 2, -5]},
			"faces": {
				"north": {"uv": [0, 0, 7, 4], "rotation": 180, "texture": "#0"},
				"east": {"uv": [0, 0, 4, 2], "rotation": 270, "texture": "#0"},
				"south": {"uv": [0, 0, 7, 4], "texture": "#0"},
				"west": {"uv": [0, 0, 4, 2], "rotation": 90, "texture": "#0"},
				"up": {"uv": [0, 0, 7, 2], "rotation": 180, "texture": "#0"},
				"down": {"uv": [0, 0, 7, 2], "texture": "#0"}
			}
		},
		{
			"from": [-4.1, 0.67868, -7.94975],
			"to": [0.9, 3.12868, -7.79975],
			"rotation": {"angle": -22.5, "axis": "x", "origin": [-4.1, 2, -5]},
			"faces": {
				"north": {"uv": [1, 3, 1, 4], "rotation": 180, "texture": "#15"},
				"east": {"uv": [1, 3, 1, 4], "rotation": 270, "texture": "#15"},
				"south": {"uv": [1, 3, 1, 4], "texture": "#15"},
				"west": {"uv": [1, 3, 1, 4], "rotation": 90, "texture": "#15"},
				"up": {"uv": [1, 3, 1, 4], "rotation": 180, "texture": "#15"},
				"down": {"uv": [1, 3, 1, 4], "texture": "#15"}
			}
		},
		{
			"from": [-4.1, -0.94975, -6.32132],
			"to": [0.9, -0.79975, -3.87132],
			"rotation": {"angle": -22.5, "axis": "x", "origin": [-4.1, 2, -5]},
			"faces": {
				"north": {"uv": [1, 3, 1, 4], "texture": "#15"},
				"east": {"uv": [1, 3, 1, 4], "texture": "#15"},
				"south": {"uv": [1, 3, 1, 4], "texture": "#15"},
				"west": {"uv": [1, 3, 1, 4], "texture": "#15"},
				"up": {"uv": [1, 4, 1, 3], "texture": "#15"},
				"down": {"uv": [1, 4, 1, 3], "texture": "#15"}
			}
		},
		{
			"from": [-4.075, 4.65, -7],
			"to": [0.875, 4.8, -3],
			"rotation": {"angle": 22.5, "axis": "x", "origin": [-4.1, 2, -5]},
			"faces": {
				"north": {"uv": [1, 3, 1.95, 2], "texture": "#15"},
				"east": {"uv": [1, 3, 1.95, 2], "texture": "#15"},
				"south": {"uv": [1, 3, 1.95, 2], "texture": "#15"},
				"west": {"uv": [1, 3, 1.95, 2], "texture": "#15"},
				"up": {"uv": [1, 3, 1.95, 2], "texture": "#15"},
				"down": {"uv": [1, 3, 1.95, 2], "texture": "#15"}
			}
		},
		{
			"from": [-4.1, 4.65833, -6.2701],
			"to": [0.9, 4.80833, -3.8201],
			"rotation": {"angle": -22.5, "axis": "x", "origin": [-4.1, 2, -5]},
			"faces": {
				"north": {"uv": [1, 4, 1, 3], "texture": "#15"},
				"east": {"uv": [1, 4, 1, 3], "texture": "#15"},
				"south": {"uv": [1, 4, 1, 3], "texture": "#15"},
				"west": {"uv": [1, 4, 1, 3], "texture": "#15"},
				"up": {"uv": [1, 4, 1, 3], "texture": "#15"},
				"down": {"uv": [1, 4, 1, 3], "texture": "#15"}
			}
		},
		{
			"from": [-4.1, 0.7299, -2.34167],
			"to": [0.9, 3.1799, -2.19167],
			"rotation": {"angle": -22.5, "axis": "x", "origin": [-4.1, 2, -5]},
			"faces": {
				"north": {"uv": [1, 3, 1, 4], "rotation": 180, "texture": "#15"},
				"east": {"uv": [1, 4, 1, 3], "rotation": 270, "texture": "#15"},
				"south": {"uv": [1, 3, 1, 4], "texture": "#15"},
				"west": {"uv": [1, 4, 1, 3], "rotation": 90, "texture": "#15"},
				"up": {"uv": [1, 4, 1, 3], "rotation": 180, "texture": "#15"},
				"down": {"uv": [1, 4, 1, 3], "texture": "#15"}
			}
		},
		{
			"from": [-4.1, -2.94975, -7.03553],
			"to": [0.9, -0.94975, -3.03553],
			"rotation": {"angle": -22.5, "axis": "x", "origin": [-4.1, 2, -5]},
			"faces": {
				"north": {"uv": [0, 0, 7, 2], "texture": "#0"},
				"east": {"uv": [0, 0, 4, 2], "texture": "#0"},
				"south": {"uv": [0, 0, 7, 2], "texture": "#0"},
				"west": {"uv": [0, 0, 4, 2], "texture": "#0"},
				"up": {"uv": [0, 0, 7, 4], "texture": "#0"},
				"down": {"uv": [0, 0, 7, 4], "texture": "#0"}
			}
		},
		{
			"from": [-4.075, 4.77817, -7],
			"to": [0.875, 6.77817, -3],
			"rotation": {"angle": 22.5, "axis": "x", "origin": [-4.1, 2, -5]},
			"faces": {
				"north": {"uv": [0, 2, 6.95, 4], "texture": "#0"},
				"east": {"uv": [0, 2, 4, 4], "texture": "#0"},
				"south": {"uv": [0, 2, 6.95, 4], "texture": "#0"},
				"west": {"uv": [0, 2, 4, 4], "texture": "#0"},
				"up": {"uv": [0, 4, 6.95, 8], "texture": "#0"},
				"down": {"uv": [0, 4, 6.95, 8], "texture": "#0"}
			}
		},
		{
			"from": [-4.1, -0.12132, -2.20711],
			"to": [0.9, 3.87868, -0.20711],
			"rotation": {"angle": -22.5, "axis": "x", "origin": [-4.1, 2, -5]},
			"faces": {
				"north": {"uv": [0, 4, 7, 8], "rotation": 180, "texture": "#0"},
				"east": {"uv": [0, 2, 4, 4], "rotation": 270, "texture": "#0"},
				"south": {"uv": [0, 4, 7, 8], "texture": "#0"},
				"west": {"uv": [0, 2, 4, 4], "rotation": 90, "texture": "#0"},
				"up": {"uv": [0, 2, 7, 4], "rotation": 180, "texture": "#0"},
				"down": {"uv": [0, 2, 7, 4], "texture": "#0"}
			}
		},
		{
			"from": [-4.1, 1.06066, -6.06066],
			"to": [0.9, 3.06066, -4.06066],
			"rotation": {"angle": -22.5, "axis": "x", "origin": [-4.1, 2, -5]},
			"faces": {
				"north": {"uv": [2, 4, 4, 6], "rotation": 180, "texture": "#15"},
				"east": {"uv": [2, 4, 4, 6], "rotation": 270, "texture": "#15"},
				"south": {"uv": [2, 4, 4, 6], "texture": "#15"},
				"west": {"uv": [2, 4, 4, 6], "rotation": 90, "texture": "#15"},
				"up": {"uv": [2, 4, 4, 6], "rotation": 180, "texture": "#15"},
				"down": {"uv": [2, 4, 4, 6], "texture": "#15"}
			}
		},
		{
			"from": [-3.85, 2, -5.75],
			"to": [0.4, 5, -4.45],
			"rotation": {"angle": 22.5, "axis": "x", "origin": [-4.1, 2, -5]},
			"faces": {
				"north": {"uv": [2, 4, 4, 6], "texture": "#15"},
				"east": {"uv": [2, 4, 4, 6], "texture": "#15"},
				"south": {"uv": [2, 4, 4, 6], "texture": "#15"},
				"west": {"uv": [2, 4, 4, 6], "texture": "#15"},
				"up": {"uv": [2, 4, 4, 6], "texture": "#15"},
				"down": {"uv": [2, 4, 4, 6], "texture": "#15"}
			}
		},
		{
			"from": [-3.85, 1.41066, -8.06066],
			"to": [0.4, 2.71066, -5.06066],
			"rotation": {"angle": -22.5, "axis": "x", "origin": [-4.1, 2, -5]},
			"faces": {
				"north": {"uv": [2, 4, 4, 6], "rotation": 180, "texture": "#15"},
				"east": {"uv": [2, 4, 4, 6], "rotation": 270, "texture": "#15"},
				"south": {"uv": [2, 4, 4, 6], "texture": "#15"},
				"west": {"uv": [2, 4, 4, 6], "rotation": 90, "texture": "#15"},
				"up": {"uv": [2, 4, 4, 6], "rotation": 180, "texture": "#15"},
				"down": {"uv": [2, 4, 4, 6], "texture": "#15"}
			}
		},
		{
			"from": [-3.85, 2.94399, -5.61516],
			"to": [0.4, 5.94399, -4.31516],
			"rotation": {"angle": -45, "axis": "x", "origin": [-4.1, 2, -5]},
			"faces": {
				"north": {"uv": [2, 4, 4, 6], "rotation": 180, "texture": "#15"},
				"east": {"uv": [2, 4, 4, 6], "rotation": 180, "texture": "#15"},
				"south": {"uv": [2, 4, 4, 6], "rotation": 180, "texture": "#15"},
				"west": {"uv": [2, 4, 4, 6], "rotation": 180, "texture": "#15"},
				"up": {"uv": [2, 4, 4, 6], "texture": "#15"},
				"down": {"uv": [2, 4, 4, 6], "texture": "#15"}
			}
		},
		{
			"from": [-3.85, 1.49036, -5.09469],
			"to": [0.4, 2.79036, -2.09469],
			"rotation": {"angle": 0, "axis": "x", "origin": [-4.1, 2, -5]},
			"faces": {
				"north": {"uv": [4, 4, 2, 6], "texture": "#15"},
				"east": {"uv": [2, 6, 4, 4], "rotation": 270, "texture": "#15"},
				"south": {"uv": [4, 4, 2, 6], "rotation": 180, "texture": "#15"},
				"west": {"uv": [2, 6, 4, 4], "rotation": 90, "texture": "#15"},
				"up": {"uv": [2, 6, 4, 4], "rotation": 180, "texture": "#15"},
				"down": {"uv": [2, 6, 4, 4], "texture": "#15"}
			}
		},
		{
			"from": [-3.85, -0.91924, -5.71066],
			"to": [0.4, 2.08076, -4.41066],
			"rotation": {"angle": -22.5, "axis": "x", "origin": [-4.1, 2, -5]},
			"faces": {
				"north": {"uv": [2, 4, 4, 6], "texture": "#15"},
				"east": {"uv": [2, 4, 4, 6], "texture": "#15"},
				"south": {"uv": [2, 4, 4, 6], "texture": "#15"},
				"west": {"uv": [2, 4, 4, 6], "texture": "#15"},
				"up": {"uv": [2, 4, 4, 6], "texture": "#15"},
				"down": {"uv": [2, 4, 4, 6], "texture": "#15"}
			}
		},
		{
			"from": [15.1, 4.7929, -7.03553],
			"to": [20.1, 6.7929, -3.03553],
			"rotation": {"angle": -22.5, "axis": "x", "origin": [20.1, 2, -5]},
			"faces": {
				"north": {"uv": [7, 2, 0, 4], "texture": "#0"},
				"east": {"uv": [4, 2, 0, 4], "texture": "#0"},
				"south": {"uv": [7, 2, 0, 4], "texture": "#0"},
				"west": {"uv": [4, 2, 0, 4], "texture": "#0"},
				"up": {"uv": [7, 4, 0, 8], "texture": "#0"},
				"down": {"uv": [7, 4, 0, 8], "texture": "#0"}
			}
		},
		{
			"from": [15.125, -1, -7],
			"to": [20.075, -0.85, -3],
			"rotation": {"angle": 22.5, "axis": "x", "origin": [20.1, 2, -5]},
			"faces": {
				"north": {"uv": [1.95, 2, 1, 3], "texture": "#15"},
				"east": {"uv": [1.95, 2, 1, 3], "texture": "#15"},
				"south": {"uv": [1.95, 2, 1, 3], "texture": "#15"},
				"west": {"uv": [1.95, 2, 1, 3], "texture": "#15"},
				"up": {"uv": [1.95, 2, 1, 3], "texture": "#15"},
				"down": {"uv": [1.95, 2, 1, 3], "texture": "#15"}
			}
		},
		{
			"from": [15.125, -3, -7],
			"to": [20.075, -1, -3],
			"rotation": {"angle": 22.5, "axis": "x", "origin": [20.1, 2, -5]},
			"faces": {
				"north": {"uv": [6.95, 0, 0, 2], "texture": "#0"},
				"east": {"uv": [4, 0, 0, 2], "texture": "#0"},
				"south": {"uv": [6.95, 0, 0, 2], "texture": "#0"},
				"west": {"uv": [4, 0, 0, 2], "texture": "#0"},
				"up": {"uv": [6.95, 0, 0, 4], "texture": "#0"},
				"down": {"uv": [6.95, 0, 0, 4], "texture": "#0"}
			}
		},
		{
			"from": [15.175, -0.17157, -9.82843],
			"to": [20.05, 3.82843, -7.82843],
			"rotation": {"angle": 22.5, "axis": "x", "origin": [20.1, 2, -5]},
			"faces": {
				"north": {"uv": [6.875, 0, 0, 4], "rotation": 180, "texture": "#0"},
				"east": {"uv": [0, 2, 4, 0], "rotation": 90, "texture": "#0"},
				"south": {"uv": [6.875, 0, 0, 4], "texture": "#0"},
				"west": {"uv": [0, 2, 4, 0], "rotation": 270, "texture": "#0"},
				"up": {"uv": [6.875, 0, 0, 2], "rotation": 180, "texture": "#0"},
				"down": {"uv": [6.875, 0, 0, 2], "texture": "#0"}
			}
		},
		{
			"from": [15.125, -0.17157, -7.90343],
			"to": [20.075, 3.82843, -7.80343],
			"rotation": {"angle": 22.5, "axis": "x", "origin": [20.1, 2, -5]},
			"faces": {
				"north": {"uv": [2.95, 2, 2, 3], "texture": "#15"},
				"east": {"uv": [2.95, 2, 2, 3], "texture": "#15"},
				"south": {"uv": [2.95, 2, 2, 3], "texture": "#15"},
				"west": {"uv": [2.95, 2, 2, 3], "texture": "#15"},
				"up": {"uv": [2.95, 2, 2, 3], "texture": "#15"},
				"down": {"uv": [2.95, 2, 2, 3], "texture": "#15"}
			}
		},
		{
			"from": [15.125, -0.17157, -2.22843],
			"to": [20.075, 3.82843, -2.12843],
			"rotation": {"angle": 22.5, "axis": "x", "origin": [20.1, 2, -5]},
			"faces": {
				"north": {"uv": [2.95, 2, 2, 3], "texture": "#15"},
				"east": {"uv": [2.95, 2, 2, 3], "texture": "#15"},
				"south": {"uv": [2.95, 2, 2, 3], "texture": "#15"},
				"west": {"uv": [2.95, 2, 2, 3], "texture": "#15"},
				"up": {"uv": [2.95, 2, 2, 3], "texture": "#15"},
				"down": {"uv": [2.95, 2, 2, 3], "texture": "#15"}
			}
		},
		{
			"from": [15.15, -0.11091, -2.11091],
			"to": [20.075, 3.88909, -0.11091],
			"rotation": {"angle": 22.5, "axis": "x", "origin": [20.1, 2, -5]},
			"faces": {
				"north": {"uv": [6.925, 0, 0, 4], "rotation": 180, "texture": "#0"},
				"east": {"uv": [0, 2, 4, 0], "rotation": 90, "texture": "#0"},
				"south": {"uv": [6.925, 0, 0, 4], "texture": "#0"},
				"west": {"uv": [0, 2, 4, 0], "rotation": 270, "texture": "#0"},
				"up": {"uv": [6.925, 0, 0, 2], "rotation": 180, "texture": "#0"},
				"down": {"uv": [6.925, 0, 0, 2], "texture": "#0"}
			}
		},
		{
			"from": [15.1, -0.12133, -9.94975],
			"to": [20.1, 3.87867, -7.94975],
			"rotation": {"angle": -22.5, "axis": "x", "origin": [20.1, 2, -5]},
			"faces": {
				"north": {"uv": [7, 0, 0, 4], "rotation": 180, "texture": "#0"},
				"east": {"uv": [4, 0, 0, 2], "rotation": 270, "texture": "#0"},
				"south": {"uv": [7, 0, 0, 4], "texture": "#0"},
				"west": {"uv": [4, 0, 0, 2], "rotation": 90, "texture": "#0"},
				"up": {"uv": [7, 0, 0, 2], "rotation": 180, "texture": "#0"},
				"down": {"uv": [7, 0, 0, 2], "texture": "#0"}
			}
		},
		{
			"from": [15.1, 0.67868, -7.94975],
			"to": [20.1, 3.12868, -7.79975],
			"rotation": {"angle": -22.5, "axis": "x", "origin": [20.1, 2, -5]},
			"faces": {
				"north": {"uv": [1, 3, 1, 4], "rotation": 180, "texture": "#15"},
				"east": {"uv": [1, 3, 1, 4], "rotation": 270, "texture": "#15"},
				"south": {"uv": [1, 3, 1, 4], "texture": "#15"},
				"west": {"uv": [1, 3, 1, 4], "rotation": 90, "texture": "#15"},
				"up": {"uv": [1, 3, 1, 4], "rotation": 180, "texture": "#15"},
				"down": {"uv": [1, 3, 1, 4], "texture": "#15"}
			}
		},
		{
			"from": [15.1, -0.94975, -6.32132],
			"to": [20.1, -0.79975, -3.87132],
			"rotation": {"angle": -22.5, "axis": "x", "origin": [20.1, 2, -5]},
			"faces": {
				"north": {"uv": [1, 3, 1, 4], "texture": "#15"},
				"east": {"uv": [1, 3, 1, 4], "texture": "#15"},
				"south": {"uv": [1, 3, 1, 4], "texture": "#15"},
				"west": {"uv": [1, 3, 1, 4], "texture": "#15"},
				"up": {"uv": [1, 4, 1, 3], "texture": "#15"},
				"down": {"uv": [1, 4, 1, 3], "texture": "#15"}
			}
		},
		{
			"from": [15.125, 4.65, -7],
			"to": [20.075, 4.8, -3],
			"rotation": {"angle": 22.5, "axis": "x", "origin": [20.1, 2, -5]},
			"faces": {
				"north": {"uv": [1.95, 3, 1, 2], "texture": "#15"},
				"east": {"uv": [1.95, 3, 1, 2], "texture": "#15"},
				"south": {"uv": [1.95, 3, 1, 2], "texture": "#15"},
				"west": {"uv": [1.95, 3, 1, 2], "texture": "#15"},
				"up": {"uv": [1.95, 3, 1, 2], "texture": "#15"},
				"down": {"uv": [1.95, 3, 1, 2], "texture": "#15"}
			}
		},
		{
			"from": [15.1, 4.65833, -6.2701],
			"to": [20.1, 4.80833, -3.8201],
			"rotation": {"angle": -22.5, "axis": "x", "origin": [20.1, 2, -5]},
			"faces": {
				"north": {"uv": [1, 4, 1, 3], "texture": "#15"},
				"east": {"uv": [1, 4, 1, 3], "texture": "#15"},
				"south": {"uv": [1, 4, 1, 3], "texture": "#15"},
				"west": {"uv": [1, 4, 1, 3], "texture": "#15"},
				"up": {"uv": [1, 4, 1, 3], "texture": "#15"},
				"down": {"uv": [1, 4, 1, 3], "texture": "#15"}
			}
		},
		{
			"from": [15.1, 0.7299, -2.34167],
			"to": [20.1, 3.1799, -2.19167],
			"rotation": {"angle": -22.5, "axis": "x", "origin": [20.1, 2, -5]},
			"faces": {
				"north": {"uv": [1, 3, 1, 4], "rotation": 180, "texture": "#15"},
				"east": {"uv": [1, 4, 1, 3], "rotation": 270, "texture": "#15"},
				"south": {"uv": [1, 3, 1, 4], "texture": "#15"},
				"west": {"uv": [1, 4, 1, 3], "rotation": 90, "texture": "#15"},
				"up": {"uv": [1, 4, 1, 3], "rotation": 180, "texture": "#15"},
				"down": {"uv": [1, 4, 1, 3], "texture": "#15"}
			}
		},
		{
			"from": [15.1, -2.94975, -7.03553],
			"to": [20.1, -0.94975, -3.03553],
			"rotation": {"angle": -22.5, "axis": "x", "origin": [20.1, 2, -5]},
			"faces": {
				"north": {"uv": [7, 0, 0, 2], "texture": "#0"},
				"east": {"uv": [4, 0, 0, 2], "texture": "#0"},
				"south": {"uv": [7, 0, 0, 2], "texture": "#0"},
				"west": {"uv": [4, 0, 0, 2], "texture": "#0"},
				"up": {"uv": [7, 0, 0, 4], "texture": "#0"},
				"down": {"uv": [7, 0, 0, 4], "texture": "#0"}
			}
		},
		{
			"from": [15.125, 4.77817, -7],
			"to": [20.075, 6.77817, -3],
			"rotation": {"angle": 22.5, "axis": "x", "origin": [20.1, 2, -5]},
			"faces": {
				"north": {"uv": [6.95, 2, 0, 4], "texture": "#0"},
				"east": {"uv": [4, 2, 0, 4], "texture": "#0"},
				"south": {"uv": [6.95, 2, 0, 4], "texture": "#0"},
				"west": {"uv": [4, 2, 0, 4], "texture": "#0"},
				"up": {"uv": [6.95, 4, 0, 8], "texture": "#0"},
				"down": {"uv": [6.95, 4, 0, 8], "texture": "#0"}
			}
		},
		{
			"from": [15.1, -0.12132, -2.20711],
			"to": [20.1, 3.87868, -0.20711],
			"rotation": {"angle": -22.5, "axis": "x", "origin": [20.1, 2, -5]},
			"faces": {
				"north": {"uv": [7, 4, 0, 8], "rotation": 180, "texture": "#0"},
				"east": {"uv": [4, 2, 0, 4], "rotation": 270, "texture": "#0"},
				"south": {"uv": [7, 4, 0, 8], "texture": "#0"},
				"west": {"uv": [4, 2, 0, 4], "rotation": 90, "texture": "#0"},
				"up": {"uv": [7, 2, 0, 4], "rotation": 180, "texture": "#0"},
				"down": {"uv": [7, 2, 0, 4], "texture": "#0"}
			}
		},
		{
			"from": [15.1, 1.06066, -6.06066],
			"to": [20.1, 3.06066, -4.06066],
			"rotation": {"angle": -22.5, "axis": "x", "origin": [20.1, 2, -5]},
			"faces": {
				"north": {"uv": [4, 4, 2, 6], "rotation": 180, "texture": "#15"},
				"east": {"uv": [4, 4, 2, 6], "rotation": 270, "texture": "#15"},
				"south": {"uv": [4, 4, 2, 6], "texture": "#15"},
				"west": {"uv": [4, 4, 2, 6], "rotation": 90, "texture": "#15"},
				"up": {"uv": [4, 4, 2, 6], "rotation": 180, "texture": "#15"},
				"down": {"uv": [4, 4, 2, 6], "texture": "#15"}
			}
		},
		{
			"from": [15.6, 2, -5.75],
			"to": [19.85, 5, -4.45],
			"rotation": {"angle": 22.5, "axis": "x", "origin": [20.1, 2, -5]},
			"faces": {
				"north": {"uv": [4, 4, 2, 6], "texture": "#15"},
				"east": {"uv": [4, 4, 2, 6], "texture": "#15"},
				"south": {"uv": [4, 4, 2, 6], "texture": "#15"},
				"west": {"uv": [4, 4, 2, 6], "texture": "#15"},
				"up": {"uv": [4, 4, 2, 6], "texture": "#15"},
				"down": {"uv": [4, 4, 2, 6], "texture": "#15"}
			}
		},
		{
			"from": [15.6, 1.41066, -8.06066],
			"to": [19.85, 2.71066, -5.06066],
			"rotation": {"angle": -22.5, "axis": "x", "origin": [20.1, 2, -5]},
			"faces": {
				"north": {"uv": [4, 4, 2, 6], "rotation": 180, "texture": "#15"},
				"east": {"uv": [2, 6, 4, 4], "rotation": 90, "texture": "#15"},
				"south": {"uv": [4, 4, 2, 6], "texture": "#15"},
				"west": {"uv": [2, 6, 4, 4], "rotation": 270, "texture": "#15"},
				"up": {"uv": [4, 4, 2, 6], "rotation": 180, "texture": "#15"},
				"down": {"uv": [4, 4, 2, 6], "texture": "#15"}
			}
		},
		{
			"from": [15.6, 2.94399, -5.61516],
			"to": [19.85, 5.94399, -4.31516],
			"rotation": {"angle": -45, "axis": "x", "origin": [20.1, 2, -5]},
			"faces": {
				"north": {"uv": [4, 4, 2, 6], "rotation": 180, "texture": "#15"},
				"east": {"uv": [2, 6, 4, 4], "texture": "#15"},
				"south": {"uv": [4, 4, 2, 6], "rotation": 180, "texture": "#15"},
				"west": {"uv": [2, 6, 4, 4], "texture": "#15"},
				"up": {"uv": [4, 4, 2, 6], "texture": "#15"},
				"down": {"uv": [4, 4, 2, 6], "texture": "#15"}
			}
		},
		{
			"from": [15.6, 1.49036, -5.09469],
			"to": [19.85, 2.79036, -2.09469],
			"rotation": {"angle": 0, "axis": "x", "origin": [20.1, 2, -5]},
			"faces": {
				"north": {"uv": [2, 4, 4, 6], "texture": "#15"},
				"east": {"uv": [2, 4, 4, 6], "rotation": 90, "texture": "#15"},
				"south": {"uv": [2, 4, 4, 6], "rotation": 180, "texture": "#15"},
				"west": {"uv": [2, 4, 4, 6], "rotation": 270, "texture": "#15"},
				"up": {"uv": [4, 6, 2, 4], "rotation": 180, "texture": "#15"},
				"down": {"uv": [4, 6, 2, 4], "texture": "#15"}
			}
		},
		{
			"from": [15.6, -0.91924, -5.71066],
			"to": [19.85, 2.08076, -4.41066],
			"rotation": {"angle": -22.5, "axis": "x", "origin": [20.1, 2, -5]},
			"faces": {
				"north": {"uv": [4, 4, 2, 6], "texture": "#15"},
				"east": {"uv": [4, 4, 2, 6], "texture": "#15"},
				"south": {"uv": [4, 4, 2, 6], "texture": "#15"},
				"west": {"uv": [4, 4, 2, 6], "texture": "#15"},
				"up": {"uv": [4, 4, 2, 6], "texture": "#15"},
				"down": {"uv": [4, 4, 2, 6], "texture": "#15"}
			}
		},
		{
			"from": [15.1, 4.7929, -7.03553],
			"to": [20.1, 6.7929, -3.03553],
			"rotation": {"angle": -22.5, "axis": "x", "origin": [20.1, 2, -5]},
			"faces": {
				"north": {"uv": [7, 2, 0, 4], "texture": "#0"},
				"east": {"uv": [4, 2, 0, 4], "texture": "#0"},
				"south": {"uv": [7, 2, 0, 4], "texture": "#0"},
				"west": {"uv": [4, 2, 0, 4], "texture": "#0"},
				"up": {"uv": [7, 4, 0, 8], "texture": "#0"},
				"down": {"uv": [7, 4, 0, 8], "texture": "#0"}
			}
		},
		{
			"from": [15.125, -1, -7],
			"to": [20.075, -0.85, -3],
			"rotation": {"angle": 22.5, "axis": "x", "origin": [20.1, 2, -5]},
			"faces": {
				"north": {"uv": [1.95, 2, 1, 3], "texture": "#15"},
				"east": {"uv": [1.95, 2, 1, 3], "texture": "#15"},
				"south": {"uv": [1.95, 2, 1, 3], "texture": "#15"},
				"west": {"uv": [1.95, 2, 1, 3], "texture": "#15"},
				"up": {"uv": [1.95, 2, 1, 3], "texture": "#15"},
				"down": {"uv": [1.95, 2, 1, 3], "texture": "#15"}
			}
		},
		{
			"from": [15.125, -3, -7],
			"to": [20.075, -1, -3],
			"rotation": {"angle": 22.5, "axis": "x", "origin": [20.1, 2, -5]},
			"faces": {
				"north": {"uv": [6.95, 0, 0, 2], "texture": "#0"},
				"east": {"uv": [4, 0, 0, 2], "texture": "#0"},
				"south": {"uv": [6.95, 0, 0, 2], "texture": "#0"},
				"west": {"uv": [4, 0, 0, 2], "texture": "#0"},
				"up": {"uv": [6.95, 0, 0, 4], "texture": "#0"},
				"down": {"uv": [6.95, 0, 0, 4], "texture": "#0"}
			}
		},
		{
			"from": [15.175, -0.17157, -9.82843],
			"to": [20.05, 3.82843, -7.82843],
			"rotation": {"angle": 22.5, "axis": "x", "origin": [20.1, 2, -5]},
			"faces": {
				"north": {"uv": [6.875, 0, 0, 4], "rotation": 180, "texture": "#0"},
				"east": {"uv": [0, 2, 4, 0], "rotation": 90, "texture": "#0"},
				"south": {"uv": [6.875, 0, 0, 4], "texture": "#0"},
				"west": {"uv": [0, 2, 4, 0], "rotation": 270, "texture": "#0"},
				"up": {"uv": [6.875, 0, 0, 2], "rotation": 180, "texture": "#0"},
				"down": {"uv": [6.875, 0, 0, 2], "texture": "#0"}
			}
		},
		{
			"from": [15.125, -0.17157, -7.90343],
			"to": [20.075, 3.82843, -7.80343],
			"rotation": {"angle": 22.5, "axis": "x", "origin": [20.1, 2, -5]},
			"faces": {
				"north": {"uv": [2.95, 2, 2, 3], "texture": "#15"},
				"east": {"uv": [2.95, 2, 2, 3], "texture": "#15"},
				"south": {"uv": [2.95, 2, 2, 3], "texture": "#15"},
				"west": {"uv": [2.95, 2, 2, 3], "texture": "#15"},
				"up": {"uv": [2.95, 2, 2, 3], "texture": "#15"},
				"down": {"uv": [2.95, 2, 2, 3], "texture": "#15"}
			}
		},
		{
			"from": [15.125, -0.17157, -2.22843],
			"to": [20.075, 3.82843, -2.12843],
			"rotation": {"angle": 22.5, "axis": "x", "origin": [20.1, 2, -5]},
			"faces": {
				"north": {"uv": [2.95, 2, 2, 3], "texture": "#15"},
				"east": {"uv": [2.95, 2, 2, 3], "texture": "#15"},
				"south": {"uv": [2.95, 2, 2, 3], "texture": "#15"},
				"west": {"uv": [2.95, 2, 2, 3], "texture": "#15"},
				"up": {"uv": [2.95, 2, 2, 3], "texture": "#15"},
				"down": {"uv": [2.95, 2, 2, 3], "texture": "#15"}
			}
		},
		{
			"from": [15.15, -0.11091, -2.11091],
			"to": [20.075, 3.88909, -0.11091],
			"rotation": {"angle": 22.5, "axis": "x", "origin": [20.1, 2, -5]},
			"faces": {
				"north": {"uv": [6.925, 0, 0, 4], "rotation": 180, "texture": "#0"},
				"east": {"uv": [0, 2, 4, 0], "rotation": 90, "texture": "#0"},
				"south": {"uv": [6.925, 0, 0, 4], "texture": "#0"},
				"west": {"uv": [0, 2, 4, 0], "rotation": 270, "texture": "#0"},
				"up": {"uv": [6.925, 0, 0, 2], "rotation": 180, "texture": "#0"},
				"down": {"uv": [6.925, 0, 0, 2], "texture": "#0"}
			}
		},
		{
			"from": [15.1, -0.12133, -9.94975],
			"to": [20.1, 3.87867, -7.94975],
			"rotation": {"angle": -22.5, "axis": "x", "origin": [20.1, 2, -5]},
			"faces": {
				"north": {"uv": [7, 0, 0, 4], "rotation": 180, "texture": "#0"},
				"east": {"uv": [4, 0, 0, 2], "rotation": 270, "texture": "#0"},
				"south": {"uv": [7, 0, 0, 4], "texture": "#0"},
				"west": {"uv": [4, 0, 0, 2], "rotation": 90, "texture": "#0"},
				"up": {"uv": [7, 0, 0, 2], "rotation": 180, "texture": "#0"},
				"down": {"uv": [7, 0, 0, 2], "texture": "#0"}
			}
		},
		{
			"from": [15.1, 0.67868, -7.94975],
			"to": [20.1, 3.12868, -7.79975],
			"rotation": {"angle": -22.5, "axis": "x", "origin": [20.1, 2, -5]},
			"faces": {
				"north": {"uv": [1, 3, 1, 4], "rotation": 180, "texture": "#15"},
				"east": {"uv": [1, 3, 1, 4], "rotation": 270, "texture": "#15"},
				"south": {"uv": [1, 3, 1, 4], "texture": "#15"},
				"west": {"uv": [1, 3, 1, 4], "rotation": 90, "texture": "#15"},
				"up": {"uv": [1, 3, 1, 4], "rotation": 180, "texture": "#15"},
				"down": {"uv": [1, 3, 1, 4], "texture": "#15"}
			}
		},
		{
			"from": [15.1, -0.94975, -6.32132],
			"to": [20.1, -0.79975, -3.87132],
			"rotation": {"angle": -22.5, "axis": "x", "origin": [20.1, 2, -5]},
			"faces": {
				"north": {"uv": [1, 3, 1, 4], "texture": "#15"},
				"east": {"uv": [1, 3, 1, 4], "texture": "#15"},
				"south": {"uv": [1, 3, 1, 4], "texture": "#15"},
				"west": {"uv": [1, 3, 1, 4], "texture": "#15"},
				"up": {"uv": [1, 4, 1, 3], "texture": "#15"},
				"down": {"uv": [1, 4, 1, 3], "texture": "#15"}
			}
		},
		{
			"from": [15.125, 4.65, -7],
			"to": [20.075, 4.8, -3],
			"rotation": {"angle": 22.5, "axis": "x", "origin": [20.1, 2, -5]},
			"faces": {
				"north": {"uv": [1.95, 3, 1, 2], "texture": "#15"},
				"east": {"uv": [1.95, 3, 1, 2], "texture": "#15"},
				"south": {"uv": [1.95, 3, 1, 2], "texture": "#15"},
				"west": {"uv": [1.95, 3, 1, 2], "texture": "#15"},
				"up": {"uv": [1.95, 3, 1, 2], "texture": "#15"},
				"down": {"uv": [1.95, 3, 1, 2], "texture": "#15"}
			}
		},
		{
			"from": [15.1, 4.65833, -6.2701],
			"to": [20.1, 4.80833, -3.8201],
			"rotation": {"angle": -22.5, "axis": "x", "origin": [20.1, 2, -5]},
			"faces": {
				"north": {"uv": [1, 4, 1, 3], "texture": "#15"},
				"east": {"uv": [1, 4, 1, 3], "texture": "#15"},
				"south": {"uv": [1, 4, 1, 3], "texture": "#15"},
				"west": {"uv": [1, 4, 1, 3], "texture": "#15"},
				"up": {"uv": [1, 4, 1, 3], "texture": "#15"},
				"down": {"uv": [1, 4, 1, 3], "texture": "#15"}
			}
		},
		{
			"from": [15.1, 0.7299, -2.34167],
			"to": [20.1, 3.1799, -2.19167],
			"rotation": {"angle": -22.5, "axis": "x", "origin": [20.1, 2, -5]},
			"faces": {
				"north": {"uv": [1, 3, 1, 4], "rotation": 180, "texture": "#15"},
				"east": {"uv": [1, 4, 1, 3], "rotation": 270, "texture": "#15"},
				"south": {"uv": [1, 3, 1, 4], "texture": "#15"},
				"west": {"uv": [1, 4, 1, 3], "rotation": 90, "texture": "#15"},
				"up": {"uv": [1, 4, 1, 3], "rotation": 180, "texture": "#15"},
				"down": {"uv": [1, 4, 1, 3], "texture": "#15"}
			}
		},
		{
			"from": [15.1, -2.94975, -7.03553],
			"to": [20.1, -0.94975, -3.03553],
			"rotation": {"angle": -22.5, "axis": "x", "origin": [20.1, 2, -5]},
			"faces": {
				"north": {"uv": [7, 0, 0, 2], "texture": "#0"},
				"east": {"uv": [4, 0, 0, 2], "texture": "#0"},
				"south": {"uv": [7, 0, 0, 2], "texture": "#0"},
				"west": {"uv": [4, 0, 0, 2], "texture": "#0"},
				"up": {"uv": [7, 0, 0, 4], "texture": "#0"},
				"down": {"uv": [7, 0, 0, 4], "texture": "#0"}
			}
		},
		{
			"from": [15.125, 4.77817, -7],
			"to": [20.075, 6.77817, -3],
			"rotation": {"angle": 22.5, "axis": "x", "origin": [20.1, 2, -5]},
			"faces": {
				"north": {"uv": [6.95, 2, 0, 4], "texture": "#0"},
				"east": {"uv": [4, 2, 0, 4], "texture": "#0"},
				"south": {"uv": [6.95, 2, 0, 4], "texture": "#0"},
				"west": {"uv": [4, 2, 0, 4], "texture": "#0"},
				"up": {"uv": [6.95, 4, 0, 8], "texture": "#0"},
				"down": {"uv": [6.95, 4, 0, 8], "texture": "#0"}
			}
		},
		{
			"from": [15.1, -0.12132, -2.20711],
			"to": [20.1, 3.87868, -0.20711],
			"rotation": {"angle": -22.5, "axis": "x", "origin": [20.1, 2, -5]},
			"faces": {
				"north": {"uv": [7, 4, 0, 8], "rotation": 180, "texture": "#0"},
				"east": {"uv": [4, 2, 0, 4], "rotation": 270, "texture": "#0"},
				"south": {"uv": [7, 4, 0, 8], "texture": "#0"},
				"west": {"uv": [4, 2, 0, 4], "rotation": 90, "texture": "#0"},
				"up": {"uv": [7, 2, 0, 4], "rotation": 180, "texture": "#0"},
				"down": {"uv": [7, 2, 0, 4], "texture": "#0"}
			}
		},
		{
			"from": [15.1, 1.06066, -6.06066],
			"to": [20.1, 3.06066, -4.06066],
			"rotation": {"angle": -22.5, "axis": "x", "origin": [20.1, 2, -5]},
			"faces": {
				"north": {"uv": [4, 4, 2, 6], "rotation": 180, "texture": "#15"},
				"east": {"uv": [4, 4, 2, 6], "rotation": 270, "texture": "#15"},
				"south": {"uv": [4, 4, 2, 6], "texture": "#15"},
				"west": {"uv": [4, 4, 2, 6], "rotation": 90, "texture": "#15"},
				"up": {"uv": [4, 4, 2, 6], "rotation": 180, "texture": "#15"},
				"down": {"uv": [4, 4, 2, 6], "texture": "#15"}
			}
		},
		{
			"from": [15.6, 2, -5.75],
			"to": [19.85, 5, -4.45],
			"rotation": {"angle": 22.5, "axis": "x", "origin": [20.1, 2, -5]},
			"faces": {
				"north": {"uv": [4, 4, 2, 6], "texture": "#15"},
				"east": {"uv": [4, 4, 2, 6], "texture": "#15"},
				"south": {"uv": [4, 4, 2, 6], "texture": "#15"},
				"west": {"uv": [4, 4, 2, 6], "texture": "#15"},
				"up": {"uv": [4, 4, 2, 6], "texture": "#15"},
				"down": {"uv": [4, 4, 2, 6], "texture": "#15"}
			}
		},
		{
			"from": [15.6, 1.41066, -8.06066],
			"to": [19.85, 2.71066, -5.06066],
			"rotation": {"angle": -22.5, "axis": "x", "origin": [20.1, 2, -5]},
			"faces": {
				"north": {"uv": [4, 4, 2, 6], "rotation": 180, "texture": "#15"},
				"east": {"uv": [2, 6, 4, 4], "rotation": 90, "texture": "#15"},
				"south": {"uv": [4, 4, 2, 6], "texture": "#15"},
				"west": {"uv": [2, 6, 4, 4], "rotation": 270, "texture": "#15"},
				"up": {"uv": [4, 4, 2, 6], "rotation": 180, "texture": "#15"},
				"down": {"uv": [4, 4, 2, 6], "texture": "#15"}
			}
		},
		{
			"from": [15.6, 2.94399, -5.61516],
			"to": [19.85, 5.94399, -4.31516],
			"rotation": {"angle": -45, "axis": "x", "origin": [20.1, 2, -5]},
			"faces": {
				"north": {"uv": [4, 4, 2, 6], "rotation": 180, "texture": "#15"},
				"east": {"uv": [2, 6, 4, 4], "texture": "#15"},
				"south": {"uv": [4, 4, 2, 6], "rotation": 180, "texture": "#15"},
				"west": {"uv": [2, 6, 4, 4], "texture": "#15"},
				"up": {"uv": [4, 4, 2, 6], "texture": "#15"},
				"down": {"uv": [4, 4, 2, 6], "texture": "#15"}
			}
		},
		{
			"from": [15.6, 1.49036, -5.09469],
			"to": [19.85, 2.79036, -2.09469],
			"rotation": {"angle": 0, "axis": "x", "origin": [20.1, 2, -5]},
			"faces": {
				"north": {"uv": [2, 4, 4, 6], "texture": "#15"},
				"east": {"uv": [2, 4, 4, 6], "rotation": 90, "texture": "#15"},
				"south": {"uv": [2, 4, 4, 6], "rotation": 180, "texture": "#15"},
				"west": {"uv": [2, 4, 4, 6], "rotation": 270, "texture": "#15"},
				"up": {"uv": [4, 6, 2, 4], "rotation": 180, "texture": "#15"},
				"down": {"uv": [4, 6, 2, 4], "texture": "#15"}
			}
		},
		{
			"from": [15.6, -0.91924, -5.71066],
			"to": [19.85, 2.08076, -4.41066],
			"rotation": {"angle": -22.5, "axis": "x", "origin": [20.1, 2, -5]},
			"faces": {
				"north": {"uv": [4, 4, 2, 6], "texture": "#15"},
				"east": {"uv": [4, 4, 2, 6], "texture": "#15"},
				"south": {"uv": [4, 4, 2, 6], "texture": "#15"},
				"west": {"uv": [4, 4, 2, 6], "texture": "#15"},
				"up": {"uv": [4, 4, 2, 6], "texture": "#15"},
				"down": {"uv": [4, 4, 2, 6], "texture": "#15"}
			}
		},
		{
			"from": [-4.075, -0.17157, 20.09657],
			"to": [1.875, 3.82843, 20.19657],
			"rotation": {"angle": 22.5, "axis": "x", "origin": [-4.1, 2, 23]},
			"faces": {
				"north": {"uv": [2, 2, 2.95, 3], "texture": "#15"},
				"east": {"uv": [2, 2, 2.95, 3], "texture": "#15"},
				"south": {"uv": [2, 2, 2.95, 3], "texture": "#15"},
				"west": {"uv": [2, 2, 2.95, 3], "texture": "#15"},
				"up": {"uv": [2, 2, 2.95, 3], "texture": "#15"},
				"down": {"uv": [2, 2, 2.95, 3], "texture": "#15"}
			}
		},
		{
			"from": [-4.075, 4.65, 21],
			"to": [1.875, 4.8, 25],
			"rotation": {"angle": 22.5, "axis": "x", "origin": [-4.1, 2, 23]},
			"faces": {
				"north": {"uv": [1, 3, 1.95, 2], "texture": "#15"},
				"east": {"uv": [1, 3, 1.95, 2], "texture": "#15"},
				"south": {"uv": [1, 3, 1.95, 2], "texture": "#15"},
				"west": {"uv": [1, 3, 1.95, 2], "texture": "#15"},
				"up": {"uv": [1, 3, 1.95, 2], "texture": "#15"},
				"down": {"uv": [1, 3, 1.95, 2], "texture": "#15"}
			}
		},
		{
			"from": [-4.075, -1, 21],
			"to": [1.875, -0.85, 25],
			"rotation": {"angle": 22.5, "axis": "x", "origin": [-4.1, 2, 23]},
			"faces": {
				"north": {"uv": [1, 2, 1.95, 3], "texture": "#15"},
				"east": {"uv": [1, 2, 1.95, 3], "texture": "#15"},
				"south": {"uv": [1, 2, 1.95, 3], "texture": "#15"},
				"west": {"uv": [1, 2, 1.95, 3], "texture": "#15"},
				"up": {"uv": [1, 2, 1.95, 3], "texture": "#15"},
				"down": {"uv": [1, 2, 1.95, 3], "texture": "#15"}
			}
		},
		{
			"from": [-4.075, -3, 21],
			"to": [1.875, -1, 25],
			"rotation": {"angle": 22.5, "axis": "x", "origin": [-4.1, 2, 23]},
			"faces": {
				"north": {"uv": [0, 0, 6.95, 2], "texture": "#0"},
				"east": {"uv": [0, 0, 4, 2], "texture": "#0"},
				"south": {"uv": [0, 0, 6.95, 2], "texture": "#0"},
				"west": {"uv": [0, 0, 4, 2], "texture": "#0"},
				"up": {"uv": [0, 0, 6.95, 4], "texture": "#0"},
				"down": {"uv": [0, 0, 6.95, 4], "texture": "#0"}
			}
		},
		{
			"from": [-4.05, -0.17157, 18.17157],
			"to": [1.825, 3.82843, 20.17157],
			"rotation": {"angle": 22.5, "axis": "x", "origin": [-4.1, 2, 23]},
			"faces": {
				"north": {"uv": [0, 0, 6.875, 4], "rotation": 180, "texture": "#0"},
				"east": {"uv": [0, 0, 4, 2], "rotation": 270, "texture": "#0"},
				"south": {"uv": [0, 0, 6.875, 4], "texture": "#0"},
				"west": {"uv": [0, 0, 4, 2], "rotation": 90, "texture": "#0"},
				"up": {"uv": [0, 0, 6.875, 2], "rotation": 180, "texture": "#0"},
				"down": {"uv": [0, 0, 6.875, 2], "texture": "#0"}
			}
		},
		{
			"from": [-4.075, -0.17157, 20.09657],
			"to": [1.875, 3.82843, 20.19657],
			"rotation": {"angle": 22.5, "axis": "x", "origin": [-4.1, 2, 23]},
			"faces": {
				"north": {"uv": [2, 2, 2.95, 3], "texture": "#15"},
				"east": {"uv": [2, 2, 2.95, 3], "texture": "#15"},
				"south": {"uv": [2, 2, 2.95, 3], "texture": "#15"},
				"west": {"uv": [2, 2, 2.95, 3], "texture": "#15"},
				"up": {"uv": [2, 2, 2.95, 3], "texture": "#15"},
				"down": {"uv": [2, 2, 2.95, 3], "texture": "#15"}
			}
		},
		{
			"from": [-4.075, -0.17157, 25.77157],
			"to": [1.875, 3.82843, 25.87157],
			"rotation": {"angle": 22.5, "axis": "x", "origin": [-4.1, 2, 23]},
			"faces": {
				"north": {"uv": [2, 2, 2.95, 3], "texture": "#15"},
				"east": {"uv": [2, 2, 2.95, 3], "texture": "#15"},
				"south": {"uv": [2, 2, 2.95, 3], "texture": "#15"},
				"west": {"uv": [2, 2, 2.95, 3], "texture": "#15"},
				"up": {"uv": [2, 2, 2.95, 3], "texture": "#15"},
				"down": {"uv": [2, 2, 2.95, 3], "texture": "#15"}
			}
		},
		{
			"from": [-4.075, -0.11091, 25.88909],
			"to": [1.85, 3.88909, 27.88909],
			"rotation": {"angle": 22.5, "axis": "x", "origin": [-4.1, 2, 23]},
			"faces": {
				"north": {"uv": [0, 0, 6.925, 4], "rotation": 180, "texture": "#0"},
				"east": {"uv": [0, 0, 4, 2], "rotation": 270, "texture": "#0"},
				"south": {"uv": [0, 0, 6.925, 4], "texture": "#0"},
				"west": {"uv": [0, 0, 4, 2], "rotation": 90, "texture": "#0"},
				"up": {"uv": [0, 0, 6.925, 2], "rotation": 180, "texture": "#0"},
				"down": {"uv": [0, 0, 6.925, 2], "texture": "#0"}
			}
		},
		{
			"from": [-4.1, -0.12133, 18.05025],
			"to": [1.9, 3.87867, 20.05025],
			"rotation": {"angle": -22.5, "axis": "x", "origin": [-4.1, 2, 23]},
			"faces": {
				"north": {"uv": [0, 0, 7, 4], "rotation": 180, "texture": "#0"},
				"east": {"uv": [0, 0, 4, 2], "rotation": 270, "texture": "#0"},
				"south": {"uv": [0, 0, 7, 4], "texture": "#0"},
				"west": {"uv": [0, 0, 4, 2], "rotation": 90, "texture": "#0"},
				"up": {"uv": [0, 0, 7, 2], "rotation": 180, "texture": "#0"},
				"down": {"uv": [0, 0, 7, 2], "texture": "#0"}
			}
		},
		{
			"from": [-4.1, 0.67868, 20.05025],
			"to": [1.9, 3.12868, 20.20025],
			"rotation": {"angle": -22.5, "axis": "x", "origin": [-4.1, 2, 23]},
			"faces": {
				"north": {"uv": [1, 3, 1, 4], "rotation": 180, "texture": "#15"},
				"east": {"uv": [1, 3, 1, 4], "rotation": 270, "texture": "#15"},
				"south": {"uv": [1, 3, 1, 4], "texture": "#15"},
				"west": {"uv": [1, 3, 1, 4], "rotation": 90, "texture": "#15"},
				"up": {"uv": [1, 3, 1, 4], "rotation": 180, "texture": "#15"},
				"down": {"uv": [1, 3, 1, 4], "texture": "#15"}
			}
		},
		{
			"from": [-4.1, -0.94975, 21.67868],
			"to": [1.9, -0.79975, 24.12868],
			"rotation": {"angle": -22.5, "axis": "x", "origin": [-4.1, 2, 23]},
			"faces": {
				"north": {"uv": [1, 3, 1, 4], "texture": "#15"},
				"east": {"uv": [1, 3, 1, 4], "texture": "#15"},
				"south": {"uv": [1, 3, 1, 4], "texture": "#15"},
				"west": {"uv": [1, 3, 1, 4], "texture": "#15"},
				"up": {"uv": [1, 4, 1, 3], "texture": "#15"},
				"down": {"uv": [1, 4, 1, 3], "texture": "#15"}
			}
		},
		{
			"from": [-4.075, 4.65, 21],
			"to": [1.875, 4.8, 25],
			"rotation": {"angle": 22.5, "axis": "x", "origin": [-4.1, 2, 23]},
			"faces": {
				"north": {"uv": [1, 3, 1.95, 2], "texture": "#15"},
				"east": {"uv": [1, 3, 1.95, 2], "texture": "#15"},
				"south": {"uv": [1, 3, 1.95, 2], "texture": "#15"},
				"west": {"uv": [1, 3, 1.95, 2], "texture": "#15"},
				"up": {"uv": [1, 3, 1.95, 2], "texture": "#15"},
				"down": {"uv": [1, 3, 1.95, 2], "texture": "#15"}
			}
		},
		{
			"from": [-4.1, 4.65833, 21.7299],
			"to": [1.9, 4.80833, 24.1799],
			"rotation": {"angle": -22.5, "axis": "x", "origin": [-4.1, 2, 23]},
			"faces": {
				"north": {"uv": [1, 4, 1, 3], "texture": "#15"},
				"east": {"uv": [1, 4, 1, 3], "texture": "#15"},
				"south": {"uv": [1, 4, 1, 3], "texture": "#15"},
				"west": {"uv": [1, 4, 1, 3], "texture": "#15"},
				"up": {"uv": [1, 4, 1, 3], "texture": "#15"},
				"down": {"uv": [1, 4, 1, 3], "texture": "#15"}
			}
		},
		{
			"from": [-4.1, 0.7299, 25.65833],
			"to": [1.9, 3.1799, 25.80833],
			"rotation": {"angle": -22.5, "axis": "x", "origin": [-4.1, 2, 23]},
			"faces": {
				"north": {"uv": [1, 3, 1, 4], "rotation": 180, "texture": "#15"},
				"east": {"uv": [1, 4, 1, 3], "rotation": 270, "texture": "#15"},
				"south": {"uv": [1, 3, 1, 4], "texture": "#15"},
				"west": {"uv": [1, 4, 1, 3], "rotation": 90, "texture": "#15"},
				"up": {"uv": [1, 4, 1, 3], "rotation": 180, "texture": "#15"},
				"down": {"uv": [1, 4, 1, 3], "texture": "#15"}
			}
		},
		{
			"from": [-4.1, -2.94975, 20.96447],
			"to": [1.9, -0.94975, 24.96447],
			"rotation": {"angle": -22.5, "axis": "x", "origin": [-4.1, 2, 23]},
			"faces": {
				"north": {"uv": [0, 0, 7, 2], "texture": "#0"},
				"east": {"uv": [0, 0, 4, 2], "texture": "#0"},
				"south": {"uv": [0, 0, 7, 2], "texture": "#0"},
				"west": {"uv": [0, 0, 4, 2], "texture": "#0"},
				"up": {"uv": [0, 0, 7, 4], "texture": "#0"},
				"down": {"uv": [0, 0, 7, 4], "texture": "#0"}
			}
		},
		{
			"from": [-4.1, 4.7929, 20.96447],
			"to": [1.9, 6.7929, 24.96447],
			"rotation": {"angle": -22.5, "axis": "x", "origin": [-4.1, 2, 23]},
			"faces": {
				"north": {"uv": [0, 2, 7, 4], "texture": "#0"},
				"east": {"uv": [0, 2, 4, 4], "texture": "#0"},
				"south": {"uv": [0, 2, 7, 4], "texture": "#0"},
				"west": {"uv": [0, 2, 4, 4], "texture": "#0"},
				"up": {"uv": [0, 4, 7, 8], "texture": "#0"},
				"down": {"uv": [0, 4, 7, 8], "texture": "#0"}
			}
		},
		{
			"from": [-4.075, 4.77817, 21],
			"to": [1.875, 6.77817, 25],
			"rotation": {"angle": 22.5, "axis": "x", "origin": [-4.1, 2, 23]},
			"faces": {
				"north": {"uv": [0, 2, 6.95, 4], "texture": "#0"},
				"east": {"uv": [0, 2, 4, 4], "texture": "#0"},
				"south": {"uv": [0, 2, 6.95, 4], "texture": "#0"},
				"west": {"uv": [0, 2, 4, 4], "texture": "#0"},
				"up": {"uv": [0, 4, 6.95, 8], "texture": "#0"},
				"down": {"uv": [0, 4, 6.95, 8], "texture": "#0"}
			}
		},
		{
			"from": [-4.1, -0.12132, 25.79289],
			"to": [1.9, 3.87868, 27.79289],
			"rotation": {"angle": -22.5, "axis": "x", "origin": [-4.1, 2, 23]},
			"faces": {
				"north": {"uv": [0, 4, 7, 8], "rotation": 180, "texture": "#0"},
				"east": {"uv": [0, 2, 4, 4], "rotation": 270, "texture": "#0"},
				"south": {"uv": [0, 4, 7, 8], "texture": "#0"},
				"west": {"uv": [0, 2, 4, 4], "rotation": 90, "texture": "#0"},
				"up": {"uv": [0, 2, 7, 4], "rotation": 180, "texture": "#0"},
				"down": {"uv": [0, 2, 7, 4], "texture": "#0"}
			}
		},
		{
			"from": [-4.1, 1.06066, 21.93934],
			"to": [1.9, 3.06066, 23.93934],
			"rotation": {"angle": -22.5, "axis": "x", "origin": [-4.1, 2, 23]},
			"faces": {
				"north": {"uv": [2, 4, 4, 6], "rotation": 180, "texture": "#15"},
				"east": {"uv": [2, 4, 4, 6], "rotation": 270, "texture": "#15"},
				"south": {"uv": [2, 4, 4, 6], "texture": "#15"},
				"west": {"uv": [2, 4, 4, 6], "rotation": 90, "texture": "#15"},
				"up": {"uv": [2, 4, 4, 6], "rotation": 180, "texture": "#15"},
				"down": {"uv": [2, 4, 4, 6], "texture": "#15"}
			}
		},
		{
			"from": [-3.85, 2, 22.25],
			"to": [1.4, 5, 23.55],
			"rotation": {"angle": 22.5, "axis": "x", "origin": [-4.1, 2, 23]},
			"faces": {
				"north": {"uv": [2, 4, 4, 6], "texture": "#15"},
				"east": {"uv": [2, 4, 4, 6], "texture": "#15"},
				"south": {"uv": [2, 4, 4, 6], "texture": "#15"},
				"west": {"uv": [2, 4, 4, 6], "texture": "#15"},
				"up": {"uv": [2, 4, 4, 6], "texture": "#15"},
				"down": {"uv": [2, 4, 4, 6], "texture": "#15"}
			}
		},
		{
			"from": [-3.85, 1.41066, 19.93934],
			"to": [1.4, 2.71066, 22.93934],
			"rotation": {"angle": -22.5, "axis": "x", "origin": [-4.1, 2, 23]},
			"faces": {
				"north": {"uv": [2, 4, 4, 6], "rotation": 180, "texture": "#15"},
				"east": {"uv": [2, 4, 4, 6], "rotation": 270, "texture": "#15"},
				"south": {"uv": [2, 4, 4, 6], "texture": "#15"},
				"west": {"uv": [2, 4, 4, 6], "rotation": 90, "texture": "#15"},
				"up": {"uv": [2, 4, 4, 6], "rotation": 180, "texture": "#15"},
				"down": {"uv": [2, 4, 4, 6], "texture": "#15"}
			}
		},
		{
			"from": [-3.85, 2.94399, 22.38484],
			"to": [1.4, 5.94399, 23.68484],
			"rotation": {"angle": -45, "axis": "x", "origin": [-4.1, 2, 23]},
			"faces": {
				"north": {"uv": [2, 4, 4, 6], "rotation": 180, "texture": "#15"},
				"east": {"uv": [2, 4, 4, 6], "rotation": 180, "texture": "#15"},
				"south": {"uv": [2, 4, 4, 6], "rotation": 180, "texture": "#15"},
				"west": {"uv": [2, 4, 4, 6], "rotation": 180, "texture": "#15"},
				"up": {"uv": [2, 4, 4, 6], "texture": "#15"},
				"down": {"uv": [2, 4, 4, 6], "texture": "#15"}
			}
		},
		{
			"from": [-3.85, 1.49036, 22.90531],
			"to": [1.4, 2.79036, 25.90531],
			"rotation": {"angle": 0, "axis": "x", "origin": [-4.1, 2, 23]},
			"faces": {
				"north": {"uv": [4, 4, 2, 6], "texture": "#15"},
				"east": {"uv": [2, 6, 4, 4], "rotation": 270, "texture": "#15"},
				"south": {"uv": [4, 4, 2, 6], "rotation": 180, "texture": "#15"},
				"west": {"uv": [2, 6, 4, 4], "rotation": 90, "texture": "#15"},
				"up": {"uv": [2, 6, 4, 4], "rotation": 180, "texture": "#15"},
				"down": {"uv": [2, 6, 4, 4], "texture": "#15"}
			}
		},
		{
			"from": [-3.85, -0.91924, 22.28934],
			"to": [1.4, 2.08076, 23.58934],
			"rotation": {"angle": -22.5, "axis": "x", "origin": [-4.1, 2, 23]},
			"faces": {
				"north": {"uv": [2, 4, 4, 6], "texture": "#15"},
				"east": {"uv": [2, 4, 4, 6], "texture": "#15"},
				"south": {"uv": [2, 4, 4, 6], "texture": "#15"},
				"west": {"uv": [2, 4, 4, 6], "texture": "#15"},
				"up": {"uv": [2, 4, 4, 6], "texture": "#15"},
				"down": {"uv": [2, 4, 4, 6], "texture": "#15"}
			}
		},
		{
			"from": [-4.075, -0.17157, 20.09657],
			"to": [1.875, 3.82843, 20.19657],
			"rotation": {"angle": 22.5, "axis": "x", "origin": [-4.1, 2, 23]},
			"faces": {
				"north": {"uv": [2, 2, 2.95, 3], "texture": "#15"},
				"east": {"uv": [2, 2, 2.95, 3], "texture": "#15"},
				"south": {"uv": [2, 2, 2.95, 3], "texture": "#15"},
				"west": {"uv": [2, 2, 2.95, 3], "texture": "#15"},
				"up": {"uv": [2, 2, 2.95, 3], "texture": "#15"},
				"down": {"uv": [2, 2, 2.95, 3], "texture": "#15"}
			}
		},
		{
			"from": [-4.075, 4.65, 21],
			"to": [1.875, 4.8, 25],
			"rotation": {"angle": 22.5, "axis": "x", "origin": [-4.1, 2, 23]},
			"faces": {
				"north": {"uv": [1, 3, 1.95, 2], "texture": "#15"},
				"east": {"uv": [1, 3, 1.95, 2], "texture": "#15"},
				"south": {"uv": [1, 3, 1.95, 2], "texture": "#15"},
				"west": {"uv": [1, 3, 1.95, 2], "texture": "#15"},
				"up": {"uv": [1, 3, 1.95, 2], "texture": "#15"},
				"down": {"uv": [1, 3, 1.95, 2], "texture": "#15"}
			}
		},
		{
			"from": [-4.075, -1, 21],
			"to": [1.875, -0.85, 25],
			"rotation": {"angle": 22.5, "axis": "x", "origin": [-4.1, 2, 23]},
			"faces": {
				"north": {"uv": [1, 2, 1.95, 3], "texture": "#15"},
				"east": {"uv": [1, 2, 1.95, 3], "texture": "#15"},
				"south": {"uv": [1, 2, 1.95, 3], "texture": "#15"},
				"west": {"uv": [1, 2, 1.95, 3], "texture": "#15"},
				"up": {"uv": [1, 2, 1.95, 3], "texture": "#15"},
				"down": {"uv": [1, 2, 1.95, 3], "texture": "#15"}
			}
		},
		{
			"from": [-4.075, -3, 21],
			"to": [1.875, -1, 25],
			"rotation": {"angle": 22.5, "axis": "x", "origin": [-4.1, 2, 23]},
			"faces": {
				"north": {"uv": [0, 0, 6.95, 2], "texture": "#0"},
				"east": {"uv": [0, 0, 4, 2], "texture": "#0"},
				"south": {"uv": [0, 0, 6.95, 2], "texture": "#0"},
				"west": {"uv": [0, 0, 4, 2], "texture": "#0"},
				"up": {"uv": [0, 0, 6.95, 4], "texture": "#0"},
				"down": {"uv": [0, 0, 6.95, 4], "texture": "#0"}
			}
		},
		{
			"from": [-4.05, -0.17157, 18.17157],
			"to": [1.825, 3.82843, 20.17157],
			"rotation": {"angle": 22.5, "axis": "x", "origin": [-4.1, 2, 23]},
			"faces": {
				"north": {"uv": [0, 0, 6.875, 4], "rotation": 180, "texture": "#0"},
				"east": {"uv": [0, 0, 4, 2], "rotation": 270, "texture": "#0"},
				"south": {"uv": [0, 0, 6.875, 4], "texture": "#0"},
				"west": {"uv": [0, 0, 4, 2], "rotation": 90, "texture": "#0"},
				"up": {"uv": [0, 0, 6.875, 2], "rotation": 180, "texture": "#0"},
				"down": {"uv": [0, 0, 6.875, 2], "texture": "#0"}
			}
		},
		{
			"from": [-4.075, -0.17157, 20.09657],
			"to": [1.875, 3.82843, 20.19657],
			"rotation": {"angle": 22.5, "axis": "x", "origin": [-4.1, 2, 23]},
			"faces": {
				"north": {"uv": [2, 2, 2.95, 3], "texture": "#15"},
				"east": {"uv": [2, 2, 2.95, 3], "texture": "#15"},
				"south": {"uv": [2, 2, 2.95, 3], "texture": "#15"},
				"west": {"uv": [2, 2, 2.95, 3], "texture": "#15"},
				"up": {"uv": [2, 2, 2.95, 3], "texture": "#15"},
				"down": {"uv": [2, 2, 2.95, 3], "texture": "#15"}
			}
		},
		{
			"from": [-4.075, -0.17157, 25.77157],
			"to": [1.875, 3.82843, 25.87157],
			"rotation": {"angle": 22.5, "axis": "x", "origin": [-4.1, 2, 23]},
			"faces": {
				"north": {"uv": [2, 2, 2.95, 3], "texture": "#15"},
				"east": {"uv": [2, 2, 2.95, 3], "texture": "#15"},
				"south": {"uv": [2, 2, 2.95, 3], "texture": "#15"},
				"west": {"uv": [2, 2, 2.95, 3], "texture": "#15"},
				"up": {"uv": [2, 2, 2.95, 3], "texture": "#15"},
				"down": {"uv": [2, 2, 2.95, 3], "texture": "#15"}
			}
		},
		{
			"from": [-4.075, -0.11091, 25.88909],
			"to": [1.85, 3.88909, 27.88909],
			"rotation": {"angle": 22.5, "axis": "x", "origin": [-4.1, 2, 23]},
			"faces": {
				"north": {"uv": [0, 0, 6.925, 4], "rotation": 180, "texture": "#0"},
				"east": {"uv": [0, 0, 4, 2], "rotation": 270, "texture": "#0"},
				"south": {"uv": [0, 0, 6.925, 4], "texture": "#0"},
				"west": {"uv": [0, 0, 4, 2], "rotation": 90, "texture": "#0"},
				"up": {"uv": [0, 0, 6.925, 2], "rotation": 180, "texture": "#0"},
				"down": {"uv": [0, 0, 6.925, 2], "texture": "#0"}
			}
		},
		{
			"from": [-4.1, -0.12133, 18.05025],
			"to": [1.9, 3.87867, 20.05025],
			"rotation": {"angle": -22.5, "axis": "x", "origin": [-4.1, 2, 23]},
			"faces": {
				"north": {"uv": [0, 0, 7, 4], "rotation": 180, "texture": "#0"},
				"east": {"uv": [0, 0, 4, 2], "rotation": 270, "texture": "#0"},
				"south": {"uv": [0, 0, 7, 4], "texture": "#0"},
				"west": {"uv": [0, 0, 4, 2], "rotation": 90, "texture": "#0"},
				"up": {"uv": [0, 0, 7, 2], "rotation": 180, "texture": "#0"},
				"down": {"uv": [0, 0, 7, 2], "texture": "#0"}
			}
		},
		{
			"from": [-4.1, 0.67868, 20.05025],
			"to": [1.9, 3.12868, 20.20025],
			"rotation": {"angle": -22.5, "axis": "x", "origin": [-4.1, 2, 23]},
			"faces": {
				"north": {"uv": [1, 3, 1, 4], "rotation": 180, "texture": "#15"},
				"east": {"uv": [1, 3, 1, 4], "rotation": 270, "texture": "#15"},
				"south": {"uv": [1, 3, 1, 4], "texture": "#15"},
				"west": {"uv": [1, 3, 1, 4], "rotation": 90, "texture": "#15"},
				"up": {"uv": [1, 3, 1, 4], "rotation": 180, "texture": "#15"},
				"down": {"uv": [1, 3, 1, 4], "texture": "#15"}
			}
		},
		{
			"from": [-4.1, -0.94975, 21.67868],
			"to": [1.9, -0.79975, 24.12868],
			"rotation": {"angle": -22.5, "axis": "x", "origin": [-4.1, 2, 23]},
			"faces": {
				"north": {"uv": [1, 3, 1, 4], "texture": "#15"},
				"east": {"uv": [1, 3, 1, 4], "texture": "#15"},
				"south": {"uv": [1, 3, 1, 4], "texture": "#15"},
				"west": {"uv": [1, 3, 1, 4], "texture": "#15"},
				"up": {"uv": [1, 4, 1, 3], "texture": "#15"},
				"down": {"uv": [1, 4, 1, 3], "texture": "#15"}
			}
		},
		{
			"from": [-4.075, 4.65, 21],
			"to": [1.875, 4.8, 25],
			"rotation": {"angle": 22.5, "axis": "x", "origin": [-4.1, 2, 23]},
			"faces": {
				"north": {"uv": [1, 3, 1.95, 2], "texture": "#15"},
				"east": {"uv": [1, 3, 1.95, 2], "texture": "#15"},
				"south": {"uv": [1, 3, 1.95, 2], "texture": "#15"},
				"west": {"uv": [1, 3, 1.95, 2], "texture": "#15"},
				"up": {"uv": [1, 3, 1.95, 2], "texture": "#15"},
				"down": {"uv": [1, 3, 1.95, 2], "texture": "#15"}
			}
		},
		{
			"from": [-4.1, 4.65833, 21.7299],
			"to": [1.9, 4.80833, 24.1799],
			"rotation": {"angle": -22.5, "axis": "x", "origin": [-4.1, 2, 23]},
			"faces": {
				"north": {"uv": [1, 4, 1, 3], "texture": "#15"},
				"east": {"uv": [1, 4, 1, 3], "texture": "#15"},
				"south": {"uv": [1, 4, 1, 3], "texture": "#15"},
				"west": {"uv": [1, 4, 1, 3], "texture": "#15"},
				"up": {"uv": [1, 4, 1, 3], "texture": "#15"},
				"down": {"uv": [1, 4, 1, 3], "texture": "#15"}
			}
		},
		{
			"from": [-4.1, 0.7299, 25.65833],
			"to": [1.9, 3.1799, 25.80833],
			"rotation": {"angle": -22.5, "axis": "x", "origin": [-4.1, 2, 23]},
			"faces": {
				"north": {"uv": [1, 3, 1, 4], "rotation": 180, "texture": "#15"},
				"east": {"uv": [1, 4, 1, 3], "rotation": 270, "texture": "#15"},
				"south": {"uv": [1, 3, 1, 4], "texture": "#15"},
				"west": {"uv": [1, 4, 1, 3], "rotation": 90, "texture": "#15"},
				"up": {"uv": [1, 4, 1, 3], "rotation": 180, "texture": "#15"},
				"down": {"uv": [1, 4, 1, 3], "texture": "#15"}
			}
		},
		{
			"from": [-4.1, -2.94975, 20.96447],
			"to": [1.9, -0.94975, 24.96447],
			"rotation": {"angle": -22.5, "axis": "x", "origin": [-4.1, 2, 23]},
			"faces": {
				"north": {"uv": [0, 0, 7, 2], "texture": "#0"},
				"east": {"uv": [0, 0, 4, 2], "texture": "#0"},
				"south": {"uv": [0, 0, 7, 2], "texture": "#0"},
				"west": {"uv": [0, 0, 4, 2], "texture": "#0"},
				"up": {"uv": [0, 0, 7, 4], "texture": "#0"},
				"down": {"uv": [0, 0, 7, 4], "texture": "#0"}
			}
		},
		{
			"from": [-4.1, 4.7929, 20.96447],
			"to": [1.9, 6.7929, 24.96447],
			"rotation": {"angle": -22.5, "axis": "x", "origin": [-4.1, 2, 23]},
			"faces": {
				"north": {"uv": [0, 2, 7, 4], "texture": "#0"},
				"east": {"uv": [0, 2, 4, 4], "texture": "#0"},
				"south": {"uv": [0, 2, 7, 4], "texture": "#0"},
				"west": {"uv": [0, 2, 4, 4], "texture": "#0"},
				"up": {"uv": [0, 4, 7, 8], "texture": "#0"},
				"down": {"uv": [0, 4, 7, 8], "texture": "#0"}
			}
		},
		{
			"from": [-4.075, 4.77817, 21],
			"to": [1.875, 6.77817, 25],
			"rotation": {"angle": 22.5, "axis": "x", "origin": [-4.1, 2, 23]},
			"faces": {
				"north": {"uv": [0, 2, 6.95, 4], "texture": "#0"},
				"east": {"uv": [0, 2, 4, 4], "texture": "#0"},
				"south": {"uv": [0, 2, 6.95, 4], "texture": "#0"},
				"west": {"uv": [0, 2, 4, 4], "texture": "#0"},
				"up": {"uv": [0, 4, 6.95, 8], "texture": "#0"},
				"down": {"uv": [0, 4, 6.95, 8], "texture": "#0"}
			}
		},
		{
			"from": [-4.1, -0.12132, 25.79289],
			"to": [1.9, 3.87868, 27.79289],
			"rotation": {"angle": -22.5, "axis": "x", "origin": [-4.1, 2, 23]},
			"faces": {
				"north": {"uv": [0, 4, 7, 8], "rotation": 180, "texture": "#0"},
				"east": {"uv": [0, 2, 4, 4], "rotation": 270, "texture": "#0"},
				"south": {"uv": [0, 4, 7, 8], "texture": "#0"},
				"west": {"uv": [0, 2, 4, 4], "rotation": 90, "texture": "#0"},
				"up": {"uv": [0, 2, 7, 4], "rotation": 180, "texture": "#0"},
				"down": {"uv": [0, 2, 7, 4], "texture": "#0"}
			}
		},
		{
			"from": [-4.1, 1.06066, 21.93934],
			"to": [1.9, 3.06066, 23.93934],
			"rotation": {"angle": -22.5, "axis": "x", "origin": [-4.1, 2, 23]},
			"faces": {
				"north": {"uv": [2, 4, 4, 6], "rotation": 180, "texture": "#15"},
				"east": {"uv": [2, 4, 4, 6], "rotation": 270, "texture": "#15"},
				"south": {"uv": [2, 4, 4, 6], "texture": "#15"},
				"west": {"uv": [2, 4, 4, 6], "rotation": 90, "texture": "#15"},
				"up": {"uv": [2, 4, 4, 6], "rotation": 180, "texture": "#15"},
				"down": {"uv": [2, 4, 4, 6], "texture": "#15"}
			}
		},
		{
			"from": [-3.85, 2, 22.25],
			"to": [1.4, 5, 23.55],
			"rotation": {"angle": 22.5, "axis": "x", "origin": [-4.1, 2, 23]},
			"faces": {
				"north": {"uv": [2, 4, 4, 6], "texture": "#15"},
				"east": {"uv": [2, 4, 4, 6], "texture": "#15"},
				"south": {"uv": [2, 4, 4, 6], "texture": "#15"},
				"west": {"uv": [2, 4, 4, 6], "texture": "#15"},
				"up": {"uv": [2, 4, 4, 6], "texture": "#15"},
				"down": {"uv": [2, 4, 4, 6], "texture": "#15"}
			}
		},
		{
			"from": [-3.85, 1.41066, 19.93934],
			"to": [1.4, 2.71066, 22.93934],
			"rotation": {"angle": -22.5, "axis": "x", "origin": [-4.1, 2, 23]},
			"faces": {
				"north": {"uv": [2, 4, 4, 6], "rotation": 180, "texture": "#15"},
				"east": {"uv": [2, 4, 4, 6], "rotation": 270, "texture": "#15"},
				"south": {"uv": [2, 4, 4, 6], "texture": "#15"},
				"west": {"uv": [2, 4, 4, 6], "rotation": 90, "texture": "#15"},
				"up": {"uv": [2, 4, 4, 6], "rotation": 180, "texture": "#15"},
				"down": {"uv": [2, 4, 4, 6], "texture": "#15"}
			}
		},
		{
			"from": [-3.85, 2.94399, 22.38484],
			"to": [1.4, 5.94399, 23.68484],
			"rotation": {"angle": -45, "axis": "x", "origin": [-4.1, 2, 23]},
			"faces": {
				"north": {"uv": [2, 4, 4, 6], "rotation": 180, "texture": "#15"},
				"east": {"uv": [2, 4, 4, 6], "rotation": 180, "texture": "#15"},
				"south": {"uv": [2, 4, 4, 6], "rotation": 180, "texture": "#15"},
				"west": {"uv": [2, 4, 4, 6], "rotation": 180, "texture": "#15"},
				"up": {"uv": [2, 4, 4, 6], "texture": "#15"},
				"down": {"uv": [2, 4, 4, 6], "texture": "#15"}
			}
		},
		{
			"from": [-3.85, 1.49036, 22.90531],
			"to": [1.4, 2.79036, 25.90531],
			"rotation": {"angle": 0, "axis": "x", "origin": [-4.1, 2, 23]},
			"faces": {
				"north": {"uv": [4, 4, 2, 6], "texture": "#15"},
				"east": {"uv": [2, 6, 4, 4], "rotation": 270, "texture": "#15"},
				"south": {"uv": [4, 4, 2, 6], "rotation": 180, "texture": "#15"},
				"west": {"uv": [2, 6, 4, 4], "rotation": 90, "texture": "#15"},
				"up": {"uv": [2, 6, 4, 4], "rotation": 180, "texture": "#15"},
				"down": {"uv": [2, 6, 4, 4], "texture": "#15"}
			}
		},
		{
			"from": [-3.85, -0.91924, 22.28934],
			"to": [1.4, 2.08076, 23.58934],
			"rotation": {"angle": -22.5, "axis": "x", "origin": [-4.1, 2, 23]},
			"faces": {
				"north": {"uv": [2, 4, 4, 6], "texture": "#15"},
				"east": {"uv": [2, 4, 4, 6], "texture": "#15"},
				"south": {"uv": [2, 4, 4, 6], "texture": "#15"},
				"west": {"uv": [2, 4, 4, 6], "texture": "#15"},
				"up": {"uv": [2, 4, 4, 6], "texture": "#15"},
				"down": {"uv": [2, 4, 4, 6], "texture": "#15"}
			}
		},
		{
			"from": [14.125, -0.17157, 20.09657],
			"to": [20.075, 3.82843, 20.19657],
			"rotation": {"angle": 22.5, "axis": "x", "origin": [20.1, 2, 23]},
			"faces": {
				"north": {"uv": [2.95, 2, 2, 3], "texture": "#15"},
				"east": {"uv": [2.95, 2, 2, 3], "texture": "#15"},
				"south": {"uv": [2.95, 2, 2, 3], "texture": "#15"},
				"west": {"uv": [2.95, 2, 2, 3], "texture": "#15"},
				"up": {"uv": [2.95, 2, 2, 3], "texture": "#15"},
				"down": {"uv": [2.95, 2, 2, 3], "texture": "#15"}
			}
		},
		{
			"from": [14.125, 4.65, 21],
			"to": [20.075, 4.8, 25],
			"rotation": {"angle": 22.5, "axis": "x", "origin": [20.1, 2, 23]},
			"faces": {
				"north": {"uv": [1.95, 3, 1, 2], "texture": "#15"},
				"east": {"uv": [1.95, 3, 1, 2], "texture": "#15"},
				"south": {"uv": [1.95, 3, 1, 2], "texture": "#15"},
				"west": {"uv": [1.95, 3, 1, 2], "texture": "#15"},
				"up": {"uv": [1.95, 3, 1, 2], "texture": "#15"},
				"down": {"uv": [1.95, 3, 1, 2], "texture": "#15"}
			}
		},
		{
			"from": [14.125, -1, 21],
			"to": [20.075, -0.85, 25],
			"rotation": {"angle": 22.5, "axis": "x", "origin": [20.1, 2, 23]},
			"faces": {
				"north": {"uv": [1.95, 2, 1, 3], "texture": "#15"},
				"east": {"uv": [1.95, 2, 1, 3], "texture": "#15"},
				"south": {"uv": [1.95, 2, 1, 3], "texture": "#15"},
				"west": {"uv": [1.95, 2, 1, 3], "texture": "#15"},
				"up": {"uv": [1.95, 2, 1, 3], "texture": "#15"},
				"down": {"uv": [1.95, 2, 1, 3], "texture": "#15"}
			}
		},
		{
			"from": [14.125, -3, 21],
			"to": [20.075, -1, 25],
			"rotation": {"angle": 22.5, "axis": "x", "origin": [20.1, 2, 23]},
			"faces": {
				"north": {"uv": [6.95, 0, 0, 2], "texture": "#0"},
				"east": {"uv": [4, 0, 0, 2], "texture": "#0"},
				"south": {"uv": [6.95, 0, 0, 2], "texture": "#0"},
				"west": {"uv": [4, 0, 0, 2], "texture": "#0"},
				"up": {"uv": [6.95, 0, 0, 4], "texture": "#0"},
				"down": {"uv": [6.95, 0, 0, 4], "texture": "#0"}
			}
		},
		{
			"from": [14.175, -0.17157, 18.17157],
			"to": [20.05, 3.82843, 20.17157],
			"rotation": {"angle": 22.5, "axis": "x", "origin": [20.1, 2, 23]},
			"faces": {
				"north": {"uv": [6.875, 0, 0, 4], "rotation": 180, "texture": "#0"},
				"east": {"uv": [0, 2, 4, 0], "rotation": 90, "texture": "#0"},
				"south": {"uv": [6.875, 0, 0, 4], "texture": "#0"},
				"west": {"uv": [0, 2, 4, 0], "rotation": 270, "texture": "#0"},
				"up": {"uv": [6.875, 0, 0, 2], "rotation": 180, "texture": "#0"},
				"down": {"uv": [6.875, 0, 0, 2], "texture": "#0"}
			}
		},
		{
			"from": [14.125, -0.17157, 20.09657],
			"to": [20.075, 3.82843, 20.19657],
			"rotation": {"angle": 22.5, "axis": "x", "origin": [20.1, 2, 23]},
			"faces": {
				"north": {"uv": [2.95, 2, 2, 3], "texture": "#15"},
				"east": {"uv": [2.95, 2, 2, 3], "texture": "#15"},
				"south": {"uv": [2.95, 2, 2, 3], "texture": "#15"},
				"west": {"uv": [2.95, 2, 2, 3], "texture": "#15"},
				"up": {"uv": [2.95, 2, 2, 3], "texture": "#15"},
				"down": {"uv": [2.95, 2, 2, 3], "texture": "#15"}
			}
		},
		{
			"from": [14.125, -0.17157, 25.77157],
			"to": [20.075, 3.82843, 25.87157],
			"rotation": {"angle": 22.5, "axis": "x", "origin": [20.1, 2, 23]},
			"faces": {
				"north": {"uv": [2.95, 2, 2, 3], "texture": "#15"},
				"east": {"uv": [2.95, 2, 2, 3], "texture": "#15"},
				"south": {"uv": [2.95, 2, 2, 3], "texture": "#15"},
				"west": {"uv": [2.95, 2, 2, 3], "texture": "#15"},
				"up": {"uv": [2.95, 2, 2, 3], "texture": "#15"},
				"down": {"uv": [2.95, 2, 2, 3], "texture": "#15"}
			}
		},
		{
			"from": [14.15, -0.11091, 25.88909],
			"to": [20.075, 3.88909, 27.88909],
			"rotation": {"angle": 22.5, "axis": "x", "origin": [20.1, 2, 23]},
			"faces": {
				"north": {"uv": [6.925, 0, 0, 4], "rotation": 180, "texture": "#0"},
				"east": {"uv": [0, 2, 4, 0], "rotation": 90, "texture": "#0"},
				"south": {"uv": [6.925, 0, 0, 4], "texture": "#0"},
				"west": {"uv": [0, 2, 4, 0], "rotation": 270, "texture": "#0"},
				"up": {"uv": [6.925, 0, 0, 2], "rotation": 180, "texture": "#0"},
				"down": {"uv": [6.925, 0, 0, 2], "texture": "#0"}
			}
		},
		{
			"from": [14.1, -0.12133, 18.05025],
			"to": [20.1, 3.87867, 20.05025],
			"rotation": {"angle": -22.5, "axis": "x", "origin": [20.1, 2, 23]},
			"faces": {
				"north": {"uv": [7, 0, 0, 4], "rotation": 180, "texture": "#0"},
				"east": {"uv": [4, 0, 0, 2], "rotation": 270, "texture": "#0"},
				"south": {"uv": [7, 0, 0, 4], "texture": "#0"},
				"west": {"uv": [4, 0, 0, 2], "rotation": 90, "texture": "#0"},
				"up": {"uv": [7, 0, 0, 2], "rotation": 180, "texture": "#0"},
				"down": {"uv": [7, 0, 0, 2], "texture": "#0"}
			}
		},
		{
			"from": [14.1, 0.67868, 20.05025],
			"to": [20.1, 3.12868, 20.20025],
			"rotation": {"angle": -22.5, "axis": "x", "origin": [20.1, 2, 23]},
			"faces": {
				"north": {"uv": [1, 3, 1, 4], "rotation": 180, "texture": "#15"},
				"east": {"uv": [1, 3, 1, 4], "rotation": 270, "texture": "#15"},
				"south": {"uv": [1, 3, 1, 4], "texture": "#15"},
				"west": {"uv": [1, 3, 1, 4], "rotation": 90, "texture": "#15"},
				"up": {"uv": [1, 3, 1, 4], "rotation": 180, "texture": "#15"},
				"down": {"uv": [1, 3, 1, 4], "texture": "#15"}
			}
		},
		{
			"from": [14.1, -0.94975, 21.67868],
			"to": [20.1, -0.79975, 24.12868],
			"rotation": {"angle": -22.5, "axis": "x", "origin": [20.1, 2, 23]},
			"faces": {
				"north": {"uv": [1, 3, 1, 4], "texture": "#15"},
				"east": {"uv": [1, 3, 1, 4], "texture": "#15"},
				"south": {"uv": [1, 3, 1, 4], "texture": "#15"},
				"west": {"uv": [1, 3, 1, 4], "texture": "#15"},
				"up": {"uv": [1, 4, 1, 3], "texture": "#15"},
				"down": {"uv": [1, 4, 1, 3], "texture": "#15"}
			}
		},
		{
			"from": [14.125, 4.65, 21],
			"to": [20.075, 4.8, 25],
			"rotation": {"angle": 22.5, "axis": "x", "origin": [20.1, 2, 23]},
			"faces": {
				"north": {"uv": [1.95, 3, 1, 2], "texture": "#15"},
				"east": {"uv": [1.95, 3, 1, 2], "texture": "#15"},
				"south": {"uv": [1.95, 3, 1, 2], "texture": "#15"},
				"west": {"uv": [1.95, 3, 1, 2], "texture": "#15"},
				"up": {"uv": [1.95, 3, 1, 2], "texture": "#15"},
				"down": {"uv": [1.95, 3, 1, 2], "texture": "#15"}
			}
		},
		{
			"from": [14.1, 4.65833, 21.7299],
			"to": [20.1, 4.80833, 24.1799],
			"rotation": {"angle": -22.5, "axis": "x", "origin": [20.1, 2, 23]},
			"faces": {
				"north": {"uv": [1, 4, 1, 3], "texture": "#15"},
				"east": {"uv": [1, 4, 1, 3], "texture": "#15"},
				"south": {"uv": [1, 4, 1, 3], "texture": "#15"},
				"west": {"uv": [1, 4, 1, 3], "texture": "#15"},
				"up": {"uv": [1, 4, 1, 3], "texture": "#15"},
				"down": {"uv": [1, 4, 1, 3], "texture": "#15"}
			}
		},
		{
			"from": [14.1, 0.7299, 25.65833],
			"to": [20.1, 3.1799, 25.80833],
			"rotation": {"angle": -22.5, "axis": "x", "origin": [20.1, 2, 23]},
			"faces": {
				"north": {"uv": [1, 3, 1, 4], "rotation": 180, "texture": "#15"},
				"east": {"uv": [1, 4, 1, 3], "rotation": 270, "texture": "#15"},
				"south": {"uv": [1, 3, 1, 4], "texture": "#15"},
				"west": {"uv": [1, 4, 1, 3], "rotation": 90, "texture": "#15"},
				"up": {"uv": [1, 4, 1, 3], "rotation": 180, "texture": "#15"},
				"down": {"uv": [1, 4, 1, 3], "texture": "#15"}
			}
		},
		{
			"from": [14.1, -2.94975, 20.96447],
			"to": [20.1, -0.94975, 24.96447],
			"rotation": {"angle": -22.5, "axis": "x", "origin": [20.1, 2, 23]},
			"faces": {
				"north": {"uv": [7, 0, 0, 2], "texture": "#0"},
				"east": {"uv": [4, 0, 0, 2], "texture": "#0"},
				"south": {"uv": [7, 0, 0, 2], "texture": "#0"},
				"west": {"uv": [4, 0, 0, 2], "texture": "#0"},
				"up": {"uv": [7, 0, 0, 4], "texture": "#0"},
				"down": {"uv": [7, 0, 0, 4], "texture": "#0"}
			}
		},
		{
			"from": [14.1, 4.7929, 20.96447],
			"to": [20.1, 6.7929, 24.96447],
			"rotation": {"angle": -22.5, "axis": "x", "origin": [20.1, 2, 23]},
			"faces": {
				"north": {"uv": [7, 2, 0, 4], "texture": "#0"},
				"east": {"uv": [4, 2, 0, 4], "texture": "#0"},
				"south": {"uv": [7, 2, 0, 4], "texture": "#0"},
				"west": {"uv": [4, 2, 0, 4], "texture": "#0"},
				"up": {"uv": [7, 4, 0, 8], "texture": "#0"},
				"down": {"uv": [7, 4, 0, 8], "texture": "#0"}
			}
		},
		{
			"from": [14.125, 4.77817, 21],
			"to": [20.075, 6.77817, 25],
			"rotation": {"angle": 22.5, "axis": "x", "origin": [20.1, 2, 23]},
			"faces": {
				"north": {"uv": [6.95, 2, 0, 4], "texture": "#0"},
				"east": {"uv": [4, 2, 0, 4], "texture": "#0"},
				"south": {"uv": [6.95, 2, 0, 4], "texture": "#0"},
				"west": {"uv": [4, 2, 0, 4], "texture": "#0"},
				"up": {"uv": [6.95, 4, 0, 8], "texture": "#0"},
				"down": {"uv": [6.95, 4, 0, 8], "texture": "#0"}
			}
		},
		{
			"from": [14.1, -0.12132, 25.79289],
			"to": [20.1, 3.87868, 27.79289],
			"rotation": {"angle": -22.5, "axis": "x", "origin": [20.1, 2, 23]},
			"faces": {
				"north": {"uv": [7, 4, 0, 8], "rotation": 180, "texture": "#0"},
				"east": {"uv": [4, 2, 0, 4], "rotation": 270, "texture": "#0"},
				"south": {"uv": [7, 4, 0, 8], "texture": "#0"},
				"west": {"uv": [4, 2, 0, 4], "rotation": 90, "texture": "#0"},
				"up": {"uv": [7, 2, 0, 4], "rotation": 180, "texture": "#0"},
				"down": {"uv": [7, 2, 0, 4], "texture": "#0"}
			}
		},
		{
			"from": [14.1, 1.06066, 21.93934],
			"to": [20.1, 3.06066, 23.93934],
			"rotation": {"angle": -22.5, "axis": "x", "origin": [20.1, 2, 23]},
			"faces": {
				"north": {"uv": [4, 4, 2, 6], "rotation": 180, "texture": "#15"},
				"east": {"uv": [4, 4, 2, 6], "rotation": 270, "texture": "#15"},
				"south": {"uv": [4, 4, 2, 6], "texture": "#15"},
				"west": {"uv": [4, 4, 2, 6], "rotation": 90, "texture": "#15"},
				"up": {"uv": [4, 4, 2, 6], "rotation": 180, "texture": "#15"},
				"down": {"uv": [4, 4, 2, 6], "texture": "#15"}
			}
		},
		{
			"from": [14.6, 2, 22.25],
			"to": [19.85, 5, 23.55],
			"rotation": {"angle": 22.5, "axis": "x", "origin": [20.1, 2, 23]},
			"faces": {
				"north": {"uv": [4, 4, 2, 6], "texture": "#15"},
				"east": {"uv": [4, 4, 2, 6], "texture": "#15"},
				"south": {"uv": [4, 4, 2, 6], "texture": "#15"},
				"west": {"uv": [4, 4, 2, 6], "texture": "#15"},
				"up": {"uv": [4, 4, 2, 6], "texture": "#15"},
				"down": {"uv": [4, 4, 2, 6], "texture": "#15"}
			}
		},
		{
			"from": [14.6, 1.41066, 19.93934],
			"to": [19.85, 2.71066, 22.93934],
			"rotation": {"angle": -22.5, "axis": "x", "origin": [20.1, 2, 23]},
			"faces": {
				"north": {"uv": [4, 4, 2, 6], "rotation": 180, "texture": "#15"},
				"east": {"uv": [2, 6, 4, 4], "rotation": 90, "texture": "#15"},
				"south": {"uv": [4, 4, 2, 6], "texture": "#15"},
				"west": {"uv": [2, 6, 4, 4], "rotation": 270, "texture": "#15"},
				"up": {"uv": [4, 4, 2, 6], "rotation": 180, "texture": "#15"},
				"down": {"uv": [4, 4, 2, 6], "texture": "#15"}
			}
		},
		{
			"from": [14.6, 2.94399, 22.38484],
			"to": [19.85, 5.94399, 23.68484],
			"rotation": {"angle": -45, "axis": "x", "origin": [20.1, 2, 23]},
			"faces": {
				"north": {"uv": [4, 4, 2, 6], "rotation": 180, "texture": "#15"},
				"east": {"uv": [2, 6, 4, 4], "texture": "#15"},
				"south": {"uv": [4, 4, 2, 6], "rotation": 180, "texture": "#15"},
				"west": {"uv": [2, 6, 4, 4], "texture": "#15"},
				"up": {"uv": [4, 4, 2, 6], "texture": "#15"},
				"down": {"uv": [4, 4, 2, 6], "texture": "#15"}
			}
		},
		{
			"from": [14.6, 1.49036, 22.90531],
			"to": [19.85, 2.79036, 25.90531],
			"rotation": {"angle": 0, "axis": "x", "origin": [20.1, 2, 23]},
			"faces": {
				"north": {"uv": [2, 4, 4, 6], "texture": "#15"},
				"east": {"uv": [2, 4, 4, 6], "rotation": 90, "texture": "#15"},
				"south": {"uv": [2, 4, 4, 6], "rotation": 180, "texture": "#15"},
				"west": {"uv": [2, 4, 4, 6], "rotation": 270, "texture": "#15"},
				"up": {"uv": [4, 6, 2, 4], "rotation": 180, "texture": "#15"},
				"down": {"uv": [4, 6, 2, 4], "texture": "#15"}
			}
		},
		{
			"from": [14.6, -0.91924, 22.28934],
			"to": [19.85, 2.08076, 23.58934],
			"rotation": {"angle": -22.5, "axis": "x", "origin": [20.1, 2, 23]},
			"faces": {
				"north": {"uv": [4, 4, 2, 6], "texture": "#15"},
				"east": {"uv": [4, 4, 2, 6], "texture": "#15"},
				"south": {"uv": [4, 4, 2, 6], "texture": "#15"},
				"west": {"uv": [4, 4, 2, 6], "texture": "#15"},
				"up": {"uv": [4, 4, 2, 6], "texture": "#15"},
				"down": {"uv": [4, 4, 2, 6], "texture": "#15"}
			}
		},
		{
			"from": [14.125, -0.17157, 20.09657],
			"to": [20.075, 3.82843, 20.19657],
			"rotation": {"angle": 22.5, "axis": "x", "origin": [20.1, 2, 23]},
			"faces": {
				"north": {"uv": [2.95, 2, 2, 3], "texture": "#15"},
				"east": {"uv": [2.95, 2, 2, 3], "texture": "#15"},
				"south": {"uv": [2.95, 2, 2, 3], "texture": "#15"},
				"west": {"uv": [2.95, 2, 2, 3], "texture": "#15"},
				"up": {"uv": [2.95, 2, 2, 3], "texture": "#15"},
				"down": {"uv": [2.95, 2, 2, 3], "texture": "#15"}
			}
		},
		{
			"from": [14.125, 4.65, 21],
			"to": [20.075, 4.8, 25],
			"rotation": {"angle": 22.5, "axis": "x", "origin": [20.1, 2, 23]},
			"faces": {
				"north": {"uv": [1.95, 3, 1, 2], "texture": "#15"},
				"east": {"uv": [1.95, 3, 1, 2], "texture": "#15"},
				"south": {"uv": [1.95, 3, 1, 2], "texture": "#15"},
				"west": {"uv": [1.95, 3, 1, 2], "texture": "#15"},
				"up": {"uv": [1.95, 3, 1, 2], "texture": "#15"},
				"down": {"uv": [1.95, 3, 1, 2], "texture": "#15"}
			}
		},
		{
			"from": [14.125, -1, 21],
			"to": [20.075, -0.85, 25],
			"rotation": {"angle": 22.5, "axis": "x", "origin": [20.1, 2, 23]},
			"faces": {
				"north": {"uv": [1.95, 2, 1, 3], "texture": "#15"},
				"east": {"uv": [1.95, 2, 1, 3], "texture": "#15"},
				"south": {"uv": [1.95, 2, 1, 3], "texture": "#15"},
				"west": {"uv": [1.95, 2, 1, 3], "texture": "#15"},
				"up": {"uv": [1.95, 2, 1, 3], "texture": "#15"},
				"down": {"uv": [1.95, 2, 1, 3], "texture": "#15"}
			}
		},
		{
			"from": [14.125, -3, 21],
			"to": [20.075, -1, 25],
			"rotation": {"angle": 22.5, "axis": "x", "origin": [20.1, 2, 23]},
			"faces": {
				"north": {"uv": [6.95, 0, 0, 2], "texture": "#0"},
				"east": {"uv": [4, 0, 0, 2], "texture": "#0"},
				"south": {"uv": [6.95, 0, 0, 2], "texture": "#0"},
				"west": {"uv": [4, 0, 0, 2], "texture": "#0"},
				"up": {"uv": [6.95, 0, 0, 4], "texture": "#0"},
				"down": {"uv": [6.95, 0, 0, 4], "texture": "#0"}
			}
		},
		{
			"from": [14.175, -0.17157, 18.17157],
			"to": [20.05, 3.82843, 20.17157],
			"rotation": {"angle": 22.5, "axis": "x", "origin": [20.1, 2, 23]},
			"faces": {
				"north": {"uv": [6.875, 0, 0, 4], "rotation": 180, "texture": "#0"},
				"east": {"uv": [0, 2, 4, 0], "rotation": 90, "texture": "#0"},
				"south": {"uv": [6.875, 0, 0, 4], "texture": "#0"},
				"west": {"uv": [0, 2, 4, 0], "rotation": 270, "texture": "#0"},
				"up": {"uv": [6.875, 0, 0, 2], "rotation": 180, "texture": "#0"},
				"down": {"uv": [6.875, 0, 0, 2], "texture": "#0"}
			}
		},
		{
			"from": [14.125, -0.17157, 20.09657],
			"to": [20.075, 3.82843, 20.19657],
			"rotation": {"angle": 22.5, "axis": "x", "origin": [20.1, 2, 23]},
			"faces": {
				"north": {"uv": [2.95, 2, 2, 3], "texture": "#15"},
				"east": {"uv": [2.95, 2, 2, 3], "texture": "#15"},
				"south": {"uv": [2.95, 2, 2, 3], "texture": "#15"},
				"west": {"uv": [2.95, 2, 2, 3], "texture": "#15"},
				"up": {"uv": [2.95, 2, 2, 3], "texture": "#15"},
				"down": {"uv": [2.95, 2, 2, 3], "texture": "#15"}
			}
		},
		{
			"from": [14.125, -0.17157, 25.77157],
			"to": [20.075, 3.82843, 25.87157],
			"rotation": {"angle": 22.5, "axis": "x", "origin": [20.1, 2, 23]},
			"faces": {
				"north": {"uv": [2.95, 2, 2, 3], "texture": "#15"},
				"east": {"uv": [2.95, 2, 2, 3], "texture": "#15"},
				"south": {"uv": [2.95, 2, 2, 3], "texture": "#15"},
				"west": {"uv": [2.95, 2, 2, 3], "texture": "#15"},
				"up": {"uv": [2.95, 2, 2, 3], "texture": "#15"},
				"down": {"uv": [2.95, 2, 2, 3], "texture": "#15"}
			}
		},
		{
			"from": [14.15, -0.11091, 25.88909],
			"to": [20.075, 3.88909, 27.88909],
			"rotation": {"angle": 22.5, "axis": "x", "origin": [20.1, 2, 23]},
			"faces": {
				"north": {"uv": [6.925, 0, 0, 4], "rotation": 180, "texture": "#0"},
				"east": {"uv": [0, 2, 4, 0], "rotation": 90, "texture": "#0"},
				"south": {"uv": [6.925, 0, 0, 4], "texture": "#0"},
				"west": {"uv": [0, 2, 4, 0], "rotation": 270, "texture": "#0"},
				"up": {"uv": [6.925, 0, 0, 2], "rotation": 180, "texture": "#0"},
				"down": {"uv": [6.925, 0, 0, 2], "texture": "#0"}
			}
		},
		{
			"from": [14.1, -0.12133, 18.05025],
			"to": [20.1, 3.87867, 20.05025],
			"rotation": {"angle": -22.5, "axis": "x", "origin": [20.1, 2, 23]},
			"faces": {
				"north": {"uv": [7, 0, 0, 4], "rotation": 180, "texture": "#0"},
				"east": {"uv": [4, 0, 0, 2], "rotation": 270, "texture": "#0"},
				"south": {"uv": [7, 0, 0, 4], "texture": "#0"},
				"west": {"uv": [4, 0, 0, 2], "rotation": 90, "texture": "#0"},
				"up": {"uv": [7, 0, 0, 2], "rotation": 180, "texture": "#0"},
				"down": {"uv": [7, 0, 0, 2], "texture": "#0"}
			}
		},
		{
			"from": [14.1, 0.67868, 20.05025],
			"to": [20.1, 3.12868, 20.20025],
			"rotation": {"angle": -22.5, "axis": "x", "origin": [20.1, 2, 23]},
			"faces": {
				"north": {"uv": [1, 3, 1, 4], "rotation": 180, "texture": "#15"},
				"east": {"uv": [1, 3, 1, 4], "rotation": 270, "texture": "#15"},
				"south": {"uv": [1, 3, 1, 4], "texture": "#15"},
				"west": {"uv": [1, 3, 1, 4], "rotation": 90, "texture": "#15"},
				"up": {"uv": [1, 3, 1, 4], "rotation": 180, "texture": "#15"},
				"down": {"uv": [1, 3, 1, 4], "texture": "#15"}
			}
		},
		{
			"from": [14.1, -0.94975, 21.67868],
			"to": [20.1, -0.79975, 24.12868],
			"rotation": {"angle": -22.5, "axis": "x", "origin": [20.1, 2, 23]},
			"faces": {
				"north": {"uv": [1, 3, 1, 4], "texture": "#15"},
				"east": {"uv": [1, 3, 1, 4], "texture": "#15"},
				"south": {"uv": [1, 3, 1, 4], "texture": "#15"},
				"west": {"uv": [1, 3, 1, 4], "texture": "#15"},
				"up": {"uv": [1, 4, 1, 3], "texture": "#15"},
				"down": {"uv": [1, 4, 1, 3], "texture": "#15"}
			}
		},
		{
			"from": [14.125, 4.65, 21],
			"to": [20.075, 4.8, 25],
			"rotation": {"angle": 22.5, "axis": "x", "origin": [20.1, 2, 23]},
			"faces": {
				"north": {"uv": [1.95, 3, 1, 2], "texture": "#15"},
				"east": {"uv": [1.95, 3, 1, 2], "texture": "#15"},
				"south": {"uv": [1.95, 3, 1, 2], "texture": "#15"},
				"west": {"uv": [1.95, 3, 1, 2], "texture": "#15"},
				"up": {"uv": [1.95, 3, 1, 2], "texture": "#15"},
				"down": {"uv": [1.95, 3, 1, 2], "texture": "#15"}
			}
		},
		{
			"from": [14.1, 4.65833, 21.7299],
			"to": [20.1, 4.80833, 24.1799],
			"rotation": {"angle": -22.5, "axis": "x", "origin": [20.1, 2, 23]},
			"faces": {
				"north": {"uv": [1, 4, 1, 3], "texture": "#15"},
				"east": {"uv": [1, 4, 1, 3], "texture": "#15"},
				"south": {"uv": [1, 4, 1, 3], "texture": "#15"},
				"west": {"uv": [1, 4, 1, 3], "texture": "#15"},
				"up": {"uv": [1, 4, 1, 3], "texture": "#15"},
				"down": {"uv": [1, 4, 1, 3], "texture": "#15"}
			}
		},
		{
			"from": [14.1, 0.7299, 25.65833],
			"to": [20.1, 3.1799, 25.80833],
			"rotation": {"angle": -22.5, "axis": "x", "origin": [20.1, 2, 23]},
			"faces": {
				"north": {"uv": [1, 3, 1, 4], "rotation": 180, "texture": "#15"},
				"east": {"uv": [1, 4, 1, 3], "rotation": 270, "texture": "#15"},
				"south": {"uv": [1, 3, 1, 4], "texture": "#15"},
				"west": {"uv": [1, 4, 1, 3], "rotation": 90, "texture": "#15"},
				"up": {"uv": [1, 4, 1, 3], "rotation": 180, "texture": "#15"},
				"down": {"uv": [1, 4, 1, 3], "texture": "#15"}
			}
		},
		{
			"from": [14.1, -2.94975, 20.96447],
			"to": [20.1, -0.94975, 24.96447],
			"rotation": {"angle": -22.5, "axis": "x", "origin": [20.1, 2, 23]},
			"faces": {
				"north": {"uv": [7, 0, 0, 2], "texture": "#0"},
				"east": {"uv": [4, 0, 0, 2], "texture": "#0"},
				"south": {"uv": [7, 0, 0, 2], "texture": "#0"},
				"west": {"uv": [4, 0, 0, 2], "texture": "#0"},
				"up": {"uv": [7, 0, 0, 4], "texture": "#0"},
				"down": {"uv": [7, 0, 0, 4], "texture": "#0"}
			}
		},
		{
			"from": [14.1, 4.7929, 20.96447],
			"to": [20.1, 6.7929, 24.96447],
			"rotation": {"angle": -22.5, "axis": "x", "origin": [20.1, 2, 23]},
			"faces": {
				"north": {"uv": [7, 2, 0, 4], "texture": "#0"},
				"east": {"uv": [4, 2, 0, 4], "texture": "#0"},
				"south": {"uv": [7, 2, 0, 4], "texture": "#0"},
				"west": {"uv": [4, 2, 0, 4], "texture": "#0"},
				"up": {"uv": [7, 4, 0, 8], "texture": "#0"},
				"down": {"uv": [7, 4, 0, 8], "texture": "#0"}
			}
		},
		{
			"from": [14.125, 4.77817, 21],
			"to": [20.075, 6.77817, 25],
			"rotation": {"angle": 22.5, "axis": "x", "origin": [20.1, 2, 23]},
			"faces": {
				"north": {"uv": [6.95, 2, 0, 4], "texture": "#0"},
				"east": {"uv": [4, 2, 0, 4], "texture": "#0"},
				"south": {"uv": [6.95, 2, 0, 4], "texture": "#0"},
				"west": {"uv": [4, 2, 0, 4], "texture": "#0"},
				"up": {"uv": [6.95, 4, 0, 8], "texture": "#0"},
				"down": {"uv": [6.95, 4, 0, 8], "texture": "#0"}
			}
		},
		{
			"from": [14.1, -0.12132, 25.79289],
			"to": [20.1, 3.87868, 27.79289],
			"rotation": {"angle": -22.5, "axis": "x", "origin": [20.1, 2, 23]},
			"faces": {
				"north": {"uv": [7, 4, 0, 8], "rotation": 180, "texture": "#0"},
				"east": {"uv": [4, 2, 0, 4], "rotation": 270, "texture": "#0"},
				"south": {"uv": [7, 4, 0, 8], "texture": "#0"},
				"west": {"uv": [4, 2, 0, 4], "rotation": 90, "texture": "#0"},
				"up": {"uv": [7, 2, 0, 4], "rotation": 180, "texture": "#0"},
				"down": {"uv": [7, 2, 0, 4], "texture": "#0"}
			}
		},
		{
			"from": [14.1, 1.06066, 21.93934],
			"to": [20.1, 3.06066, 23.93934],
			"rotation": {"angle": -22.5, "axis": "x", "origin": [20.1, 2, 23]},
			"faces": {
				"north": {"uv": [4, 4, 2, 6], "rotation": 180, "texture": "#15"},
				"east": {"uv": [4, 4, 2, 6], "rotation": 270, "texture": "#15"},
				"south": {"uv": [4, 4, 2, 6], "texture": "#15"},
				"west": {"uv": [4, 4, 2, 6], "rotation": 90, "texture": "#15"},
				"up": {"uv": [4, 4, 2, 6], "rotation": 180, "texture": "#15"},
				"down": {"uv": [4, 4, 2, 6], "texture": "#15"}
			}
		},
		{
			"from": [14.6, 2, 22.25],
			"to": [19.85, 5, 23.55],
			"rotation": {"angle": 22.5, "axis": "x", "origin": [20.1, 2, 23]},
			"faces": {
				"north": {"uv": [4, 4, 2, 6], "texture": "#15"},
				"east": {"uv": [4, 4, 2, 6], "texture": "#15"},
				"south": {"uv": [4, 4, 2, 6], "texture": "#15"},
				"west": {"uv": [4, 4, 2, 6], "texture": "#15"},
				"up": {"uv": [4, 4, 2, 6], "texture": "#15"},
				"down": {"uv": [4, 4, 2, 6], "texture": "#15"}
			}
		},
		{
			"from": [14.6, 1.41066, 19.93934],
			"to": [19.85, 2.71066, 22.93934],
			"rotation": {"angle": -22.5, "axis": "x", "origin": [20.1, 2, 23]},
			"faces": {
				"north": {"uv": [4, 4, 2, 6], "rotation": 180, "texture": "#15"},
				"east": {"uv": [2, 6, 4, 4], "rotation": 90, "texture": "#15"},
				"south": {"uv": [4, 4, 2, 6], "texture": "#15"},
				"west": {"uv": [2, 6, 4, 4], "rotation": 270, "texture": "#15"},
				"up": {"uv": [4, 4, 2, 6], "rotation": 180, "texture": "#15"},
				"down": {"uv": [4, 4, 2, 6], "texture": "#15"}
			}
		},
		{
			"from": [14.6, 2.94399, 22.38484],
			"to": [19.85, 5.94399, 23.68484],
			"rotation": {"angle": -45, "axis": "x", "origin": [20.1, 2, 23]},
			"faces": {
				"north": {"uv": [4, 4, 2, 6], "rotation": 180, "texture": "#15"},
				"east": {"uv": [2, 6, 4, 4], "texture": "#15"},
				"south": {"uv": [4, 4, 2, 6], "rotation": 180, "texture": "#15"},
				"west": {"uv": [2, 6, 4, 4], "texture": "#15"},
				"up": {"uv": [4, 4, 2, 6], "texture": "#15"},
				"down": {"uv": [4, 4, 2, 6], "texture": "#15"}
			}
		},
		{
			"from": [14.6, 1.49036, 22.90531],
			"to": [19.85, 2.79036, 25.90531],
			"rotation": {"angle": 0, "axis": "x", "origin": [20.1, 2, 23]},
			"faces": {
				"north": {"uv": [2, 4, 4, 6], "texture": "#15"},
				"east": {"uv": [2, 4, 4, 6], "rotation": 90, "texture": "#15"},
				"south": {"uv": [2, 4, 4, 6], "rotation": 180, "texture": "#15"},
				"west": {"uv": [2, 4, 4, 6], "rotation": 270, "texture": "#15"},
				"up": {"uv": [4, 6, 2, 4], "rotation": 180, "texture": "#15"},
				"down": {"uv": [4, 6, 2, 4], "texture": "#15"}
			}
		},
		{
			"from": [14.6, -0.91924, 22.28934],
			"to": [19.85, 2.08076, 23.58934],
			"rotation": {"angle": -22.5, "axis": "x", "origin": [20.1, 2, 23]},
			"faces": {
				"north": {"uv": [4, 4, 2, 6], "texture": "#15"},
				"east": {"uv": [4, 4, 2, 6], "texture": "#15"},
				"south": {"uv": [4, 4, 2, 6], "texture": "#15"},
				"west": {"uv": [4, 4, 2, 6], "texture": "#15"},
				"up": {"uv": [4, 4, 2, 6], "texture": "#15"},
				"down": {"uv": [4, 4, 2, 6], "texture": "#15"}
			}
		}
	],
	"display": {
		"thirdperson_righthand": {
			"rotation": [90, 0, 0],
			"translation": [-6.08, 0.2, 0.8],
			"scale": [1.3, 1.3, 1.3]
		},
		"thirdperson_lefthand": {
			"rotation": [90, 0, 0],
			"translation": [-5.75, 0.75, 12.5],
			"scale": [1.5, 1.5, 1.5]
		},
		"head": {
			"translation": [0, -23, -4.5],
			"scale": [2, 2, 2]
		}
	},
	"groups": [
		{
			"name": "tire",
			"origin": [8, 8, 8],
			"color": 0,
			"nbt": "{}",
			"children": [0, 1, 2, 3, 4, 5, 6, 7, 8, 9, 10, 11, 12, 13, 14, 15, 16, 17, 18, 19, 20, 21, 22, 23, 24, 25, 26, 27, 28, 29, 30, 31, 32, 33, 34, 35, 36, 37, 38, 39, 40, 41, 42, 43]
		},
		{
			"name": "tire",
			"origin": [8, 8, 8],
			"color": 0,
			"nbt": "{}",
			"children": [44, 45, 46, 47, 48, 49, 50, 51, 52, 53, 54, 55, 56, 57, 58, 59, 60, 61, 62, 63, 64, 65, 66, 67, 68, 69, 70, 71, 72, 73, 74, 75, 76, 77, 78, 79, 80, 81, 82, 83, 84, 85, 86, 87]
		},
		{
			"name": "tire",
			"origin": [8, 8, 8],
			"color": 0,
			"nbt": "{}",
			"children": [
				88,
				89,
				90,
				91,
				92,
				93,
				94,
				95,
				96,
				97,
				98,
				99,
				100,
				101,
				102,
				103,
				104,
				105,
				106,
				107,
				108,
				109,
				110,
				111,
				112,
				113,
				114,
				115,
				116,
				117,
				118,
				119,
				120,
				121,
				122,
				123,
				124,
				125,
				126,
				127,
				128,
				129,
				130,
				131,
				132,
				133,
				134,
				135
			]
		},
		{
			"name": "tire",
			"origin": [8, 8, 8],
			"color": 0,
			"nbt": "{}",
			"children": [
				136,
				137,
				138,
				139,
				140,
				141,
				142,
				143,
				144,
				145,
				146,
				147,
				148,
				149,
				150,
				151,
				152,
				153,
				154,
				155,
				156,
				157,
				158,
				159,
				160,
				161,
				162,
				163,
				164,
				165,
				166,
				167,
				168,
				169,
				170,
				171,
				172,
				173,
				174,
				175,
				176,
				177,
				178,
				179,
				180,
				181,
				182,
				183
			]
		}
	]
}