{
	"credit": "Made with Blockbench",
	"textures": {
		"0": "block/coal_block1",
		"15": "block/iron_door_bottom1",
		"particle": "block/coal_block1"
	},
	"elements": [
		{
			"from": [-4.1, -0.03553, -9.7929],
			"to": [0.9, 3.96447, -7.7929],
			"rotation": {"angle": -22.5, "axis": "x", "origin": [-4.1, 2, -5]},
			"faces": {
				"north": {"uv": [0, 4, 7, 8], "rotation": 180, "texture": "#0"},
				"east": {"uv": [0, 2, 4, 4], "rotation": 90, "texture": "#0"},
				"south": {"uv": [0, 4, 7, 8], "texture": "#0"},
				"west": {"uv": [0, 2, 4, 4], "rotation": 270, "texture": "#0"},
				"up": {"uv": [0, 2, 7, 4], "texture": "#0"},
				"down": {"uv": [0, 2, 7, 4], "rotation": 180, "texture": "#0"}
			}
		},
		{
			"from": [-4.075, 0, -2.15],
			"to": [0.875, 4, -2],
			"rotation": {"angle": 22.5, "axis": "x", "origin": [-4.1, 2, -5]},
			"faces": {
				"north": {"uv": [1, 2, 1.95, 3], "rotation": 180, "texture": "#15"},
				"east": {"uv": [1, 2, 1.95, 3], "rotation": 90, "texture": "#15"},
				"south": {"uv": [1, 2, 1.95, 3], "texture": "#15"},
				"west": {"uv": [1, 2, 1.95, 3], "rotation": 270, "texture": "#15"},
				"up": {"uv": [1, 2, 1.95, 3], "texture": "#15"},
				"down": {"uv": [1, 2, 1.95, 3], "rotation": 180, "texture": "#15"}
			}
		},
		{
			"from": [-4.075, 0, -2],
			"to": [0.875, 4, 0],
			"rotation": {"angle": 22.5, "axis": "x", "origin": [-4.1, 2, -5]},
			"faces": {
				"north": {"uv": [0, 0, 6.95, 4], "rotation": 180, "texture": "#0"},
				"east": {"uv": [0, 0, 4, 2], "rotation": 90, "texture": "#0"},
				"south": {"uv": [0, 0, 6.95, 4], "texture": "#0"},
				"west": {"uv": [0, 0, 4, 2], "rotation": 270, "texture": "#0"},
				"up": {"uv": [0, 0, 6.95, 2], "texture": "#0"},
				"down": {"uv": [0, 0, 6.95, 2], "rotation": 180, "texture": "#0"}
			}
		},
		{
			"from": [-4.05, -2.82843, -6.82843],
			"to": [0.825, -0.82843, -2.82843],
			"rotation": {"angle": 22.5, "axis": "x", "origin": [-4.1, 2, -5]},
			"faces": {
				"north": {"uv": [0, 0, 6.875, 2], "texture": "#0"},
				"east": {"uv": [0, 0, 4, 2], "texture": "#0"},
				"south": {"uv": [0, 0, 6.875, 2], "texture": "#0"},
				"west": {"uv": [0, 0, 4, 2], "texture": "#0"},
				"up": {"uv": [0, 0, 6.875, 4], "texture": "#0"},
				"down": {"uv": [0, 0, 6.875, 4], "texture": "#0"}
			}
		},
		{
			"from": [-4.075, -0.90343, -6.82843],
			"to": [0.875, -0.80343, -2.82843],
			"rotation": {"angle": 22.5, "axis": "x", "origin": [-4.1, 2, -5]},
			"faces": {
				"north": {"uv": [2, 2, 2.95, 3], "rotation": 180, "texture": "#15"},
				"east": {"uv": [2, 2, 2.95, 3], "rotation": 90, "texture": "#15"},
				"south": {"uv": [2, 2, 2.95, 3], "texture": "#15"},
				"west": {"uv": [2, 2, 2.95, 3], "rotation": 270, "texture": "#15"},
				"up": {"uv": [2, 2, 2.95, 3], "texture": "#15"},
				"down": {"uv": [2, 2, 2.95, 3], "rotation": 180, "texture": "#15"}
			}
		},
		{
			"from": [-4.075, 4.77157, -6.82843],
			"to": [0.875, 4.87157, -2.82843],
			"rotation": {"angle": 22.5, "axis": "x", "origin": [-4.1, 2, -5]},
			"faces": {
				"north": {"uv": [2, 2, 2.95, 3], "rotation": 180, "texture": "#15"},
				"east": {"uv": [2, 2, 2.95, 3], "rotation": 90, "texture": "#15"},
				"south": {"uv": [2, 2, 2.95, 3], "texture": "#15"},
				"west": {"uv": [2, 2, 2.95, 3], "rotation": 270, "texture": "#15"},
				"up": {"uv": [2, 2, 2.95, 3], "texture": "#15"},
				"down": {"uv": [2, 2, 2.95, 3], "rotation": 180, "texture": "#15"}
			}
		},
		{
			"from": [-4.075, 4.88909, -6.88909],
			"to": [0.85, 6.88909, -2.88909],
			"rotation": {"angle": 22.5, "axis": "x", "origin": [-4.1, 2, -5]},
			"faces": {
				"north": {"uv": [0, 0, 6.925, 2], "texture": "#0"},
				"east": {"uv": [0, 0, 4, 2], "texture": "#0"},
				"south": {"uv": [0, 0, 6.925, 2], "texture": "#0"},
				"west": {"uv": [0, 0, 4, 2], "texture": "#0"},
				"up": {"uv": [0, 0, 6.925, 4], "texture": "#0"},
				"down": {"uv": [0, 0, 6.925, 4], "texture": "#0"}
			}
		},
		{
			"from": [-4.1, -2.94975, -6.87867],
			"to": [0.9, -0.94975, -2.87867],
			"rotation": {"angle": -22.5, "axis": "x", "origin": [-4.1, 2, -5]},
			"faces": {
				"north": {"uv": [0, 0, 7, 2], "texture": "#0"},
				"east": {"uv": [0, 0, 4, 2], "texture": "#0"},
				"south": {"uv": [0, 0, 7, 2], "texture": "#0"},
				"west": {"uv": [0, 0, 4, 2], "texture": "#0"},
				"up": {"uv": [0, 0, 7, 4], "texture": "#0"},
				"down": {"uv": [0, 0, 7, 4], "texture": "#0"}
			}
		},
		{
			"from": [-4.1, -0.94975, -6.12868],
			"to": [0.9, -0.79975, -3.67868],
			"rotation": {"angle": -22.5, "axis": "x", "origin": [-4.1, 2, -5]},
			"faces": {
				"north": {"uv": [1, 3, 1, 4], "texture": "#15"},
				"east": {"uv": [1, 3, 1, 4], "texture": "#15"},
				"south": {"uv": [1, 3, 1, 4], "texture": "#15"},
				"west": {"uv": [1, 3, 1, 4], "texture": "#15"},
				"up": {"uv": [1, 3, 1, 4], "texture": "#15"},
				"down": {"uv": [1, 3, 1, 4], "texture": "#15"}
			}
		},
		{
			"from": [-4.1, 0.67868, -2.20025],
			"to": [0.9, 3.12868, -2.05025],
			"rotation": {"angle": -22.5, "axis": "x", "origin": [-4.1, 2, -5]},
			"faces": {
				"north": {"uv": [1, 4, 1, 3], "rotation": 180, "texture": "#15"},
				"east": {"uv": [1, 3, 1, 4], "rotation": 90, "texture": "#15"},
				"south": {"uv": [1, 4, 1, 3], "texture": "#15"},
				"west": {"uv": [1, 3, 1, 4], "rotation": 270, "texture": "#15"},
				"up": {"uv": [1, 3, 1, 4], "texture": "#15"},
				"down": {"uv": [1, 3, 1, 4], "rotation": 180, "texture": "#15"}
			}
		},
		{
			"from": [-4.075, 0, -7.8],
			"to": [0.875, 4, -7.65],
			"rotation": {"angle": 22.5, "axis": "x", "origin": [-4.1, 2, -5]},
			"faces": {
				"north": {"uv": [1, 3, 1.95, 2], "rotation": 180, "texture": "#15"},
				"east": {"uv": [1, 3, 1.95, 2], "rotation": 90, "texture": "#15"},
				"south": {"uv": [1, 3, 1.95, 2], "texture": "#15"},
				"west": {"uv": [1, 3, 1.95, 2], "rotation": 270, "texture": "#15"},
				"up": {"uv": [1, 3, 1.95, 2], "texture": "#15"},
				"down": {"uv": [1, 3, 1.95, 2], "rotation": 180, "texture": "#15"}
			}
		},
		{
			"from": [-4.1, 0.7299, -7.80833],
			"to": [0.9, 3.1799, -7.65833],
			"rotation": {"angle": -22.5, "axis": "x", "origin": [-4.1, 2, -5]},
			"faces": {
				"north": {"uv": [1, 4, 1, 3], "rotation": 180, "texture": "#15"},
				"east": {"uv": [1, 4, 1, 3], "rotation": 90, "texture": "#15"},
				"south": {"uv": [1, 4, 1, 3], "texture": "#15"},
				"west": {"uv": [1, 4, 1, 3], "rotation": 270, "texture": "#15"},
				"up": {"uv": [1, 4, 1, 3], "texture": "#15"},
				"down": {"uv": [1, 4, 1, 3], "rotation": 180, "texture": "#15"}
			}
		},
		{
			"from": [-4.1, 4.65833, -6.1799],
			"to": [0.9, 4.80833, -3.7299],
			"rotation": {"angle": -22.5, "axis": "x", "origin": [-4.1, 2, -5]},
			"faces": {
				"north": {"uv": [1, 4, 1, 3], "texture": "#15"},
				"east": {"uv": [1, 4, 1, 3], "texture": "#15"},
				"south": {"uv": [1, 4, 1, 3], "texture": "#15"},
				"west": {"uv": [1, 4, 1, 3], "texture": "#15"},
				"up": {"uv": [1, 3, 1, 4], "texture": "#15"},
				"down": {"uv": [1, 3, 1, 4], "texture": "#15"}
			}
		},
		{
			"from": [-4.1, -0.03553, -2.05025],
			"to": [0.9, 3.96447, -0.05025],
			"rotation": {"angle": -22.5, "axis": "x", "origin": [-4.1, 2, -5]},
			"faces": {
				"north": {"uv": [0, 0, 7, 4], "rotation": 180, "texture": "#0"},
				"east": {"uv": [0, 0, 4, 2], "rotation": 90, "texture": "#0"},
				"south": {"uv": [0, 0, 7, 4], "texture": "#0"},
				"west": {"uv": [0, 0, 4, 2], "rotation": 270, "texture": "#0"},
				"up": {"uv": [0, 0, 7, 2], "texture": "#0"},
				"down": {"uv": [0, 0, 7, 2], "rotation": 180, "texture": "#0"}
			}
		},
		{
			"from": [-4.075, 0, -9.77817],
			"to": [0.875, 4, -7.77817],
			"rotation": {"angle": 22.5, "axis": "x", "origin": [-4.1, 2, -5]},
			"faces": {
				"north": {"uv": [0, 4, 6.95, 8], "rotation": 180, "texture": "#0"},
				"east": {"uv": [0, 2, 4, 4], "rotation": 90, "texture": "#0"},
				"south": {"uv": [0, 4, 6.95, 8], "texture": "#0"},
				"west": {"uv": [0, 2, 4, 4], "rotation": 270, "texture": "#0"},
				"up": {"uv": [0, 2, 6.95, 4], "texture": "#0"},
				"down": {"uv": [0, 2, 6.95, 4], "rotation": 180, "texture": "#0"}
			}
		},
		{
			"from": [-4.1, 4.79289, -6.87868],
			"to": [0.9, 6.79289, -2.87868],
			"rotation": {"angle": -22.5, "axis": "x", "origin": [-4.1, 2, -5]},
			"faces": {
				"north": {"uv": [0, 2, 7, 4], "texture": "#0"},
				"east": {"uv": [0, 2, 4, 4], "texture": "#0"},
				"south": {"uv": [0, 2, 7, 4], "texture": "#0"},
				"west": {"uv": [0, 2, 4, 4], "texture": "#0"},
				"up": {"uv": [0, 4, 7, 8], "texture": "#0"},
				"down": {"uv": [0, 4, 7, 8], "texture": "#0"}
			}
		},
		{
			"from": [-4.1, 0.93934, -6.06066],
			"to": [0.9, 2.93934, -4.06066],
			"rotation": {"angle": -22.5, "axis": "x", "origin": [-4.1, 2, -5]},
			"faces": {
				"north": {"uv": [2, 4, 4, 6], "texture": "#15"},
				"east": {"uv": [2, 4, 4, 6], "texture": "#15"},
				"south": {"uv": [2, 4, 4, 6], "texture": "#15"},
				"west": {"uv": [2, 4, 4, 6], "texture": "#15"},
				"up": {"uv": [2, 4, 4, 6], "texture": "#15"},
				"down": {"uv": [2, 4, 4, 6], "texture": "#15"}
			}
		},
		{
			"from": [-3.85, 1.25, -8],
			"to": [0.4, 2.55, -5],
			"rotation": {"angle": 22.5, "axis": "x", "origin": [-4.1, 2, -5]},
			"faces": {
				"north": {"uv": [2, 4, 4, 6], "rotation": 180, "texture": "#15"},
				"east": {"uv": [2, 4, 4, 6], "rotation": 90, "texture": "#15"},
				"south": {"uv": [2, 4, 4, 6], "texture": "#15"},
				"west": {"uv": [2, 4, 4, 6], "rotation": 270, "texture": "#15"},
				"up": {"uv": [2, 4, 4, 6], "texture": "#15"},
				"down": {"uv": [2, 4, 4, 6], "rotation": 180, "texture": "#15"}
			}
		},
		{
			"from": [-3.85, -1.06066, -5.71066],
			"to": [0.4, 1.93934, -4.41066],
			"rotation": {"angle": -22.5, "axis": "x", "origin": [-4.1, 2, -5]},
			"faces": {
				"north": {"uv": [2, 4, 4, 6], "texture": "#15"},
				"east": {"uv": [2, 4, 4, 6], "texture": "#15"},
				"south": {"uv": [2, 4, 4, 6], "texture": "#15"},
				"west": {"uv": [2, 4, 4, 6], "texture": "#15"},
				"up": {"uv": [2, 4, 4, 6], "texture": "#15"},
				"down": {"uv": [2, 4, 4, 6], "texture": "#15"}
			}
		},
		{
			"from": [-3.85, 1.38484, -8.94399],
			"to": [0.4, 2.68484, -5.94399],
			"rotation": {"angle": -45, "axis": "x", "origin": [-4.1, 2, -5]},
			"faces": {
				"north": {"uv": [2, 4, 4, 6], "rotation": 180, "texture": "#15"},
				"east": {"uv": [2, 4, 4, 6], "rotation": 270, "texture": "#15"},
				"south": {"uv": [2, 4, 4, 6], "texture": "#15"},
				"west": {"uv": [2, 4, 4, 6], "rotation": 90, "texture": "#15"},
				"up": {"uv": [2, 4, 4, 6], "rotation": 180, "texture": "#15"},
				"down": {"uv": [2, 4, 4, 6], "texture": "#15"}
			}
		},
		{
			"from": [-3.85, 1.90531, -5.79036],
			"to": [0.4, 4.90531, -4.49036],
			"rotation": {"angle": 0, "axis": "x", "origin": [-4.1, 2, -5]},
			"faces": {
				"north": {"uv": [2, 6, 4, 4], "texture": "#15"},
				"east": {"uv": [2, 6, 4, 4], "texture": "#15"},
				"south": {"uv": [2, 6, 4, 4], "texture": "#15"},
				"west": {"uv": [2, 6, 4, 4], "texture": "#15"},
				"up": {"uv": [4, 4, 2, 6], "rotation": 180, "texture": "#15"},
				"down": {"uv": [4, 4, 2, 6], "rotation": 180, "texture": "#15"}
			}
		},
		{
			"from": [-3.85, 1.28934, -5.08076],
			"to": [0.4, 2.58934, -2.08076],
			"rotation": {"angle": -22.5, "axis": "x", "origin": [-4.1, 2, -5]},
			"faces": {
				"north": {"uv": [2, 4, 4, 6], "rotation": 180, "texture": "#15"},
				"east": {"uv": [2, 4, 4, 6], "rotation": 90, "texture": "#15"},
				"south": {"uv": [2, 4, 4, 6], "texture": "#15"},
				"west": {"uv": [2, 4, 4, 6], "rotation": 270, "texture": "#15"},
				"up": {"uv": [2, 4, 4, 6], "texture": "#15"},
				"down": {"uv": [2, 4, 4, 6], "rotation": 180, "texture": "#15"}
			}
		},
		{
			"from": [-4.1, -0.03553, -9.7929],
			"to": [0.9, 3.96447, -7.7929],
			"rotation": {"angle": -22.5, "axis": "x", "origin": [-4.1, 2, -5]},
			"faces": {
				"north": {"uv": [0, 4, 7, 8], "rotation": 180, "texture": "#0"},
				"east": {"uv": [0, 2, 4, 4], "rotation": 90, "texture": "#0"},
				"south": {"uv": [0, 4, 7, 8], "texture": "#0"},
				"west": {"uv": [0, 2, 4, 4], "rotation": 270, "texture": "#0"},
				"up": {"uv": [0, 2, 7, 4], "texture": "#0"},
				"down": {"uv": [0, 2, 7, 4], "rotation": 180, "texture": "#0"}
			}
		},
		{
			"from": [-4.075, 0, -2.15],
			"to": [0.875, 4, -2],
			"rotation": {"angle": 22.5, "axis": "x", "origin": [-4.1, 2, -5]},
			"faces": {
				"north": {"uv": [1, 2, 1.95, 3], "rotation": 180, "texture": "#15"},
				"east": {"uv": [1, 2, 1.95, 3], "rotation": 90, "texture": "#15"},
				"south": {"uv": [1, 2, 1.95, 3], "texture": "#15"},
				"west": {"uv": [1, 2, 1.95, 3], "rotation": 270, "texture": "#15"},
				"up": {"uv": [1, 2, 1.95, 3], "texture": "#15"},
				"down": {"uv": [1, 2, 1.95, 3], "rotation": 180, "texture": "#15"}
			}
		},
		{
			"from": [-4.075, 0, -2],
			"to": [0.875, 4, 0],
			"rotation": {"angle": 22.5, "axis": "x", "origin": [-4.1, 2, -5]},
			"faces": {
				"north": {"uv": [0, 0, 6.95, 4], "rotation": 180, "texture": "#0"},
				"east": {"uv": [0, 0, 4, 2], "rotation": 90, "texture": "#0"},
				"south": {"uv": [0, 0, 6.95, 4], "texture": "#0"},
				"west": {"uv": [0, 0, 4, 2], "rotation": 270, "texture": "#0"},
				"up": {"uv": [0, 0, 6.95, 2], "texture": "#0"},
				"down": {"uv": [0, 0, 6.95, 2], "rotation": 180, "texture": "#0"}
			}
		},
		{
			"from": [-4.05, -2.82843, -6.82843],
			"to": [0.825, -0.82843, -2.82843],
			"rotation": {"angle": 22.5, "axis": "x", "origin": [-4.1, 2, -5]},
			"faces": {
				"north": {"uv": [0, 0, 6.875, 2], "texture": "#0"},
				"east": {"uv": [0, 0, 4, 2], "texture": "#0"},
				"south": {"uv": [0, 0, 6.875, 2], "texture": "#0"},
				"west": {"uv": [0, 0, 4, 2], "texture": "#0"},
				"up": {"uv": [0, 0, 6.875, 4], "texture": "#0"},
				"down": {"uv": [0, 0, 6.875, 4], "texture": "#0"}
			}
		},
		{
			"from": [-4.075, -0.90343, -6.82843],
			"to": [0.875, -0.80343, -2.82843],
			"rotation": {"angle": 22.5, "axis": "x", "origin": [-4.1, 2, -5]},
			"faces": {
				"north": {"uv": [2, 2, 2.95, 3], "rotation": 180, "texture": "#15"},
				"east": {"uv": [2, 2, 2.95, 3], "rotation": 90, "texture": "#15"},
				"south": {"uv": [2, 2, 2.95, 3], "texture": "#15"},
				"west": {"uv": [2, 2, 2.95, 3], "rotation": 270, "texture": "#15"},
				"up": {"uv": [2, 2, 2.95, 3], "texture": "#15"},
				"down": {"uv": [2, 2, 2.95, 3], "rotation": 180, "texture": "#15"}
			}
		},
		{
			"from": [-4.075, 4.77157, -6.82843],
			"to": [0.875, 4.87157, -2.82843],
			"rotation": {"angle": 22.5, "axis": "x", "origin": [-4.1, 2, -5]},
			"faces": {
				"north": {"uv": [2, 2, 2.95, 3], "rotation": 180, "texture": "#15"},
				"east": {"uv": [2, 2, 2.95, 3], "rotation": 90, "texture": "#15"},
				"south": {"uv": [2, 2, 2.95, 3], "texture": "#15"},
				"west": {"uv": [2, 2, 2.95, 3], "rotation": 270, "texture": "#15"},
				"up": {"uv": [2, 2, 2.95, 3], "texture": "#15"},
				"down": {"uv": [2, 2, 2.95, 3], "rotation": 180, "texture": "#15"}
			}
		},
		{
			"from": [-4.075, 4.88909, -6.88909],
			"to": [0.85, 6.88909, -2.88909],
			"rotation": {"angle": 22.5, "axis": "x", "origin": [-4.1, 2, -5]},
			"faces": {
				"north": {"uv": [0, 0, 6.925, 2], "texture": "#0"},
				"east": {"uv": [0, 0, 4, 2], "texture": "#0"},
				"south": {"uv": [0, 0, 6.925, 2], "texture": "#0"},
				"west": {"uv": [0, 0, 4, 2], "texture": "#0"},
				"up": {"uv": [0, 0, 6.925, 4], "texture": "#0"},
				"down": {"uv": [0, 0, 6.925, 4], "texture": "#0"}
			}
		},
		{
			"from": [-4.1, -2.94975, -6.87867],
			"to": [0.9, -0.94975, -2.87867],
			"rotation": {"angle": -22.5, "axis": "x", "origin": [-4.1, 2, -5]},
			"faces": {
				"north": {"uv": [0, 0, 7, 2], "texture": "#0"},
				"east": {"uv": [0, 0, 4, 2], "texture": "#0"},
				"south": {"uv": [0, 0, 7, 2], "texture": "#0"},
				"west": {"uv": [0, 0, 4, 2], "texture": "#0"},
				"up": {"uv": [0, 0, 7, 4], "texture": "#0"},
				"down": {"uv": [0, 0, 7, 4], "texture": "#0"}
			}
		},
		{
			"from": [-4.1, -0.94975, -6.12868],
			"to": [0.9, -0.79975, -3.67868],
			"rotation": {"angle": -22.5, "axis": "x", "origin": [-4.1, 2, -5]},
			"faces": {
				"north": {"uv": [1, 3, 1, 4], "texture": "#15"},
				"east": {"uv": [1, 3, 1, 4], "texture": "#15"},
				"south": {"uv": [1, 3, 1, 4], "texture": "#15"},
				"west": {"uv": [1, 3, 1, 4], "texture": "#15"},
				"up": {"uv": [1, 3, 1, 4], "texture": "#15"},
				"down": {"uv": [1, 3, 1, 4], "texture": "#15"}
			}
		},
		{
			"from": [-4.1, 0.67868, -2.20025],
			"to": [0.9, 3.12868, -2.05025],
			"rotation": {"angle": -22.5, "axis": "x", "origin": [-4.1, 2, -5]},
			"faces": {
				"north": {"uv": [1, 4, 1, 3], "rotation": 180, "texture": "#15"},
				"east": {"uv": [1, 3, 1, 4], "rotation": 90, "texture": "#15"},
				"south": {"uv": [1, 4, 1, 3], "texture": "#15"},
				"west": {"uv": [1, 3, 1, 4], "rotation": 270, "texture": "#15"},
				"up": {"uv": [1, 3, 1, 4], "texture": "#15"},
				"down": {"uv": [1, 3, 1, 4], "rotation": 180, "texture": "#15"}
			}
		},
		{
			"from": [-4.075, 0, -7.8],
			"to": [0.875, 4, -7.65],
			"rotation": {"angle": 22.5, "axis": "x", "origin": [-4.1, 2, -5]},
			"faces": {
				"north": {"uv": [1, 3, 1.95, 2], "rotation": 180, "texture": "#15"},
				"east": {"uv": [1, 3, 1.95, 2], "rotation": 90, "texture": "#15"},
				"south": {"uv": [1, 3, 1.95, 2], "texture": "#15"},
				"west": {"uv": [1, 3, 1.95, 2], "rotation": 270, "texture": "#15"},
				"up": {"uv": [1, 3, 1.95, 2], "texture": "#15"},
				"down": {"uv": [1, 3, 1.95, 2], "rotation": 180, "texture": "#15"}
			}
		},
		{
			"from": [-4.1, 0.7299, -7.80833],
			"to": [0.9, 3.1799, -7.65833],
			"rotation": {"angle": -22.5, "axis": "x", "origin": [-4.1, 2, -5]},
			"faces": {
				"north": {"uv": [1, 4, 1, 3], "rotation": 180, "texture": "#15"},
				"east": {"uv": [1, 4, 1, 3], "rotation": 90, "texture": "#15"},
				"south": {"uv": [1, 4, 1, 3], "texture": "#15"},
				"west": {"uv": [1, 4, 1, 3], "rotation": 270, "texture": "#15"},
				"up": {"uv": [1, 4, 1, 3], "texture": "#15"},
				"down": {"uv": [1, 4, 1, 3], "rotation": 180, "texture": "#15"}
			}
		},
		{
			"from": [-4.1, 4.65833, -6.1799],
			"to": [0.9, 4.80833, -3.7299],
			"rotation": {"angle": -22.5, "axis": "x", "origin": [-4.1, 2, -5]},
			"faces": {
				"north": {"uv": [1, 4, 1, 3], "texture": "#15"},
				"east": {"uv": [1, 4, 1, 3], "texture": "#15"},
				"south": {"uv": [1, 4, 1, 3], "texture": "#15"},
				"west": {"uv": [1, 4, 1, 3], "texture": "#15"},
				"up": {"uv": [1, 3, 1, 4], "texture": "#15"},
				"down": {"uv": [1, 3, 1, 4], "texture": "#15"}
			}
		},
		{
			"from": [-4.1, -0.03553, -2.05025],
			"to": [0.9, 3.96447, -0.05025],
			"rotation": {"angle": -22.5, "axis": "x", "origin": [-4.1, 2, -5]},
			"faces": {
				"north": {"uv": [0, 0, 7, 4], "rotation": 180, "texture": "#0"},
				"east": {"uv": [0, 0, 4, 2], "rotation": 90, "texture": "#0"},
				"south": {"uv": [0, 0, 7, 4], "texture": "#0"},
				"west": {"uv": [0, 0, 4, 2], "rotation": 270, "texture": "#0"},
				"up": {"uv": [0, 0, 7, 2], "texture": "#0"},
				"down": {"uv": [0, 0, 7, 2], "rotation": 180, "texture": "#0"}
			}
		},
		{
			"from": [-4.075, 0, -9.77817],
			"to": [0.875, 4, -7.77817],
			"rotation": {"angle": 22.5, "axis": "x", "origin": [-4.1, 2, -5]},
			"faces": {
				"north": {"uv": [0, 4, 6.95, 8], "rotation": 180, "texture": "#0"},
				"east": {"uv": [0, 2, 4, 4], "rotation": 90, "texture": "#0"},
				"south": {"uv": [0, 4, 6.95, 8], "texture": "#0"},
				"west": {"uv": [0, 2, 4, 4], "rotation": 270, "texture": "#0"},
				"up": {"uv": [0, 2, 6.95, 4], "texture": "#0"},
				"down": {"uv": [0, 2, 6.95, 4], "rotation": 180, "texture": "#0"}
			}
		},
		{
			"from": [-4.1, 4.79289, -6.87868],
			"to": [0.9, 6.79289, -2.87868],
			"rotation": {"angle": -22.5, "axis": "x", "origin": [-4.1, 2, -5]},
			"faces": {
				"north": {"uv": [0, 2, 7, 4], "texture": "#0"},
				"east": {"uv": [0, 2, 4, 4], "texture": "#0"},
				"south": {"uv": [0, 2, 7, 4], "texture": "#0"},
				"west": {"uv": [0, 2, 4, 4], "texture": "#0"},
				"up": {"uv": [0, 4, 7, 8], "texture": "#0"},
				"down": {"uv": [0, 4, 7, 8], "texture": "#0"}
			}
		},
		{
			"from": [-4.1, 0.93934, -6.06066],
			"to": [0.9, 2.93934, -4.06066],
			"rotation": {"angle": -22.5, "axis": "x", "origin": [-4.1, 2, -5]},
			"faces": {
				"north": {"uv": [2, 4, 4, 6], "texture": "#15"},
				"east": {"uv": [2, 4, 4, 6], "texture": "#15"},
				"south": {"uv": [2, 4, 4, 6], "texture": "#15"},
				"west": {"uv": [2, 4, 4, 6], "texture": "#15"},
				"up": {"uv": [2, 4, 4, 6], "texture": "#15"},
				"down": {"uv": [2, 4, 4, 6], "texture": "#15"}
			}
		},
		{
			"from": [-3.85, 1.25, -8],
			"to": [0.4, 2.55, -5],
			"rotation": {"angle": 22.5, "axis": "x", "origin": [-4.1, 2, -5]},
			"faces": {
				"north": {"uv": [2, 4, 4, 6], "rotation": 180, "texture": "#15"},
				"east": {"uv": [2, 4, 4, 6], "rotation": 90, "texture": "#15"},
				"south": {"uv": [2, 4, 4, 6], "texture": "#15"},
				"west": {"uv": [2, 4, 4, 6], "rotation": 270, "texture": "#15"},
				"up": {"uv": [2, 4, 4, 6], "texture": "#15"},
				"down": {"uv": [2, 4, 4, 6], "rotation": 180, "texture": "#15"}
			}
		},
		{
			"from": [-3.85, -1.06066, -5.71066],
			"to": [0.4, 1.93934, -4.41066],
			"rotation": {"angle": -22.5, "axis": "x", "origin": [-4.1, 2, -5]},
			"faces": {
				"north": {"uv": [2, 4, 4, 6], "texture": "#15"},
				"east": {"uv": [2, 4, 4, 6], "texture": "#15"},
				"south": {"uv": [2, 4, 4, 6], "texture": "#15"},
				"west": {"uv": [2, 4, 4, 6], "texture": "#15"},
				"up": {"uv": [2, 4, 4, 6], "texture": "#15"},
				"down": {"uv": [2, 4, 4, 6], "texture": "#15"}
			}
		},
		{
			"from": [-3.85, 1.38484, -8.94399],
			"to": [0.4, 2.68484, -5.94399],
			"rotation": {"angle": -45, "axis": "x", "origin": [-4.1, 2, -5]},
			"faces": {
				"north": {"uv": [2, 4, 4, 6], "rotation": 180, "texture": "#15"},
				"east": {"uv": [2, 4, 4, 6], "rotation": 270, "texture": "#15"},
				"south": {"uv": [2, 4, 4, 6], "texture": "#15"},
				"west": {"uv": [2, 4, 4, 6], "rotation": 90, "texture": "#15"},
				"up": {"uv": [2, 4, 4, 6], "rotation": 180, "texture": "#15"},
				"down": {"uv": [2, 4, 4, 6], "texture": "#15"}
			}
		},
		{
			"from": [-3.85, 1.90531, -5.79036],
			"to": [0.4, 4.90531, -4.49036],
			"rotation": {"angle": 0, "axis": "x", "origin": [-4.1, 2, -5]},
			"faces": {
				"north": {"uv": [2, 6, 4, 4], "texture": "#15"},
				"east": {"uv": [2, 6, 4, 4], "texture": "#15"},
				"south": {"uv": [2, 6, 4, 4], "texture": "#15"},
				"west": {"uv": [2, 6, 4, 4], "texture": "#15"},
				"up": {"uv": [4, 4, 2, 6], "rotation": 180, "texture": "#15"},
				"down": {"uv": [4, 4, 2, 6], "rotation": 180, "texture": "#15"}
			}
		},
		{
			"from": [-3.85, 1.28934, -5.08076],
			"to": [0.4, 2.58934, -2.08076],
			"rotation": {"angle": -22.5, "axis": "x", "origin": [-4.1, 2, -5]},
			"faces": {
				"north": {"uv": [2, 4, 4, 6], "rotation": 180, "texture": "#15"},
				"east": {"uv": [2, 4, 4, 6], "rotation": 90, "texture": "#15"},
				"south": {"uv": [2, 4, 4, 6], "texture": "#15"},
				"west": {"uv": [2, 4, 4, 6], "rotation": 270, "texture": "#15"},
				"up": {"uv": [2, 4, 4, 6], "texture": "#15"},
				"down": {"uv": [2, 4, 4, 6], "rotation": 180, "texture": "#15"}
			}
		},
		{
			"from": [15.1, -0.03553, -9.7929],
			"to": [20.1, 3.96447, -7.7929],
			"rotation": {"angle": -22.5, "axis": "x", "origin": [20.1, 2, -5]},
			"faces": {
				"north": {"uv": [7, 4, 0, 8], "rotation": 180, "texture": "#0"},
				"east": {"uv": [4, 2, 0, 4], "rotation": 90, "texture": "#0"},
				"south": {"uv": [7, 4, 0, 8], "texture": "#0"},
				"west": {"uv": [4, 2, 0, 4], "rotation": 270, "texture": "#0"},
				"up": {"uv": [7, 2, 0, 4], "texture": "#0"},
				"down": {"uv": [7, 2, 0, 4], "rotation": 180, "texture": "#0"}
			}
		},
		{
			"from": [15.125, 0, -2.15],
			"to": [20.075, 4, -2],
			"rotation": {"angle": 22.5, "axis": "x", "origin": [20.1, 2, -5]},
			"faces": {
				"north": {"uv": [1.95, 2, 1, 3], "rotation": 180, "texture": "#15"},
				"east": {"uv": [1.95, 2, 1, 3], "rotation": 90, "texture": "#15"},
				"south": {"uv": [1.95, 2, 1, 3], "texture": "#15"},
				"west": {"uv": [1.95, 2, 1, 3], "rotation": 270, "texture": "#15"},
				"up": {"uv": [1.95, 2, 1, 3], "texture": "#15"},
				"down": {"uv": [1.95, 2, 1, 3], "rotation": 180, "texture": "#15"}
			}
		},
		{
			"from": [15.125, 0, -2],
			"to": [20.075, 4, 0],
			"rotation": {"angle": 22.5, "axis": "x", "origin": [20.1, 2, -5]},
			"faces": {
				"north": {"uv": [6.95, 0, 0, 4], "rotation": 180, "texture": "#0"},
				"east": {"uv": [4, 0, 0, 2], "rotation": 90, "texture": "#0"},
				"south": {"uv": [6.95, 0, 0, 4], "texture": "#0"},
				"west": {"uv": [4, 0, 0, 2], "rotation": 270, "texture": "#0"},
				"up": {"uv": [6.95, 0, 0, 2], "texture": "#0"},
				"down": {"uv": [6.95, 0, 0, 2], "rotation": 180, "texture": "#0"}
			}
		},
		{
			"from": [15.175, -2.82843, -6.82843],
			"to": [20.05, -0.82843, -2.82843],
			"rotation": {"angle": 22.5, "axis": "x", "origin": [20.1, 2, -5]},
			"faces": {
				"north": {"uv": [6.875, 0, 0, 2], "texture": "#0"},
				"east": {"uv": [0, 2, 4, 0], "rotation": 180, "texture": "#0"},
				"south": {"uv": [6.875, 0, 0, 2], "texture": "#0"},
				"west": {"uv": [0, 2, 4, 0], "rotation": 180, "texture": "#0"},
				"up": {"uv": [6.875, 0, 0, 4], "texture": "#0"},
				"down": {"uv": [6.875, 0, 0, 4], "texture": "#0"}
			}
		},
		{
			"from": [15.125, -0.90343, -6.82843],
			"to": [20.075, -0.80343, -2.82843],
			"rotation": {"angle": 22.5, "axis": "x", "origin": [20.1, 2, -5]},
			"faces": {
				"north": {"uv": [2.95, 2, 2, 3], "rotation": 180, "texture": "#15"},
				"east": {"uv": [2.95, 2, 2, 3], "rotation": 90, "texture": "#15"},
				"south": {"uv": [2.95, 2, 2, 3], "texture": "#15"},
				"west": {"uv": [2.95, 2, 2, 3], "rotation": 270, "texture": "#15"},
				"up": {"uv": [2.95, 2, 2, 3], "texture": "#15"},
				"down": {"uv": [2.95, 2, 2, 3], "rotation": 180, "texture": "#15"}
			}
		},
		{
			"from": [15.125, 4.77157, -6.82843],
			"to": [20.075, 4.87157, -2.82843],
			"rotation": {"angle": 22.5, "axis": "x", "origin": [20.1, 2, -5]},
			"faces": {
				"north": {"uv": [2.95, 2, 2, 3], "rotation": 180, "texture": "#15"},
				"east": {"uv": [2.95, 2, 2, 3], "rotation": 90, "texture": "#15"},
				"south": {"uv": [2.95, 2, 2, 3], "texture": "#15"},
				"west": {"uv": [2.95, 2, 2, 3], "rotation": 270, "texture": "#15"},
				"up": {"uv": [2.95, 2, 2, 3], "texture": "#15"},
				"down": {"uv": [2.95, 2, 2, 3], "rotation": 180, "texture": "#15"}
			}
		},
		{
			"from": [15.15, 4.88909, -6.88909],
			"to": [20.075, 6.88909, -2.88909],
			"rotation": {"angle": 22.5, "axis": "x", "origin": [20.1, 2, -5]},
			"faces": {
				"north": {"uv": [6.925, 0, 0, 2], "texture": "#0"},
				"east": {"uv": [0, 2, 4, 0], "rotation": 180, "texture": "#0"},
				"south": {"uv": [6.925, 0, 0, 2], "texture": "#0"},
				"west": {"uv": [0, 2, 4, 0], "rotation": 180, "texture": "#0"},
				"up": {"uv": [6.925, 0, 0, 4], "texture": "#0"},
				"down": {"uv": [6.925, 0, 0, 4], "texture": "#0"}
			}
		},
		{
			"from": [15.1, -2.94975, -6.87867],
			"to": [20.1, -0.94975, -2.87867],
			"rotation": {"angle": -22.5, "axis": "x", "origin": [20.1, 2, -5]},
			"faces": {
				"north": {"uv": [7, 0, 0, 2], "texture": "#0"},
				"east": {"uv": [4, 0, 0, 2], "texture": "#0"},
				"south": {"uv": [7, 0, 0, 2], "texture": "#0"},
				"west": {"uv": [4, 0, 0, 2], "texture": "#0"},
				"up": {"uv": [7, 0, 0, 4], "texture": "#0"},
				"down": {"uv": [7, 0, 0, 4], "texture": "#0"}
			}
		},
		{
			"from": [15.1, -0.94975, -6.12868],
			"to": [20.1, -0.79975, -3.67868],
			"rotation": {"angle": -22.5, "axis": "x", "origin": [20.1, 2, -5]},
			"faces": {
				"north": {"uv": [1, 3, 1, 4], "texture": "#15"},
				"east": {"uv": [1, 3, 1, 4], "texture": "#15"},
				"south": {"uv": [1, 3, 1, 4], "texture": "#15"},
				"west": {"uv": [1, 3, 1, 4], "texture": "#15"},
				"up": {"uv": [1, 3, 1, 4], "texture": "#15"},
				"down": {"uv": [1, 3, 1, 4], "texture": "#15"}
			}
		},
		{
			"from": [15.1, 0.67868, -2.20025],
			"to": [20.1, 3.12868, -2.05025],
			"rotation": {"angle": -22.5, "axis": "x", "origin": [20.1, 2, -5]},
			"faces": {
				"north": {"uv": [1, 4, 1, 3], "rotation": 180, "texture": "#15"},
				"east": {"uv": [1, 3, 1, 4], "rotation": 90, "texture": "#15"},
				"south": {"uv": [1, 4, 1, 3], "texture": "#15"},
				"west": {"uv": [1, 3, 1, 4], "rotation": 270, "texture": "#15"},
				"up": {"uv": [1, 3, 1, 4], "texture": "#15"},
				"down": {"uv": [1, 3, 1, 4], "rotation": 180, "texture": "#15"}
			}
		},
		{
			"from": [15.125, 0, -7.8],
			"to": [20.075, 4, -7.65],
			"rotation": {"angle": 22.5, "axis": "x", "origin": [20.1, 2, -5]},
			"faces": {
				"north": {"uv": [1.95, 3, 1, 2], "rotation": 180, "texture": "#15"},
				"east": {"uv": [1.95, 3, 1, 2], "rotation": 90, "texture": "#15"},
				"south": {"uv": [1.95, 3, 1, 2], "texture": "#15"},
				"west": {"uv": [1.95, 3, 1, 2], "rotation": 270, "texture": "#15"},
				"up": {"uv": [1.95, 3, 1, 2], "texture": "#15"},
				"down": {"uv": [1.95, 3, 1, 2], "rotation": 180, "texture": "#15"}
			}
		},
		{
			"from": [15.1, 0.7299, -7.80833],
			"to": [20.1, 3.1799, -7.65833],
			"rotation": {"angle": -22.5, "axis": "x", "origin": [20.1, 2, -5]},
			"faces": {
				"north": {"uv": [1, 4, 1, 3], "rotation": 180, "texture": "#15"},
				"east": {"uv": [1, 4, 1, 3], "rotation": 90, "texture": "#15"},
				"south": {"uv": [1, 4, 1, 3], "texture": "#15"},
				"west": {"uv": [1, 4, 1, 3], "rotation": 270, "texture": "#15"},
				"up": {"uv": [1, 4, 1, 3], "texture": "#15"},
				"down": {"uv": [1, 4, 1, 3], "rotation": 180, "texture": "#15"}
			}
		},
		{
			"from": [15.1, 4.65833, -6.1799],
			"to": [20.1, 4.80833, -3.7299],
			"rotation": {"angle": -22.5, "axis": "x", "origin": [20.1, 2, -5]},
			"faces": {
				"north": {"uv": [1, 4, 1, 3], "texture": "#15"},
				"east": {"uv": [1, 4, 1, 3], "texture": "#15"},
				"south": {"uv": [1, 4, 1, 3], "texture": "#15"},
				"west": {"uv": [1, 4, 1, 3], "texture": "#15"},
				"up": {"uv": [1, 3, 1, 4], "texture": "#15"},
				"down": {"uv": [1, 3, 1, 4], "texture": "#15"}
			}
		},
		{
			"from": [15.1, -0.03553, -2.05025],
			"to": [20.1, 3.96447, -0.05025],
			"rotation": {"angle": -22.5, "axis": "x", "origin": [20.1, 2, -5]},
			"faces": {
				"north": {"uv": [7, 0, 0, 4], "rotation": 180, "texture": "#0"},
				"east": {"uv": [4, 0, 0, 2], "rotation": 90, "texture": "#0"},
				"south": {"uv": [7, 0, 0, 4], "texture": "#0"},
				"west": {"uv": [4, 0, 0, 2], "rotation": 270, "texture": "#0"},
				"up": {"uv": [7, 0, 0, 2], "texture": "#0"},
				"down": {"uv": [7, 0, 0, 2], "rotation": 180, "texture": "#0"}
			}
		},
		{
			"from": [15.125, 0, -9.77817],
			"to": [20.075, 4, -7.77817],
			"rotation": {"angle": 22.5, "axis": "x", "origin": [20.1, 2, -5]},
			"faces": {
				"north": {"uv": [6.95, 4, 0, 8], "rotation": 180, "texture": "#0"},
				"east": {"uv": [4, 2, 0, 4], "rotation": 90, "texture": "#0"},
				"south": {"uv": [6.95, 4, 0, 8], "texture": "#0"},
				"west": {"uv": [4, 2, 0, 4], "rotation": 270, "texture": "#0"},
				"up": {"uv": [6.95, 2, 0, 4], "texture": "#0"},
				"down": {"uv": [6.95, 2, 0, 4], "rotation": 180, "texture": "#0"}
			}
		},
		{
			"from": [15.1, 4.79289, -6.87868],
			"to": [20.1, 6.79289, -2.87868],
			"rotation": {"angle": -22.5, "axis": "x", "origin": [20.1, 2, -5]},
			"faces": {
				"north": {"uv": [7, 2, 0, 4], "texture": "#0"},
				"east": {"uv": [4, 2, 0, 4], "texture": "#0"},
				"south": {"uv": [7, 2, 0, 4], "texture": "#0"},
				"west": {"uv": [4, 2, 0, 4], "texture": "#0"},
				"up": {"uv": [7, 4, 0, 8], "texture": "#0"},
				"down": {"uv": [7, 4, 0, 8], "texture": "#0"}
			}
		},
		{
			"from": [15.1, 0.93934, -6.06066],
			"to": [20.1, 2.93934, -4.06066],
			"rotation": {"angle": -22.5, "axis": "x", "origin": [20.1, 2, -5]},
			"faces": {
				"north": {"uv": [4, 4, 2, 6], "texture": "#15"},
				"east": {"uv": [4, 4, 2, 6], "texture": "#15"},
				"south": {"uv": [4, 4, 2, 6], "texture": "#15"},
				"west": {"uv": [4, 4, 2, 6], "texture": "#15"},
				"up": {"uv": [4, 4, 2, 6], "texture": "#15"},
				"down": {"uv": [4, 4, 2, 6], "texture": "#15"}
			}
		},
		{
			"from": [15.6, 1.25, -8],
			"to": [19.85, 2.55, -5],
			"rotation": {"angle": 22.5, "axis": "x", "origin": [20.1, 2, -5]},
			"faces": {
				"north": {"uv": [4, 4, 2, 6], "rotation": 180, "texture": "#15"},
				"east": {"uv": [4, 4, 2, 6], "rotation": 90, "texture": "#15"},
				"south": {"uv": [4, 4, 2, 6], "texture": "#15"},
				"west": {"uv": [4, 4, 2, 6], "rotation": 270, "texture": "#15"},
				"up": {"uv": [4, 4, 2, 6], "texture": "#15"},
				"down": {"uv": [4, 4, 2, 6], "rotation": 180, "texture": "#15"}
			}
		},
		{
			"from": [15.6, -1.06066, -5.71066],
			"to": [19.85, 1.93934, -4.41066],
			"rotation": {"angle": -22.5, "axis": "x", "origin": [20.1, 2, -5]},
			"faces": {
				"north": {"uv": [4, 4, 2, 6], "texture": "#15"},
				"east": {"uv": [2, 6, 4, 4], "rotation": 180, "texture": "#15"},
				"south": {"uv": [4, 4, 2, 6], "texture": "#15"},
				"west": {"uv": [2, 6, 4, 4], "rotation": 180, "texture": "#15"},
				"up": {"uv": [4, 4, 2, 6], "texture": "#15"},
				"down": {"uv": [4, 4, 2, 6], "texture": "#15"}
			}
		},
		{
			"from": [15.6, 1.38484, -8.94399],
			"to": [19.85, 2.68484, -5.94399],
			"rotation": {"angle": -45, "axis": "x", "origin": [20.1, 2, -5]},
			"faces": {
				"north": {"uv": [4, 4, 2, 6], "rotation": 180, "texture": "#15"},
				"east": {"uv": [2, 6, 4, 4], "rotation": 90, "texture": "#15"},
				"south": {"uv": [4, 4, 2, 6], "texture": "#15"},
				"west": {"uv": [2, 6, 4, 4], "rotation": 270, "texture": "#15"},
				"up": {"uv": [4, 4, 2, 6], "rotation": 180, "texture": "#15"},
				"down": {"uv": [4, 4, 2, 6], "texture": "#15"}
			}
		},
		{
			"from": [15.6, 1.90531, -5.79036],
			"to": [19.85, 4.90531, -4.49036],
			"rotation": {"angle": 0, "axis": "x", "origin": [20.1, 2, -5]},
			"faces": {
				"north": {"uv": [4, 6, 2, 4], "texture": "#15"},
				"east": {"uv": [2, 4, 4, 6], "rotation": 180, "texture": "#15"},
				"south": {"uv": [4, 6, 2, 4], "texture": "#15"},
				"west": {"uv": [2, 4, 4, 6], "rotation": 180, "texture": "#15"},
				"up": {"uv": [2, 4, 4, 6], "rotation": 180, "texture": "#15"},
				"down": {"uv": [2, 4, 4, 6], "rotation": 180, "texture": "#15"}
			}
		},
		{
			"from": [15.6, 1.28934, -5.08076],
			"to": [19.85, 2.58934, -2.08076],
			"rotation": {"angle": -22.5, "axis": "x", "origin": [20.1, 2, -5]},
			"faces": {
				"north": {"uv": [4, 4, 2, 6], "rotation": 180, "texture": "#15"},
				"east": {"uv": [4, 4, 2, 6], "rotation": 90, "texture": "#15"},
				"south": {"uv": [4, 4, 2, 6], "texture": "#15"},
				"west": {"uv": [4, 4, 2, 6], "rotation": 270, "texture": "#15"},
				"up": {"uv": [4, 4, 2, 6], "texture": "#15"},
				"down": {"uv": [4, 4, 2, 6], "rotation": 180, "texture": "#15"}
			}
		},
		{
			"from": [15.1, -0.03553, -9.7929],
			"to": [20.1, 3.96447, -7.7929],
			"rotation": {"angle": -22.5, "axis": "x", "origin": [20.1, 2, -5]},
			"faces": {
				"north": {"uv": [7, 4, 0, 8], "rotation": 180, "texture": "#0"},
				"east": {"uv": [4, 2, 0, 4], "rotation": 90, "texture": "#0"},
				"south": {"uv": [7, 4, 0, 8], "texture": "#0"},
				"west": {"uv": [4, 2, 0, 4], "rotation": 270, "texture": "#0"},
				"up": {"uv": [7, 2, 0, 4], "texture": "#0"},
				"down": {"uv": [7, 2, 0, 4], "rotation": 180, "texture": "#0"}
			}
		},
		{
			"from": [15.125, 0, -2.15],
			"to": [20.075, 4, -2],
			"rotation": {"angle": 22.5, "axis": "x", "origin": [20.1, 2, -5]},
			"faces": {
				"north": {"uv": [1.95, 2, 1, 3], "rotation": 180, "texture": "#15"},
				"east": {"uv": [1.95, 2, 1, 3], "rotation": 90, "texture": "#15"},
				"south": {"uv": [1.95, 2, 1, 3], "texture": "#15"},
				"west": {"uv": [1.95, 2, 1, 3], "rotation": 270, "texture": "#15"},
				"up": {"uv": [1.95, 2, 1, 3], "texture": "#15"},
				"down": {"uv": [1.95, 2, 1, 3], "rotation": 180, "texture": "#15"}
			}
		},
		{
			"from": [15.125, 0, -2],
			"to": [20.075, 4, 0],
			"rotation": {"angle": 22.5, "axis": "x", "origin": [20.1, 2, -5]},
			"faces": {
				"north": {"uv": [6.95, 0, 0, 4], "rotation": 180, "texture": "#0"},
				"east": {"uv": [4, 0, 0, 2], "rotation": 90, "texture": "#0"},
				"south": {"uv": [6.95, 0, 0, 4], "texture": "#0"},
				"west": {"uv": [4, 0, 0, 2], "rotation": 270, "texture": "#0"},
				"up": {"uv": [6.95, 0, 0, 2], "texture": "#0"},
				"down": {"uv": [6.95, 0, 0, 2], "rotation": 180, "texture": "#0"}
			}
		},
		{
			"from": [15.175, -2.82843, -6.82843],
			"to": [20.05, -0.82843, -2.82843],
			"rotation": {"angle": 22.5, "axis": "x", "origin": [20.1, 2, -5]},
			"faces": {
				"north": {"uv": [6.875, 0, 0, 2], "texture": "#0"},
				"east": {"uv": [0, 2, 4, 0], "rotation": 180, "texture": "#0"},
				"south": {"uv": [6.875, 0, 0, 2], "texture": "#0"},
				"west": {"uv": [0, 2, 4, 0], "rotation": 180, "texture": "#0"},
				"up": {"uv": [6.875, 0, 0, 4], "texture": "#0"},
				"down": {"uv": [6.875, 0, 0, 4], "texture": "#0"}
			}
		},
		{
			"from": [15.125, -0.90343, -6.82843],
			"to": [20.075, -0.80343, -2.82843],
			"rotation": {"angle": 22.5, "axis": "x", "origin": [20.1, 2, -5]},
			"faces": {
				"north": {"uv": [2.95, 2, 2, 3], "rotation": 180, "texture": "#15"},
				"east": {"uv": [2.95, 2, 2, 3], "rotation": 90, "texture": "#15"},
				"south": {"uv": [2.95, 2, 2, 3], "texture": "#15"},
				"west": {"uv": [2.95, 2, 2, 3], "rotation": 270, "texture": "#15"},
				"up": {"uv": [2.95, 2, 2, 3], "texture": "#15"},
				"down": {"uv": [2.95, 2, 2, 3], "rotation": 180, "texture": "#15"}
			}
		},
		{
			"from": [15.125, 4.77157, -6.82843],
			"to": [20.075, 4.87157, -2.82843],
			"rotation": {"angle": 22.5, "axis": "x", "origin": [20.1, 2, -5]},
			"faces": {
				"north": {"uv": [2.95, 2, 2, 3], "rotation": 180, "texture": "#15"},
				"east": {"uv": [2.95, 2, 2, 3], "rotation": 90, "texture": "#15"},
				"south": {"uv": [2.95, 2, 2, 3], "texture": "#15"},
				"west": {"uv": [2.95, 2, 2, 3], "rotation": 270, "texture": "#15"},
				"up": {"uv": [2.95, 2, 2, 3], "texture": "#15"},
				"down": {"uv": [2.95, 2, 2, 3], "rotation": 180, "texture": "#15"}
			}
		},
		{
			"from": [15.15, 4.88909, -6.88909],
			"to": [20.075, 6.88909, -2.88909],
			"rotation": {"angle": 22.5, "axis": "x", "origin": [20.1, 2, -5]},
			"faces": {
				"north": {"uv": [6.925, 0, 0, 2], "texture": "#0"},
				"east": {"uv": [0, 2, 4, 0], "rotation": 180, "texture": "#0"},
				"south": {"uv": [6.925, 0, 0, 2], "texture": "#0"},
				"west": {"uv": [0, 2, 4, 0], "rotation": 180, "texture": "#0"},
				"up": {"uv": [6.925, 0, 0, 4], "texture": "#0"},
				"down": {"uv": [6.925, 0, 0, 4], "texture": "#0"}
			}
		},
		{
			"from": [15.1, -2.94975, -6.87867],
			"to": [20.1, -0.94975, -2.87867],
			"rotation": {"angle": -22.5, "axis": "x", "origin": [20.1, 2, -5]},
			"faces": {
				"north": {"uv": [7, 0, 0, 2], "texture": "#0"},
				"east": {"uv": [4, 0, 0, 2], "texture": "#0"},
				"south": {"uv": [7, 0, 0, 2], "texture": "#0"},
				"west": {"uv": [4, 0, 0, 2], "texture": "#0"},
				"up": {"uv": [7, 0, 0, 4], "texture": "#0"},
				"down": {"uv": [7, 0, 0, 4], "texture": "#0"}
			}
		},
		{
			"from": [15.1, -0.94975, -6.12868],
			"to": [20.1, -0.79975, -3.67868],
			"rotation": {"angle": -22.5, "axis": "x", "origin": [20.1, 2, -5]},
			"faces": {
				"north": {"uv": [1, 3, 1, 4], "texture": "#15"},
				"east": {"uv": [1, 3, 1, 4], "texture": "#15"},
				"south": {"uv": [1, 3, 1, 4], "texture": "#15"},
				"west": {"uv": [1, 3, 1, 4], "texture": "#15"},
				"up": {"uv": [1, 3, 1, 4], "texture": "#15"},
				"down": {"uv": [1, 3, 1, 4], "texture": "#15"}
			}
		},
		{
			"from": [15.1, 0.67868, -2.20025],
			"to": [20.1, 3.12868, -2.05025],
			"rotation": {"angle": -22.5, "axis": "x", "origin": [20.1, 2, -5]},
			"faces": {
				"north": {"uv": [1, 4, 1, 3], "rotation": 180, "texture": "#15"},
				"east": {"uv": [1, 3, 1, 4], "rotation": 90, "texture": "#15"},
				"south": {"uv": [1, 4, 1, 3], "texture": "#15"},
				"west": {"uv": [1, 3, 1, 4], "rotation": 270, "texture": "#15"},
				"up": {"uv": [1, 3, 1, 4], "texture": "#15"},
				"down": {"uv": [1, 3, 1, 4], "rotation": 180, "texture": "#15"}
			}
		},
		{
			"from": [15.125, 0, -7.8],
			"to": [20.075, 4, -7.65],
			"rotation": {"angle": 22.5, "axis": "x", "origin": [20.1, 2, -5]},
			"faces": {
				"north": {"uv": [1.95, 3, 1, 2], "rotation": 180, "texture": "#15"},
				"east": {"uv": [1.95, 3, 1, 2], "rotation": 90, "texture": "#15"},
				"south": {"uv": [1.95, 3, 1, 2], "texture": "#15"},
				"west": {"uv": [1.95, 3, 1, 2], "rotation": 270, "texture": "#15"},
				"up": {"uv": [1.95, 3, 1, 2], "texture": "#15"},
				"down": {"uv": [1.95, 3, 1, 2], "rotation": 180, "texture": "#15"}
			}
		},
		{
			"from": [15.1, 0.7299, -7.80833],
			"to": [20.1, 3.1799, -7.65833],
			"rotation": {"angle": -22.5, "axis": "x", "origin": [20.1, 2, -5]},
			"faces": {
				"north": {"uv": [1, 4, 1, 3], "rotation": 180, "texture": "#15"},
				"east": {"uv": [1, 4, 1, 3], "rotation": 90, "texture": "#15"},
				"south": {"uv": [1, 4, 1, 3], "texture": "#15"},
				"west": {"uv": [1, 4, 1, 3], "rotation": 270, "texture": "#15"},
				"up": {"uv": [1, 4, 1, 3], "texture": "#15"},
				"down": {"uv": [1, 4, 1, 3], "rotation": 180, "texture": "#15"}
			}
		},
		{
			"from": [15.1, 4.65833, -6.1799],
			"to": [20.1, 4.80833, -3.7299],
			"rotation": {"angle": -22.5, "axis": "x", "origin": [20.1, 2, -5]},
			"faces": {
				"north": {"uv": [1, 4, 1, 3], "texture": "#15"},
				"east": {"uv": [1, 4, 1, 3], "texture": "#15"},
				"south": {"uv": [1, 4, 1, 3], "texture": "#15"},
				"west": {"uv": [1, 4, 1, 3], "texture": "#15"},
				"up": {"uv": [1, 3, 1, 4], "texture": "#15"},
				"down": {"uv": [1, 3, 1, 4], "texture": "#15"}
			}
		},
		{
			"from": [15.1, -0.03553, -2.05025],
			"to": [20.1, 3.96447, -0.05025],
			"rotation": {"angle": -22.5, "axis": "x", "origin": [20.1, 2, -5]},
			"faces": {
				"north": {"uv": [7, 0, 0, 4], "rotation": 180, "texture": "#0"},
				"east": {"uv": [4, 0, 0, 2], "rotation": 90, "texture": "#0"},
				"south": {"uv": [7, 0, 0, 4], "texture": "#0"},
				"west": {"uv": [4, 0, 0, 2], "rotation": 270, "texture": "#0"},
				"up": {"uv": [7, 0, 0, 2], "texture": "#0"},
				"down": {"uv": [7, 0, 0, 2], "rotation": 180, "texture": "#0"}
			}
		},
		{
			"from": [15.125, 0, -9.77817],
			"to": [20.075, 4, -7.77817],
			"rotation": {"angle": 22.5, "axis": "x", "origin": [20.1, 2, -5]},
			"faces": {
				"north": {"uv": [6.95, 4, 0, 8], "rotation": 180, "texture": "#0"},
				"east": {"uv": [4, 2, 0, 4], "rotation": 90, "texture": "#0"},
				"south": {"uv": [6.95, 4, 0, 8], "texture": "#0"},
				"west": {"uv": [4, 2, 0, 4], "rotation": 270, "texture": "#0"},
				"up": {"uv": [6.95, 2, 0, 4], "texture": "#0"},
				"down": {"uv": [6.95, 2, 0, 4], "rotation": 180, "texture": "#0"}
			}
		},
		{
			"from": [15.1, 4.79289, -6.87868],
			"to": [20.1, 6.79289, -2.87868],
			"rotation": {"angle": -22.5, "axis": "x", "origin": [20.1, 2, -5]},
			"faces": {
				"north": {"uv": [7, 2, 0, 4], "texture": "#0"},
				"east": {"uv": [4, 2, 0, 4], "texture": "#0"},
				"south": {"uv": [7, 2, 0, 4], "texture": "#0"},
				"west": {"uv": [4, 2, 0, 4], "texture": "#0"},
				"up": {"uv": [7, 4, 0, 8], "texture": "#0"},
				"down": {"uv": [7, 4, 0, 8], "texture": "#0"}
			}
		},
		{
			"from": [15.1, 0.93934, -6.06066],
			"to": [20.1, 2.93934, -4.06066],
			"rotation": {"angle": -22.5, "axis": "x", "origin": [20.1, 2, -5]},
			"faces": {
				"north": {"uv": [4, 4, 2, 6], "texture": "#15"},
				"east": {"uv": [4, 4, 2, 6], "texture": "#15"},
				"south": {"uv": [4, 4, 2, 6], "texture": "#15"},
				"west": {"uv": [4, 4, 2, 6], "texture": "#15"},
				"up": {"uv": [4, 4, 2, 6], "texture": "#15"},
				"down": {"uv": [4, 4, 2, 6], "texture": "#15"}
			}
		},
		{
			"from": [15.6, 1.25, -8],
			"to": [19.85, 2.55, -5],
			"rotation": {"angle": 22.5, "axis": "x", "origin": [20.1, 2, -5]},
			"faces": {
				"north": {"uv": [4, 4, 2, 6], "rotation": 180, "texture": "#15"},
				"east": {"uv": [4, 4, 2, 6], "rotation": 90, "texture": "#15"},
				"south": {"uv": [4, 4, 2, 6], "texture": "#15"},
				"west": {"uv": [4, 4, 2, 6], "rotation": 270, "texture": "#15"},
				"up": {"uv": [4, 4, 2, 6], "texture": "#15"},
				"down": {"uv": [4, 4, 2, 6], "rotation": 180, "texture": "#15"}
			}
		},
		{
			"from": [15.6, -1.06066, -5.71066],
			"to": [19.85, 1.93934, -4.41066],
			"rotation": {"angle": -22.5, "axis": "x", "origin": [20.1, 2, -5]},
			"faces": {
				"north": {"uv": [4, 4, 2, 6], "texture": "#15"},
				"east": {"uv": [2, 6, 4, 4], "rotation": 180, "texture": "#15"},
				"south": {"uv": [4, 4, 2, 6], "texture": "#15"},
				"west": {"uv": [2, 6, 4, 4], "rotation": 180, "texture": "#15"},
				"up": {"uv": [4, 4, 2, 6], "texture": "#15"},
				"down": {"uv": [4, 4, 2, 6], "texture": "#15"}
			}
		},
		{
			"from": [15.6, 1.38484, -8.94399],
			"to": [19.85, 2.68484, -5.94399],
			"rotation": {"angle": -45, "axis": "x", "origin": [20.1, 2, -5]},
			"faces": {
				"north": {"uv": [4, 4, 2, 6], "rotation": 180, "texture": "#15"},
				"east": {"uv": [2, 6, 4, 4], "rotation": 90, "texture": "#15"},
				"south": {"uv": [4, 4, 2, 6], "texture": "#15"},
				"west": {"uv": [2, 6, 4, 4], "rotation": 270, "texture": "#15"},
				"up": {"uv": [4, 4, 2, 6], "rotation": 180, "texture": "#15"},
				"down": {"uv": [4, 4, 2, 6], "texture": "#15"}
			}
		},
		{
			"from": [15.6, 1.90531, -5.79036],
			"to": [19.85, 4.90531, -4.49036],
			"rotation": {"angle": 0, "axis": "x", "origin": [20.1, 2, -5]},
			"faces": {
				"north": {"uv": [4, 6, 2, 4], "texture": "#15"},
				"east": {"uv": [2, 4, 4, 6], "rotation": 180, "texture": "#15"},
				"south": {"uv": [4, 6, 2, 4], "texture": "#15"},
				"west": {"uv": [2, 4, 4, 6], "rotation": 180, "texture": "#15"},
				"up": {"uv": [2, 4, 4, 6], "rotation": 180, "texture": "#15"},
				"down": {"uv": [2, 4, 4, 6], "rotation": 180, "texture": "#15"}
			}
		},
		{
			"from": [15.6, 1.28934, -5.08076],
			"to": [19.85, 2.58934, -2.08076],
			"rotation": {"angle": -22.5, "axis": "x", "origin": [20.1, 2, -5]},
			"faces": {
				"north": {"uv": [4, 4, 2, 6], "rotation": 180, "texture": "#15"},
				"east": {"uv": [4, 4, 2, 6], "rotation": 90, "texture": "#15"},
				"south": {"uv": [4, 4, 2, 6], "texture": "#15"},
				"west": {"uv": [4, 4, 2, 6], "rotation": 270, "texture": "#15"},
				"up": {"uv": [4, 4, 2, 6], "texture": "#15"},
				"down": {"uv": [4, 4, 2, 6], "rotation": 180, "texture": "#15"}
			}
		},
		{
			"from": [-4.075, -0.90343, 21.17157],
			"to": [1.875, -0.80343, 25.17157],
			"rotation": {"angle": 22.5, "axis": "x", "origin": [-4.1, 2, 23]},
			"faces": {
				"north": {"uv": [2, 2, 2.95, 3], "rotation": 180, "texture": "#15"},
				"east": {"uv": [2, 2, 2.95, 3], "rotation": 90, "texture": "#15"},
				"south": {"uv": [2, 2, 2.95, 3], "texture": "#15"},
				"west": {"uv": [2, 2, 2.95, 3], "rotation": 270, "texture": "#15"},
				"up": {"uv": [2, 2, 2.95, 3], "texture": "#15"},
				"down": {"uv": [2, 2, 2.95, 3], "rotation": 180, "texture": "#15"}
			}
		},
		{
			"from": [-4.075, 0, 20.2],
			"to": [1.875, 4, 20.35],
			"rotation": {"angle": 22.5, "axis": "x", "origin": [-4.1, 2, 23]},
			"faces": {
				"north": {"uv": [1, 3, 1.95, 2], "rotation": 180, "texture": "#15"},
				"east": {"uv": [1, 3, 1.95, 2], "rotation": 90, "texture": "#15"},
				"south": {"uv": [1, 3, 1.95, 2], "texture": "#15"},
				"west": {"uv": [1, 3, 1.95, 2], "rotation": 270, "texture": "#15"},
				"up": {"uv": [1, 3, 1.95, 2], "texture": "#15"},
				"down": {"uv": [1, 3, 1.95, 2], "rotation": 180, "texture": "#15"}
			}
		},
		{
			"from": [-4.075, 0, 25.85],
			"to": [1.875, 4, 26],
			"rotation": {"angle": 22.5, "axis": "x", "origin": [-4.1, 2, 23]},
			"faces": {
				"north": {"uv": [1, 2, 1.95, 3], "rotation": 180, "texture": "#15"},
				"east": {"uv": [1, 2, 1.95, 3], "rotation": 90, "texture": "#15"},
				"south": {"uv": [1, 2, 1.95, 3], "texture": "#15"},
				"west": {"uv": [1, 2, 1.95, 3], "rotation": 270, "texture": "#15"},
				"up": {"uv": [1, 2, 1.95, 3], "texture": "#15"},
				"down": {"uv": [1, 2, 1.95, 3], "rotation": 180, "texture": "#15"}
			}
		},
		{
			"from": [-4.075, 0, 26],
			"to": [1.875, 4, 28],
			"rotation": {"angle": 22.5, "axis": "x", "origin": [-4.1, 2, 23]},
			"faces": {
				"north": {"uv": [0, 0, 6.95, 4], "rotation": 180, "texture": "#0"},
				"east": {"uv": [0, 0, 4, 2], "rotation": 90, "texture": "#0"},
				"south": {"uv": [0, 0, 6.95, 4], "texture": "#0"},
				"west": {"uv": [0, 0, 4, 2], "rotation": 270, "texture": "#0"},
				"up": {"uv": [0, 0, 6.95, 2], "texture": "#0"},
				"down": {"uv": [0, 0, 6.95, 2], "rotation": 180, "texture": "#0"}
			}
		},
		{
			"from": [-4.05, -2.82843, 21.17157],
			"to": [1.825, -0.82843, 25.17157],
			"rotation": {"angle": 22.5, "axis": "x", "origin": [-4.1, 2, 23]},
			"faces": {
				"north": {"uv": [0, 0, 6.875, 2], "texture": "#0"},
				"east": {"uv": [0, 0, 4, 2], "texture": "#0"},
				"south": {"uv": [0, 0, 6.875, 2], "texture": "#0"},
				"west": {"uv": [0, 0, 4, 2], "texture": "#0"},
				"up": {"uv": [0, 0, 6.875, 4], "texture": "#0"},
				"down": {"uv": [0, 0, 6.875, 4], "texture": "#0"}
			}
		},
		{
			"from": [-4.075, -0.90343, 21.17157],
			"to": [1.875, -0.80343, 25.17157],
			"rotation": {"angle": 22.5, "axis": "x", "origin": [-4.1, 2, 23]},
			"faces": {
				"north": {"uv": [2, 2, 2.95, 3], "rotation": 180, "texture": "#15"},
				"east": {"uv": [2, 2, 2.95, 3], "rotation": 90, "texture": "#15"},
				"south": {"uv": [2, 2, 2.95, 3], "texture": "#15"},
				"west": {"uv": [2, 2, 2.95, 3], "rotation": 270, "texture": "#15"},
				"up": {"uv": [2, 2, 2.95, 3], "texture": "#15"},
				"down": {"uv": [2, 2, 2.95, 3], "rotation": 180, "texture": "#15"}
			}
		},
		{
			"from": [-4.075, 4.77157, 21.17157],
			"to": [1.875, 4.87157, 25.17157],
			"rotation": {"angle": 22.5, "axis": "x", "origin": [-4.1, 2, 23]},
			"faces": {
				"north": {"uv": [2, 2, 2.95, 3], "rotation": 180, "texture": "#15"},
				"east": {"uv": [2, 2, 2.95, 3], "rotation": 90, "texture": "#15"},
				"south": {"uv": [2, 2, 2.95, 3], "texture": "#15"},
				"west": {"uv": [2, 2, 2.95, 3], "rotation": 270, "texture": "#15"},
				"up": {"uv": [2, 2, 2.95, 3], "texture": "#15"},
				"down": {"uv": [2, 2, 2.95, 3], "rotation": 180, "texture": "#15"}
			}
		},
		{
			"from": [-4.075, 4.88909, 21.11091],
			"to": [1.85, 6.88909, 25.11091],
			"rotation": {"angle": 22.5, "axis": "x", "origin": [-4.1, 2, 23]},
			"faces": {
				"north": {"uv": [0, 0, 6.925, 2], "texture": "#0"},
				"east": {"uv": [0, 0, 4, 2], "texture": "#0"},
				"south": {"uv": [0, 0, 6.925, 2], "texture": "#0"},
				"west": {"uv": [0, 0, 4, 2], "texture": "#0"},
				"up": {"uv": [0, 0, 6.925, 4], "texture": "#0"},
				"down": {"uv": [0, 0, 6.925, 4], "texture": "#0"}
			}
		},
		{
			"from": [-4.1, -2.94975, 21.12133],
			"to": [1.9, -0.94975, 25.12133],
			"rotation": {"angle": -22.5, "axis": "x", "origin": [-4.1, 2, 23]},
			"faces": {
				"north": {"uv": [0, 0, 7, 2], "texture": "#0"},
				"east": {"uv": [0, 0, 4, 2], "texture": "#0"},
				"south": {"uv": [0, 0, 7, 2], "texture": "#0"},
				"west": {"uv": [0, 0, 4, 2], "texture": "#0"},
				"up": {"uv": [0, 0, 7, 4], "texture": "#0"},
				"down": {"uv": [0, 0, 7, 4], "texture": "#0"}
			}
		},
		{
			"from": [-4.1, -0.94975, 21.87132],
			"to": [1.9, -0.79975, 24.32132],
			"rotation": {"angle": -22.5, "axis": "x", "origin": [-4.1, 2, 23]},
			"faces": {
				"north": {"uv": [1, 3, 1, 4], "texture": "#15"},
				"east": {"uv": [1, 3, 1, 4], "texture": "#15"},
				"south": {"uv": [1, 3, 1, 4], "texture": "#15"},
				"west": {"uv": [1, 3, 1, 4], "texture": "#15"},
				"up": {"uv": [1, 3, 1, 4], "texture": "#15"},
				"down": {"uv": [1, 3, 1, 4], "texture": "#15"}
			}
		},
		{
			"from": [-4.1, 0.67868, 25.79975],
			"to": [1.9, 3.12868, 25.94975],
			"rotation": {"angle": -22.5, "axis": "x", "origin": [-4.1, 2, 23]},
			"faces": {
				"north": {"uv": [1, 4, 1, 3], "rotation": 180, "texture": "#15"},
				"east": {"uv": [1, 3, 1, 4], "rotation": 90, "texture": "#15"},
				"south": {"uv": [1, 4, 1, 3], "texture": "#15"},
				"west": {"uv": [1, 3, 1, 4], "rotation": 270, "texture": "#15"},
				"up": {"uv": [1, 3, 1, 4], "texture": "#15"},
				"down": {"uv": [1, 3, 1, 4], "rotation": 180, "texture": "#15"}
			}
		},
		{
			"from": [-4.075, 0, 20.2],
			"to": [1.875, 4, 20.35],
			"rotation": {"angle": 22.5, "axis": "x", "origin": [-4.1, 2, 23]},
			"faces": {
				"north": {"uv": [1, 3, 1.95, 2], "rotation": 180, "texture": "#15"},
				"east": {"uv": [1, 3, 1.95, 2], "rotation": 90, "texture": "#15"},
				"south": {"uv": [1, 3, 1.95, 2], "texture": "#15"},
				"west": {"uv": [1, 3, 1.95, 2], "rotation": 270, "texture": "#15"},
				"up": {"uv": [1, 3, 1.95, 2], "texture": "#15"},
				"down": {"uv": [1, 3, 1.95, 2], "rotation": 180, "texture": "#15"}
			}
		},
		{
			"from": [-4.1, 0.7299, 20.19167],
			"to": [1.9, 3.1799, 20.34167],
			"rotation": {"angle": -22.5, "axis": "x", "origin": [-4.1, 2, 23]},
			"faces": {
				"north": {"uv": [1, 4, 1, 3], "rotation": 180, "texture": "#15"},
				"east": {"uv": [1, 4, 1, 3], "rotation": 90, "texture": "#15"},
				"south": {"uv": [1, 4, 1, 3], "texture": "#15"},
				"west": {"uv": [1, 4, 1, 3], "rotation": 270, "texture": "#15"},
				"up": {"uv": [1, 4, 1, 3], "texture": "#15"},
				"down": {"uv": [1, 4, 1, 3], "rotation": 180, "texture": "#15"}
			}
		},
		{
			"from": [-4.1, 4.65833, 21.8201],
			"to": [1.9, 4.80833, 24.2701],
			"rotation": {"angle": -22.5, "axis": "x", "origin": [-4.1, 2, 23]},
			"faces": {
				"north": {"uv": [1, 4, 1, 3], "texture": "#15"},
				"east": {"uv": [1, 4, 1, 3], "texture": "#15"},
				"south": {"uv": [1, 4, 1, 3], "texture": "#15"},
				"west": {"uv": [1, 4, 1, 3], "texture": "#15"},
				"up": {"uv": [1, 3, 1, 4], "texture": "#15"},
				"down": {"uv": [1, 3, 1, 4], "texture": "#15"}
			}
		},
		{
			"from": [-4.1, -0.03553, 25.94975],
			"to": [1.9, 3.96447, 27.94975],
			"rotation": {"angle": -22.5, "axis": "x", "origin": [-4.1, 2, 23]},
			"faces": {
				"north": {"uv": [0, 0, 7, 4], "rotation": 180, "texture": "#0"},
				"east": {"uv": [0, 0, 4, 2], "rotation": 90, "texture": "#0"},
				"south": {"uv": [0, 0, 7, 4], "texture": "#0"},
				"west": {"uv": [0, 0, 4, 2], "rotation": 270, "texture": "#0"},
				"up": {"uv": [0, 0, 7, 2], "texture": "#0"},
				"down": {"uv": [0, 0, 7, 2], "rotation": 180, "texture": "#0"}
			}
		},
		{
			"from": [-4.1, -0.03553, 18.2071],
			"to": [1.9, 3.96447, 20.2071],
			"rotation": {"angle": -22.5, "axis": "x", "origin": [-4.1, 2, 23]},
			"faces": {
				"north": {"uv": [0, 4, 7, 8], "rotation": 180, "texture": "#0"},
				"east": {"uv": [0, 2, 4, 4], "rotation": 90, "texture": "#0"},
				"south": {"uv": [0, 4, 7, 8], "texture": "#0"},
				"west": {"uv": [0, 2, 4, 4], "rotation": 270, "texture": "#0"},
				"up": {"uv": [0, 2, 7, 4], "texture": "#0"},
				"down": {"uv": [0, 2, 7, 4], "rotation": 180, "texture": "#0"}
			}
		},
		{
			"from": [-4.075, 0, 18.22183],
			"to": [1.875, 4, 20.22183],
			"rotation": {"angle": 22.5, "axis": "x", "origin": [-4.1, 2, 23]},
			"faces": {
				"north": {"uv": [0, 4, 6.95, 8], "rotation": 180, "texture": "#0"},
				"east": {"uv": [0, 2, 4, 4], "rotation": 90, "texture": "#0"},
				"south": {"uv": [0, 4, 6.95, 8], "texture": "#0"},
				"west": {"uv": [0, 2, 4, 4], "rotation": 270, "texture": "#0"},
				"up": {"uv": [0, 2, 6.95, 4], "texture": "#0"},
				"down": {"uv": [0, 2, 6.95, 4], "rotation": 180, "texture": "#0"}
			}
		},
		{
			"from": [-4.1, 4.79289, 21.12132],
			"to": [1.9, 6.79289, 25.12132],
			"rotation": {"angle": -22.5, "axis": "x", "origin": [-4.1, 2, 23]},
			"faces": {
				"north": {"uv": [0, 2, 7, 4], "texture": "#0"},
				"east": {"uv": [0, 2, 4, 4], "texture": "#0"},
				"south": {"uv": [0, 2, 7, 4], "texture": "#0"},
				"west": {"uv": [0, 2, 4, 4], "texture": "#0"},
				"up": {"uv": [0, 4, 7, 8], "texture": "#0"},
				"down": {"uv": [0, 4, 7, 8], "texture": "#0"}
			}
		},
		{
			"from": [-4.1, 0.93934, 21.93934],
			"to": [1.9, 2.93934, 23.93934],
			"rotation": {"angle": -22.5, "axis": "x", "origin": [-4.1, 2, 23]},
			"faces": {
				"north": {"uv": [2, 4, 4, 6], "texture": "#15"},
				"east": {"uv": [2, 4, 4, 6], "texture": "#15"},
				"south": {"uv": [2, 4, 4, 6], "texture": "#15"},
				"west": {"uv": [2, 4, 4, 6], "texture": "#15"},
				"up": {"uv": [2, 4, 4, 6], "texture": "#15"},
				"down": {"uv": [2, 4, 4, 6], "texture": "#15"}
			}
		},
		{
			"from": [-3.85, 1.25, 20],
			"to": [1.4, 2.55, 23],
			"rotation": {"angle": 22.5, "axis": "x", "origin": [-4.1, 2, 23]},
			"faces": {
				"north": {"uv": [2, 4, 4, 6], "rotation": 180, "texture": "#15"},
				"east": {"uv": [2, 4, 4, 6], "rotation": 90, "texture": "#15"},
				"south": {"uv": [2, 4, 4, 6], "texture": "#15"},
				"west": {"uv": [2, 4, 4, 6], "rotation": 270, "texture": "#15"},
				"up": {"uv": [2, 4, 4, 6], "texture": "#15"},
				"down": {"uv": [2, 4, 4, 6], "rotation": 180, "texture": "#15"}
			}
		},
		{
			"from": [-3.85, -1.06066, 22.28934],
			"to": [1.4, 1.93934, 23.58934],
			"rotation": {"angle": -22.5, "axis": "x", "origin": [-4.1, 2, 23]},
			"faces": {
				"north": {"uv": [2, 4, 4, 6], "texture": "#15"},
				"east": {"uv": [2, 4, 4, 6], "texture": "#15"},
				"south": {"uv": [2, 4, 4, 6], "texture": "#15"},
				"west": {"uv": [2, 4, 4, 6], "texture": "#15"},
				"up": {"uv": [2, 4, 4, 6], "texture": "#15"},
				"down": {"uv": [2, 4, 4, 6], "texture": "#15"}
			}
		},
		{
			"from": [-3.85, 1.38484, 19.05601],
			"to": [1.4, 2.68484, 22.05601],
			"rotation": {"angle": -45, "axis": "x", "origin": [-4.1, 2, 23]},
			"faces": {
				"north": {"uv": [2, 4, 4, 6], "rotation": 180, "texture": "#15"},
				"east": {"uv": [2, 4, 4, 6], "rotation": 270, "texture": "#15"},
				"south": {"uv": [2, 4, 4, 6], "texture": "#15"},
				"west": {"uv": [2, 4, 4, 6], "rotation": 90, "texture": "#15"},
				"up": {"uv": [2, 4, 4, 6], "rotation": 180, "texture": "#15"},
				"down": {"uv": [2, 4, 4, 6], "texture": "#15"}
			}
		},
		{
			"from": [-3.85, 1.90531, 22.20964],
			"to": [1.4, 4.90531, 23.50964],
			"rotation": {"angle": 0, "axis": "x", "origin": [-4.1, 2, 23]},
			"faces": {
				"north": {"uv": [2, 6, 4, 4], "texture": "#15"},
				"east": {"uv": [2, 6, 4, 4], "texture": "#15"},
				"south": {"uv": [2, 6, 4, 4], "texture": "#15"},
				"west": {"uv": [2, 6, 4, 4], "texture": "#15"},
				"up": {"uv": [4, 4, 2, 6], "rotation": 180, "texture": "#15"},
				"down": {"uv": [4, 4, 2, 6], "rotation": 180, "texture": "#15"}
			}
		},
		{
			"from": [-3.85, 1.28934, 22.91924],
			"to": [1.4, 2.58934, 25.91924],
			"rotation": {"angle": -22.5, "axis": "x", "origin": [-4.1, 2, 23]},
			"faces": {
				"north": {"uv": [2, 4, 4, 6], "rotation": 180, "texture": "#15"},
				"east": {"uv": [2, 4, 4, 6], "rotation": 90, "texture": "#15"},
				"south": {"uv": [2, 4, 4, 6], "texture": "#15"},
				"west": {"uv": [2, 4, 4, 6], "rotation": 270, "texture": "#15"},
				"up": {"uv": [2, 4, 4, 6], "texture": "#15"},
				"down": {"uv": [2, 4, 4, 6], "rotation": 180, "texture": "#15"}
			}
		},
		{
			"from": [-4.075, -0.90343, 21.17157],
			"to": [1.875, -0.80343, 25.17157],
			"rotation": {"angle": 22.5, "axis": "x", "origin": [-4.1, 2, 23]},
			"faces": {
				"north": {"uv": [2, 2, 2.95, 3], "rotation": 180, "texture": "#15"},
				"east": {"uv": [2, 2, 2.95, 3], "rotation": 90, "texture": "#15"},
				"south": {"uv": [2, 2, 2.95, 3], "texture": "#15"},
				"west": {"uv": [2, 2, 2.95, 3], "rotation": 270, "texture": "#15"},
				"up": {"uv": [2, 2, 2.95, 3], "texture": "#15"},
				"down": {"uv": [2, 2, 2.95, 3], "rotation": 180, "texture": "#15"}
			}
		},
		{
			"from": [-4.075, 0, 20.2],
			"to": [1.875, 4, 20.35],
			"rotation": {"angle": 22.5, "axis": "x", "origin": [-4.1, 2, 23]},
			"faces": {
				"north": {"uv": [1, 3, 1.95, 2], "rotation": 180, "texture": "#15"},
				"east": {"uv": [1, 3, 1.95, 2], "rotation": 90, "texture": "#15"},
				"south": {"uv": [1, 3, 1.95, 2], "texture": "#15"},
				"west": {"uv": [1, 3, 1.95, 2], "rotation": 270, "texture": "#15"},
				"up": {"uv": [1, 3, 1.95, 2], "texture": "#15"},
				"down": {"uv": [1, 3, 1.95, 2], "rotation": 180, "texture": "#15"}
			}
		},
		{
			"from": [-4.075, 0, 25.85],
			"to": [1.875, 4, 26],
			"rotation": {"angle": 22.5, "axis": "x", "origin": [-4.1, 2, 23]},
			"faces": {
				"north": {"uv": [1, 2, 1.95, 3], "rotation": 180, "texture": "#15"},
				"east": {"uv": [1, 2, 1.95, 3], "rotation": 90, "texture": "#15"},
				"south": {"uv": [1, 2, 1.95, 3], "texture": "#15"},
				"west": {"uv": [1, 2, 1.95, 3], "rotation": 270, "texture": "#15"},
				"up": {"uv": [1, 2, 1.95, 3], "texture": "#15"},
				"down": {"uv": [1, 2, 1.95, 3], "rotation": 180, "texture": "#15"}
			}
		},
		{
			"from": [-4.075, 0, 26],
			"to": [1.875, 4, 28],
			"rotation": {"angle": 22.5, "axis": "x", "origin": [-4.1, 2, 23]},
			"faces": {
				"north": {"uv": [0, 0, 6.95, 4], "rotation": 180, "texture": "#0"},
				"east": {"uv": [0, 0, 4, 2], "rotation": 90, "texture": "#0"},
				"south": {"uv": [0, 0, 6.95, 4], "texture": "#0"},
				"west": {"uv": [0, 0, 4, 2], "rotation": 270, "texture": "#0"},
				"up": {"uv": [0, 0, 6.95, 2], "texture": "#0"},
				"down": {"uv": [0, 0, 6.95, 2], "rotation": 180, "texture": "#0"}
			}
		},
		{
			"from": [-4.05, -2.82843, 21.17157],
			"to": [1.825, -0.82843, 25.17157],
			"rotation": {"angle": 22.5, "axis": "x", "origin": [-4.1, 2, 23]},
			"faces": {
				"north": {"uv": [0, 0, 6.875, 2], "texture": "#0"},
				"east": {"uv": [0, 0, 4, 2], "texture": "#0"},
				"south": {"uv": [0, 0, 6.875, 2], "texture": "#0"},
				"west": {"uv": [0, 0, 4, 2], "texture": "#0"},
				"up": {"uv": [0, 0, 6.875, 4], "texture": "#0"},
				"down": {"uv": [0, 0, 6.875, 4], "texture": "#0"}
			}
		},
		{
			"from": [-4.075, -0.90343, 21.17157],
			"to": [1.875, -0.80343, 25.17157],
			"rotation": {"angle": 22.5, "axis": "x", "origin": [-4.1, 2, 23]},
			"faces": {
				"north": {"uv": [2, 2, 2.95, 3], "rotation": 180, "texture": "#15"},
				"east": {"uv": [2, 2, 2.95, 3], "rotation": 90, "texture": "#15"},
				"south": {"uv": [2, 2, 2.95, 3], "texture": "#15"},
				"west": {"uv": [2, 2, 2.95, 3], "rotation": 270, "texture": "#15"},
				"up": {"uv": [2, 2, 2.95, 3], "texture": "#15"},
				"down": {"uv": [2, 2, 2.95, 3], "rotation": 180, "texture": "#15"}
			}
		},
		{
			"from": [-4.075, 4.77157, 21.17157],
			"to": [1.875, 4.87157, 25.17157],
			"rotation": {"angle": 22.5, "axis": "x", "origin": [-4.1, 2, 23]},
			"faces": {
				"north": {"uv": [2, 2, 2.95, 3], "rotation": 180, "texture": "#15"},
				"east": {"uv": [2, 2, 2.95, 3], "rotation": 90, "texture": "#15"},
				"south": {"uv": [2, 2, 2.95, 3], "texture": "#15"},
				"west": {"uv": [2, 2, 2.95, 3], "rotation": 270, "texture": "#15"},
				"up": {"uv": [2, 2, 2.95, 3], "texture": "#15"},
				"down": {"uv": [2, 2, 2.95, 3], "rotation": 180, "texture": "#15"}
			}
		},
		{
			"from": [-4.075, 4.88909, 21.11091],
			"to": [1.85, 6.88909, 25.11091],
			"rotation": {"angle": 22.5, "axis": "x", "origin": [-4.1, 2, 23]},
			"faces": {
				"north": {"uv": [0, 0, 6.925, 2], "texture": "#0"},
				"east": {"uv": [0, 0, 4, 2], "texture": "#0"},
				"south": {"uv": [0, 0, 6.925, 2], "texture": "#0"},
				"west": {"uv": [0, 0, 4, 2], "texture": "#0"},
				"up": {"uv": [0, 0, 6.925, 4], "texture": "#0"},
				"down": {"uv": [0, 0, 6.925, 4], "texture": "#0"}
			}
		},
		{
			"from": [-4.1, -2.94975, 21.12133],
			"to": [1.9, -0.94975, 25.12133],
			"rotation": {"angle": -22.5, "axis": "x", "origin": [-4.1, 2, 23]},
			"faces": {
				"north": {"uv": [0, 0, 7, 2], "texture": "#0"},
				"east": {"uv": [0, 0, 4, 2], "texture": "#0"},
				"south": {"uv": [0, 0, 7, 2], "texture": "#0"},
				"west": {"uv": [0, 0, 4, 2], "texture": "#0"},
				"up": {"uv": [0, 0, 7, 4], "texture": "#0"},
				"down": {"uv": [0, 0, 7, 4], "texture": "#0"}
			}
		},
		{
			"from": [-4.1, -0.94975, 21.87132],
			"to": [1.9, -0.79975, 24.32132],
			"rotation": {"angle": -22.5, "axis": "x", "origin": [-4.1, 2, 23]},
			"faces": {
				"north": {"uv": [1, 3, 1, 4], "texture": "#15"},
				"east": {"uv": [1, 3, 1, 4], "texture": "#15"},
				"south": {"uv": [1, 3, 1, 4], "texture": "#15"},
				"west": {"uv": [1, 3, 1, 4], "texture": "#15"},
				"up": {"uv": [1, 3, 1, 4], "texture": "#15"},
				"down": {"uv": [1, 3, 1, 4], "texture": "#15"}
			}
		},
		{
			"from": [-4.1, 0.67868, 25.79975],
			"to": [1.9, 3.12868, 25.94975],
			"rotation": {"angle": -22.5, "axis": "x", "origin": [-4.1, 2, 23]},
			"faces": {
				"north": {"uv": [1, 4, 1, 3], "rotation": 180, "texture": "#15"},
				"east": {"uv": [1, 3, 1, 4], "rotation": 90, "texture": "#15"},
				"south": {"uv": [1, 4, 1, 3], "texture": "#15"},
				"west": {"uv": [1, 3, 1, 4], "rotation": 270, "texture": "#15"},
				"up": {"uv": [1, 3, 1, 4], "texture": "#15"},
				"down": {"uv": [1, 3, 1, 4], "rotation": 180, "texture": "#15"}
			}
		},
		{
			"from": [-4.075, 0, 20.2],
			"to": [1.875, 4, 20.35],
			"rotation": {"angle": 22.5, "axis": "x", "origin": [-4.1, 2, 23]},
			"faces": {
				"north": {"uv": [1, 3, 1.95, 2], "rotation": 180, "texture": "#15"},
				"east": {"uv": [1, 3, 1.95, 2], "rotation": 90, "texture": "#15"},
				"south": {"uv": [1, 3, 1.95, 2], "texture": "#15"},
				"west": {"uv": [1, 3, 1.95, 2], "rotation": 270, "texture": "#15"},
				"up": {"uv": [1, 3, 1.95, 2], "texture": "#15"},
				"down": {"uv": [1, 3, 1.95, 2], "rotation": 180, "texture": "#15"}
			}
		},
		{
			"from": [-4.1, 0.7299, 20.19167],
			"to": [1.9, 3.1799, 20.34167],
			"rotation": {"angle": -22.5, "axis": "x", "origin": [-4.1, 2, 23]},
			"faces": {
				"north": {"uv": [1, 4, 1, 3], "rotation": 180, "texture": "#15"},
				"east": {"uv": [1, 4, 1, 3], "rotation": 90, "texture": "#15"},
				"south": {"uv": [1, 4, 1, 3], "texture": "#15"},
				"west": {"uv": [1, 4, 1, 3], "rotation": 270, "texture": "#15"},
				"up": {"uv": [1, 4, 1, 3], "texture": "#15"},
				"down": {"uv": [1, 4, 1, 3], "rotation": 180, "texture": "#15"}
			}
		},
		{
			"from": [-4.1, 4.65833, 21.8201],
			"to": [1.9, 4.80833, 24.2701],
			"rotation": {"angle": -22.5, "axis": "x", "origin": [-4.1, 2, 23]},
			"faces": {
				"north": {"uv": [1, 4, 1, 3], "texture": "#15"},
				"east": {"uv": [1, 4, 1, 3], "texture": "#15"},
				"south": {"uv": [1, 4, 1, 3], "texture": "#15"},
				"west": {"uv": [1, 4, 1, 3], "texture": "#15"},
				"up": {"uv": [1, 3, 1, 4], "texture": "#15"},
				"down": {"uv": [1, 3, 1, 4], "texture": "#15"}
			}
		},
		{
			"from": [-4.1, -0.03553, 25.94975],
			"to": [1.9, 3.96447, 27.94975],
			"rotation": {"angle": -22.5, "axis": "x", "origin": [-4.1, 2, 23]},
			"faces": {
				"north": {"uv": [0, 0, 7, 4], "rotation": 180, "texture": "#0"},
				"east": {"uv": [0, 0, 4, 2], "rotation": 90, "texture": "#0"},
				"south": {"uv": [0, 0, 7, 4], "texture": "#0"},
				"west": {"uv": [0, 0, 4, 2], "rotation": 270, "texture": "#0"},
				"up": {"uv": [0, 0, 7, 2], "texture": "#0"},
				"down": {"uv": [0, 0, 7, 2], "rotation": 180, "texture": "#0"}
			}
		},
		{
			"from": [-4.1, -0.03553, 18.2071],
			"to": [1.9, 3.96447, 20.2071],
			"rotation": {"angle": -22.5, "axis": "x", "origin": [-4.1, 2, 23]},
			"faces": {
				"north": {"uv": [0, 4, 7, 8], "rotation": 180, "texture": "#0"},
				"east": {"uv": [0, 2, 4, 4], "rotation": 90, "texture": "#0"},
				"south": {"uv": [0, 4, 7, 8], "texture": "#0"},
				"west": {"uv": [0, 2, 4, 4], "rotation": 270, "texture": "#0"},
				"up": {"uv": [0, 2, 7, 4], "texture": "#0"},
				"down": {"uv": [0, 2, 7, 4], "rotation": 180, "texture": "#0"}
			}
		},
		{
			"from": [-4.075, 0, 18.22183],
			"to": [1.875, 4, 20.22183],
			"rotation": {"angle": 22.5, "axis": "x", "origin": [-4.1, 2, 23]},
			"faces": {
				"north": {"uv": [0, 4, 6.95, 8], "rotation": 180, "texture": "#0"},
				"east": {"uv": [0, 2, 4, 4], "rotation": 90, "texture": "#0"},
				"south": {"uv": [0, 4, 6.95, 8], "texture": "#0"},
				"west": {"uv": [0, 2, 4, 4], "rotation": 270, "texture": "#0"},
				"up": {"uv": [0, 2, 6.95, 4], "texture": "#0"},
				"down": {"uv": [0, 2, 6.95, 4], "rotation": 180, "texture": "#0"}
			}
		},
		{
			"from": [-4.1, 4.79289, 21.12132],
			"to": [1.9, 6.79289, 25.12132],
			"rotation": {"angle": -22.5, "axis": "x", "origin": [-4.1, 2, 23]},
			"faces": {
				"north": {"uv": [0, 2, 7, 4], "texture": "#0"},
				"east": {"uv": [0, 2, 4, 4], "texture": "#0"},
				"south": {"uv": [0, 2, 7, 4], "texture": "#0"},
				"west": {"uv": [0, 2, 4, 4], "texture": "#0"},
				"up": {"uv": [0, 4, 7, 8], "texture": "#0"},
				"down": {"uv": [0, 4, 7, 8], "texture": "#0"}
			}
		},
		{
			"from": [-4.1, 0.93934, 21.93934],
			"to": [1.9, 2.93934, 23.93934],
			"rotation": {"angle": -22.5, "axis": "x", "origin": [-4.1, 2, 23]},
			"faces": {
				"north": {"uv": [2, 4, 4, 6], "texture": "#15"},
				"east": {"uv": [2, 4, 4, 6], "texture": "#15"},
				"south": {"uv": [2, 4, 4, 6], "texture": "#15"},
				"west": {"uv": [2, 4, 4, 6], "texture": "#15"},
				"up": {"uv": [2, 4, 4, 6], "texture": "#15"},
				"down": {"uv": [2, 4, 4, 6], "texture": "#15"}
			}
		},
		{
			"from": [-3.85, 1.25, 20],
			"to": [1.4, 2.55, 23],
			"rotation": {"angle": 22.5, "axis": "x", "origin": [-4.1, 2, 23]},
			"faces": {
				"north": {"uv": [2, 4, 4, 6], "rotation": 180, "texture": "#15"},
				"east": {"uv": [2, 4, 4, 6], "rotation": 90, "texture": "#15"},
				"south": {"uv": [2, 4, 4, 6], "texture": "#15"},
				"west": {"uv": [2, 4, 4, 6], "rotation": 270, "texture": "#15"},
				"up": {"uv": [2, 4, 4, 6], "texture": "#15"},
				"down": {"uv": [2, 4, 4, 6], "rotation": 180, "texture": "#15"}
			}
		},
		{
			"from": [-3.85, -1.06066, 22.28934],
			"to": [1.4, 1.93934, 23.58934],
			"rotation": {"angle": -22.5, "axis": "x", "origin": [-4.1, 2, 23]},
			"faces": {
				"north": {"uv": [2, 4, 4, 6], "texture": "#15"},
				"east": {"uv": [2, 4, 4, 6], "texture": "#15"},
				"south": {"uv": [2, 4, 4, 6], "texture": "#15"},
				"west": {"uv": [2, 4, 4, 6], "texture": "#15"},
				"up": {"uv": [2, 4, 4, 6], "texture": "#15"},
				"down": {"uv": [2, 4, 4, 6], "texture": "#15"}
			}
		},
		{
			"from": [-3.85, 1.38484, 19.05601],
			"to": [1.4, 2.68484, 22.05601],
			"rotation": {"angle": -45, "axis": "x", "origin": [-4.1, 2, 23]},
			"faces": {
				"north": {"uv": [2, 4, 4, 6], "rotation": 180, "texture": "#15"},
				"east": {"uv": [2, 4, 4, 6], "rotation": 270, "texture": "#15"},
				"south": {"uv": [2, 4, 4, 6], "texture": "#15"},
				"west": {"uv": [2, 4, 4, 6], "rotation": 90, "texture": "#15"},
				"up": {"uv": [2, 4, 4, 6], "rotation": 180, "texture": "#15"},
				"down": {"uv": [2, 4, 4, 6], "texture": "#15"}
			}
		},
		{
			"from": [-3.85, 1.90531, 22.20964],
			"to": [1.4, 4.90531, 23.50964],
			"rotation": {"angle": 0, "axis": "x", "origin": [-4.1, 2, 23]},
			"faces": {
				"north": {"uv": [2, 6, 4, 4], "texture": "#15"},
				"east": {"uv": [2, 6, 4, 4], "texture": "#15"},
				"south": {"uv": [2, 6, 4, 4], "texture": "#15"},
				"west": {"uv": [2, 6, 4, 4], "texture": "#15"},
				"up": {"uv": [4, 4, 2, 6], "rotation": 180, "texture": "#15"},
				"down": {"uv": [4, 4, 2, 6], "rotation": 180, "texture": "#15"}
			}
		},
		{
			"from": [-3.85, 1.28934, 22.91924],
			"to": [1.4, 2.58934, 25.91924],
			"rotation": {"angle": -22.5, "axis": "x", "origin": [-4.1, 2, 23]},
			"faces": {
				"north": {"uv": [2, 4, 4, 6], "rotation": 180, "texture": "#15"},
				"east": {"uv": [2, 4, 4, 6], "rotation": 90, "texture": "#15"},
				"south": {"uv": [2, 4, 4, 6], "texture": "#15"},
				"west": {"uv": [2, 4, 4, 6], "rotation": 270, "texture": "#15"},
				"up": {"uv": [2, 4, 4, 6], "texture": "#15"},
				"down": {"uv": [2, 4, 4, 6], "rotation": 180, "texture": "#15"}
			}
		},
		{
			"from": [14.125, -0.90343, 21.17157],
			"to": [20.075, -0.80343, 25.17157],
			"rotation": {"angle": 22.5, "axis": "x", "origin": [20.1, 2, 23]},
			"faces": {
				"north": {"uv": [2.95, 2, 2, 3], "rotation": 180, "texture": "#15"},
				"east": {"uv": [2.95, 2, 2, 3], "rotation": 90, "texture": "#15"},
				"south": {"uv": [2.95, 2, 2, 3], "texture": "#15"},
				"west": {"uv": [2.95, 2, 2, 3], "rotation": 270, "texture": "#15"},
				"up": {"uv": [2.95, 2, 2, 3], "texture": "#15"},
				"down": {"uv": [2.95, 2, 2, 3], "rotation": 180, "texture": "#15"}
			}
		},
		{
			"from": [14.125, 0, 20.2],
			"to": [20.075, 4, 20.35],
			"rotation": {"angle": 22.5, "axis": "x", "origin": [20.1, 2, 23]},
			"faces": {
				"north": {"uv": [1.95, 3, 1, 2], "rotation": 180, "texture": "#15"},
				"east": {"uv": [1.95, 3, 1, 2], "rotation": 90, "texture": "#15"},
				"south": {"uv": [1.95, 3, 1, 2], "texture": "#15"},
				"west": {"uv": [1.95, 3, 1, 2], "rotation": 270, "texture": "#15"},
				"up": {"uv": [1.95, 3, 1, 2], "texture": "#15"},
				"down": {"uv": [1.95, 3, 1, 2], "rotation": 180, "texture": "#15"}
			}
		},
		{
			"from": [14.125, 0, 25.85],
			"to": [20.075, 4, 26],
			"rotation": {"angle": 22.5, "axis": "x", "origin": [20.1, 2, 23]},
			"faces": {
				"north": {"uv": [1.95, 2, 1, 3], "rotation": 180, "texture": "#15"},
				"east": {"uv": [1.95, 2, 1, 3], "rotation": 90, "texture": "#15"},
				"south": {"uv": [1.95, 2, 1, 3], "texture": "#15"},
				"west": {"uv": [1.95, 2, 1, 3], "rotation": 270, "texture": "#15"},
				"up": {"uv": [1.95, 2, 1, 3], "texture": "#15"},
				"down": {"uv": [1.95, 2, 1, 3], "rotation": 180, "texture": "#15"}
			}
		},
		{
			"from": [14.125, 0, 26],
			"to": [20.075, 4, 28],
			"rotation": {"angle": 22.5, "axis": "x", "origin": [20.1, 2, 23]},
			"faces": {
				"north": {"uv": [6.95, 0, 0, 4], "rotation": 180, "texture": "#0"},
				"east": {"uv": [4, 0, 0, 2], "rotation": 90, "texture": "#0"},
				"south": {"uv": [6.95, 0, 0, 4], "texture": "#0"},
				"west": {"uv": [4, 0, 0, 2], "rotation": 270, "texture": "#0"},
				"up": {"uv": [6.95, 0, 0, 2], "texture": "#0"},
				"down": {"uv": [6.95, 0, 0, 2], "rotation": 180, "texture": "#0"}
			}
		},
		{
			"from": [14.175, -2.82843, 21.17157],
			"to": [20.05, -0.82843, 25.17157],
			"rotation": {"angle": 22.5, "axis": "x", "origin": [20.1, 2, 23]},
			"faces": {
				"north": {"uv": [6.875, 0, 0, 2], "texture": "#0"},
				"east": {"uv": [0, 2, 4, 0], "rotation": 180, "texture": "#0"},
				"south": {"uv": [6.875, 0, 0, 2], "texture": "#0"},
				"west": {"uv": [0, 2, 4, 0], "rotation": 180, "texture": "#0"},
				"up": {"uv": [6.875, 0, 0, 4], "texture": "#0"},
				"down": {"uv": [6.875, 0, 0, 4], "texture": "#0"}
			}
		},
		{
			"from": [14.125, -0.90343, 21.17157],
			"to": [20.075, -0.80343, 25.17157],
			"rotation": {"angle": 22.5, "axis": "x", "origin": [20.1, 2, 23]},
			"faces": {
				"north": {"uv": [2.95, 2, 2, 3], "rotation": 180, "texture": "#15"},
				"east": {"uv": [2.95, 2, 2, 3], "rotation": 90, "texture": "#15"},
				"south": {"uv": [2.95, 2, 2, 3], "texture": "#15"},
				"west": {"uv": [2.95, 2, 2, 3], "rotation": 270, "texture": "#15"},
				"up": {"uv": [2.95, 2, 2, 3], "texture": "#15"},
				"down": {"uv": [2.95, 2, 2, 3], "rotation": 180, "texture": "#15"}
			}
		},
		{
			"from": [14.125, 4.77157, 21.17157],
			"to": [20.075, 4.87157, 25.17157],
			"rotation": {"angle": 22.5, "axis": "x", "origin": [20.1, 2, 23]},
			"faces": {
				"north": {"uv": [2.95, 2, 2, 3], "rotation": 180, "texture": "#15"},
				"east": {"uv": [2.95, 2, 2, 3], "rotation": 90, "texture": "#15"},
				"south": {"uv": [2.95, 2, 2, 3], "texture": "#15"},
				"west": {"uv": [2.95, 2, 2, 3], "rotation": 270, "texture": "#15"},
				"up": {"uv": [2.95, 2, 2, 3], "texture": "#15"},
				"down": {"uv": [2.95, 2, 2, 3], "rotation": 180, "texture": "#15"}
			}
		},
		{
			"from": [14.15, 4.88909, 21.11091],
			"to": [20.075, 6.88909, 25.11091],
			"rotation": {"angle": 22.5, "axis": "x", "origin": [20.1, 2, 23]},
			"faces": {
				"north": {"uv": [6.925, 0, 0, 2], "texture": "#0"},
				"east": {"uv": [0, 2, 4, 0], "rotation": 180, "texture": "#0"},
				"south": {"uv": [6.925, 0, 0, 2], "texture": "#0"},
				"west": {"uv": [0, 2, 4, 0], "rotation": 180, "texture": "#0"},
				"up": {"uv": [6.925, 0, 0, 4], "texture": "#0"},
				"down": {"uv": [6.925, 0, 0, 4], "texture": "#0"}
			}
		},
		{
			"from": [14.1, -2.94975, 21.12133],
			"to": [20.1, -0.94975, 25.12133],
			"rotation": {"angle": -22.5, "axis": "x", "origin": [20.1, 2, 23]},
			"faces": {
				"north": {"uv": [7, 0, 0, 2], "texture": "#0"},
				"east": {"uv": [4, 0, 0, 2], "texture": "#0"},
				"south": {"uv": [7, 0, 0, 2], "texture": "#0"},
				"west": {"uv": [4, 0, 0, 2], "texture": "#0"},
				"up": {"uv": [7, 0, 0, 4], "texture": "#0"},
				"down": {"uv": [7, 0, 0, 4], "texture": "#0"}
			}
		},
		{
			"from": [14.1, -0.94975, 21.87132],
			"to": [20.1, -0.79975, 24.32132],
			"rotation": {"angle": -22.5, "axis": "x", "origin": [20.1, 2, 23]},
			"faces": {
				"north": {"uv": [1, 3, 1, 4], "texture": "#15"},
				"east": {"uv": [1, 3, 1, 4], "texture": "#15"},
				"south": {"uv": [1, 3, 1, 4], "texture": "#15"},
				"west": {"uv": [1, 3, 1, 4], "texture": "#15"},
				"up": {"uv": [1, 3, 1, 4], "texture": "#15"},
				"down": {"uv": [1, 3, 1, 4], "texture": "#15"}
			}
		},
		{
			"from": [14.1, 0.67868, 25.79975],
			"to": [20.1, 3.12868, 25.94975],
			"rotation": {"angle": -22.5, "axis": "x", "origin": [20.1, 2, 23]},
			"faces": {
				"north": {"uv": [1, 4, 1, 3], "rotation": 180, "texture": "#15"},
				"east": {"uv": [1, 3, 1, 4], "rotation": 90, "texture": "#15"},
				"south": {"uv": [1, 4, 1, 3], "texture": "#15"},
				"west": {"uv": [1, 3, 1, 4], "rotation": 270, "texture": "#15"},
				"up": {"uv": [1, 3, 1, 4], "texture": "#15"},
				"down": {"uv": [1, 3, 1, 4], "rotation": 180, "texture": "#15"}
			}
		},
		{
			"from": [14.125, 0, 20.2],
			"to": [20.075, 4, 20.35],
			"rotation": {"angle": 22.5, "axis": "x", "origin": [20.1, 2, 23]},
			"faces": {
				"north": {"uv": [1.95, 3, 1, 2], "rotation": 180, "texture": "#15"},
				"east": {"uv": [1.95, 3, 1, 2], "rotation": 90, "texture": "#15"},
				"south": {"uv": [1.95, 3, 1, 2], "texture": "#15"},
				"west": {"uv": [1.95, 3, 1, 2], "rotation": 270, "texture": "#15"},
				"up": {"uv": [1.95, 3, 1, 2], "texture": "#15"},
				"down": {"uv": [1.95, 3, 1, 2], "rotation": 180, "texture": "#15"}
			}
		},
		{
			"from": [14.1, 0.7299, 20.19167],
			"to": [20.1, 3.1799, 20.34167],
			"rotation": {"angle": -22.5, "axis": "x", "origin": [20.1, 2, 23]},
			"faces": {
				"north": {"uv": [1, 4, 1, 3], "rotation": 180, "texture": "#15"},
				"east": {"uv": [1, 4, 1, 3], "rotation": 90, "texture": "#15"},
				"south": {"uv": [1, 4, 1, 3], "texture": "#15"},
				"west": {"uv": [1, 4, 1, 3], "rotation": 270, "texture": "#15"},
				"up": {"uv": [1, 4, 1, 3], "texture": "#15"},
				"down": {"uv": [1, 4, 1, 3], "rotation": 180, "texture": "#15"}
			}
		},
		{
			"from": [14.1, 4.65833, 21.8201],
			"to": [20.1, 4.80833, 24.2701],
			"rotation": {"angle": -22.5, "axis": "x", "origin": [20.1, 2, 23]},
			"faces": {
				"north": {"uv": [1, 4, 1, 3], "texture": "#15"},
				"east": {"uv": [1, 4, 1, 3], "texture": "#15"},
				"south": {"uv": [1, 4, 1, 3], "texture": "#15"},
				"west": {"uv": [1, 4, 1, 3], "texture": "#15"},
				"up": {"uv": [1, 3, 1, 4], "texture": "#15"},
				"down": {"uv": [1, 3, 1, 4], "texture": "#15"}
			}
		},
		{
			"from": [14.1, -0.03553, 25.94975],
			"to": [20.1, 3.96447, 27.94975],
			"rotation": {"angle": -22.5, "axis": "x", "origin": [20.1, 2, 23]},
			"faces": {
				"north": {"uv": [7, 0, 0, 4], "rotation": 180, "texture": "#0"},
				"east": {"uv": [4, 0, 0, 2], "rotation": 90, "texture": "#0"},
				"south": {"uv": [7, 0, 0, 4], "texture": "#0"},
				"west": {"uv": [4, 0, 0, 2], "rotation": 270, "texture": "#0"},
				"up": {"uv": [7, 0, 0, 2], "texture": "#0"},
				"down": {"uv": [7, 0, 0, 2], "rotation": 180, "texture": "#0"}
			}
		},
		{
			"from": [14.1, -0.03553, 18.2071],
			"to": [20.1, 3.96447, 20.2071],
			"rotation": {"angle": -22.5, "axis": "x", "origin": [20.1, 2, 23]},
			"faces": {
				"north": {"uv": [7, 4, 0, 8], "rotation": 180, "texture": "#0"},
				"east": {"uv": [4, 2, 0, 4], "rotation": 90, "texture": "#0"},
				"south": {"uv": [7, 4, 0, 8], "texture": "#0"},
				"west": {"uv": [4, 2, 0, 4], "rotation": 270, "texture": "#0"},
				"up": {"uv": [7, 2, 0, 4], "texture": "#0"},
				"down": {"uv": [7, 2, 0, 4], "rotation": 180, "texture": "#0"}
			}
		},
		{
			"from": [14.125, 0, 18.22183],
			"to": [20.075, 4, 20.22183],
			"rotation": {"angle": 22.5, "axis": "x", "origin": [20.1, 2, 23]},
			"faces": {
				"north": {"uv": [6.95, 4, 0, 8], "rotation": 180, "texture": "#0"},
				"east": {"uv": [4, 2, 0, 4], "rotation": 90, "texture": "#0"},
				"south": {"uv": [6.95, 4, 0, 8], "texture": "#0"},
				"west": {"uv": [4, 2, 0, 4], "rotation": 270, "texture": "#0"},
				"up": {"uv": [6.95, 2, 0, 4], "texture": "#0"},
				"down": {"uv": [6.95, 2, 0, 4], "rotation": 180, "texture": "#0"}
			}
		},
		{
			"from": [14.1, 4.79289, 21.12132],
			"to": [20.1, 6.79289, 25.12132],
			"rotation": {"angle": -22.5, "axis": "x", "origin": [20.1, 2, 23]},
			"faces": {
				"north": {"uv": [7, 2, 0, 4], "texture": "#0"},
				"east": {"uv": [4, 2, 0, 4], "texture": "#0"},
				"south": {"uv": [7, 2, 0, 4], "texture": "#0"},
				"west": {"uv": [4, 2, 0, 4], "texture": "#0"},
				"up": {"uv": [7, 4, 0, 8], "texture": "#0"},
				"down": {"uv": [7, 4, 0, 8], "texture": "#0"}
			}
		},
		{
			"from": [14.1, 0.93934, 21.93934],
			"to": [20.1, 2.93934, 23.93934],
			"rotation": {"angle": -22.5, "axis": "x", "origin": [20.1, 2, 23]},
			"faces": {
				"north": {"uv": [4, 4, 2, 6], "texture": "#15"},
				"east": {"uv": [4, 4, 2, 6], "texture": "#15"},
				"south": {"uv": [4, 4, 2, 6], "texture": "#15"},
				"west": {"uv": [4, 4, 2, 6], "texture": "#15"},
				"up": {"uv": [4, 4, 2, 6], "texture": "#15"},
				"down": {"uv": [4, 4, 2, 6], "texture": "#15"}
			}
		},
		{
			"from": [14.6, 1.25, 20],
			"to": [19.85, 2.55, 23],
			"rotation": {"angle": 22.5, "axis": "x", "origin": [20.1, 2, 23]},
			"faces": {
				"north": {"uv": [4, 4, 2, 6], "rotation": 180, "texture": "#15"},
				"east": {"uv": [4, 4, 2, 6], "rotation": 90, "texture": "#15"},
				"south": {"uv": [4, 4, 2, 6], "texture": "#15"},
				"west": {"uv": [4, 4, 2, 6], "rotation": 270, "texture": "#15"},
				"up": {"uv": [4, 4, 2, 6], "texture": "#15"},
				"down": {"uv": [4, 4, 2, 6], "rotation": 180, "texture": "#15"}
			}
		},
		{
			"from": [14.6, -1.06066, 22.28934],
			"to": [19.85, 1.93934, 23.58934],
			"rotation": {"angle": -22.5, "axis": "x", "origin": [20.1, 2, 23]},
			"faces": {
				"north": {"uv": [4, 4, 2, 6], "texture": "#15"},
				"east": {"uv": [2, 6, 4, 4], "rotation": 180, "texture": "#15"},
				"south": {"uv": [4, 4, 2, 6], "texture": "#15"},
				"west": {"uv": [2, 6, 4, 4], "rotation": 180, "texture": "#15"},
				"up": {"uv": [4, 4, 2, 6], "texture": "#15"},
				"down": {"uv": [4, 4, 2, 6], "texture": "#15"}
			}
		},
		{
			"from": [14.6, 1.38484, 19.05601],
			"to": [19.85, 2.68484, 22.05601],
			"rotation": {"angle": -45, "axis": "x", "origin": [20.1, 2, 23]},
			"faces": {
				"north": {"uv": [4, 4, 2, 6], "rotation": 180, "texture": "#15"},
				"east": {"uv": [2, 6, 4, 4], "rotation": 90, "texture": "#15"},
				"south": {"uv": [4, 4, 2, 6], "texture": "#15"},
				"west": {"uv": [2, 6, 4, 4], "rotation": 270, "texture": "#15"},
				"up": {"uv": [4, 4, 2, 6], "rotation": 180, "texture": "#15"},
				"down": {"uv": [4, 4, 2, 6], "texture": "#15"}
			}
		},
		{
			"from": [14.6, 1.90531, 22.20964],
			"to": [19.85, 4.90531, 23.50964],
			"rotation": {"angle": 0, "axis": "x", "origin": [20.1, 2, 23]},
			"faces": {
				"north": {"uv": [4, 6, 2, 4], "texture": "#15"},
				"east": {"uv": [2, 4, 4, 6], "rotation": 180, "texture": "#15"},
				"south": {"uv": [4, 6, 2, 4], "texture": "#15"},
				"west": {"uv": [2, 4, 4, 6], "rotation": 180, "texture": "#15"},
				"up": {"uv": [2, 4, 4, 6], "rotation": 180, "texture": "#15"},
				"down": {"uv": [2, 4, 4, 6], "rotation": 180, "texture": "#15"}
			}
		},
		{
			"from": [14.6, 1.28934, 22.91924],
			"to": [19.85, 2.58934, 25.91924],
			"rotation": {"angle": -22.5, "axis": "x", "origin": [20.1, 2, 23]},
			"faces": {
				"north": {"uv": [4, 4, 2, 6], "rotation": 180, "texture": "#15"},
				"east": {"uv": [4, 4, 2, 6], "rotation": 90, "texture": "#15"},
				"south": {"uv": [4, 4, 2, 6], "texture": "#15"},
				"west": {"uv": [4, 4, 2, 6], "rotation": 270, "texture": "#15"},
				"up": {"uv": [4, 4, 2, 6], "texture": "#15"},
				"down": {"uv": [4, 4, 2, 6], "rotation": 180, "texture": "#15"}
			}
		},
		{
			"from": [14.125, -0.90343, 21.17157],
			"to": [20.075, -0.80343, 25.17157],
			"rotation": {"angle": 22.5, "axis": "x", "origin": [20.1, 2, 23]},
			"faces": {
				"north": {"uv": [2.95, 2, 2, 3], "rotation": 180, "texture": "#15"},
				"east": {"uv": [2.95, 2, 2, 3], "rotation": 90, "texture": "#15"},
				"south": {"uv": [2.95, 2, 2, 3], "texture": "#15"},
				"west": {"uv": [2.95, 2, 2, 3], "rotation": 270, "texture": "#15"},
				"up": {"uv": [2.95, 2, 2, 3], "texture": "#15"},
				"down": {"uv": [2.95, 2, 2, 3], "rotation": 180, "texture": "#15"}
			}
		},
		{
			"from": [14.125, 0, 20.2],
			"to": [20.075, 4, 20.35],
			"rotation": {"angle": 22.5, "axis": "x", "origin": [20.1, 2, 23]},
			"faces": {
				"north": {"uv": [1.95, 3, 1, 2], "rotation": 180, "texture": "#15"},
				"east": {"uv": [1.95, 3, 1, 2], "rotation": 90, "texture": "#15"},
				"south": {"uv": [1.95, 3, 1, 2], "texture": "#15"},
				"west": {"uv": [1.95, 3, 1, 2], "rotation": 270, "texture": "#15"},
				"up": {"uv": [1.95, 3, 1, 2], "texture": "#15"},
				"down": {"uv": [1.95, 3, 1, 2], "rotation": 180, "texture": "#15"}
			}
		},
		{
			"from": [14.125, 0, 25.85],
			"to": [20.075, 4, 26],
			"rotation": {"angle": 22.5, "axis": "x", "origin": [20.1, 2, 23]},
			"faces": {
				"north": {"uv": [1.95, 2, 1, 3], "rotation": 180, "texture": "#15"},
				"east": {"uv": [1.95, 2, 1, 3], "rotation": 90, "texture": "#15"},
				"south": {"uv": [1.95, 2, 1, 3], "texture": "#15"},
				"west": {"uv": [1.95, 2, 1, 3], "rotation": 270, "texture": "#15"},
				"up": {"uv": [1.95, 2, 1, 3], "texture": "#15"},
				"down": {"uv": [1.95, 2, 1, 3], "rotation": 180, "texture": "#15"}
			}
		},
		{
			"from": [14.125, 0, 26],
			"to": [20.075, 4, 28],
			"rotation": {"angle": 22.5, "axis": "x", "origin": [20.1, 2, 23]},
			"faces": {
				"north": {"uv": [6.95, 0, 0, 4], "rotation": 180, "texture": "#0"},
				"east": {"uv": [4, 0, 0, 2], "rotation": 90, "texture": "#0"},
				"south": {"uv": [6.95, 0, 0, 4], "texture": "#0"},
				"west": {"uv": [4, 0, 0, 2], "rotation": 270, "texture": "#0"},
				"up": {"uv": [6.95, 0, 0, 2], "texture": "#0"},
				"down": {"uv": [6.95, 0, 0, 2], "rotation": 180, "texture": "#0"}
			}
		},
		{
			"from": [14.175, -2.82843, 21.17157],
			"to": [20.05, -0.82843, 25.17157],
			"rotation": {"angle": 22.5, "axis": "x", "origin": [20.1, 2, 23]},
			"faces": {
				"north": {"uv": [6.875, 0, 0, 2], "texture": "#0"},
				"east": {"uv": [0, 2, 4, 0], "rotation": 180, "texture": "#0"},
				"south": {"uv": [6.875, 0, 0, 2], "texture": "#0"},
				"west": {"uv": [0, 2, 4, 0], "rotation": 180, "texture": "#0"},
				"up": {"uv": [6.875, 0, 0, 4], "texture": "#0"},
				"down": {"uv": [6.875, 0, 0, 4], "texture": "#0"}
			}
		},
		{
			"from": [14.125, -0.90343, 21.17157],
			"to": [20.075, -0.80343, 25.17157],
			"rotation": {"angle": 22.5, "axis": "x", "origin": [20.1, 2, 23]},
			"faces": {
				"north": {"uv": [2.95, 2, 2, 3], "rotation": 180, "texture": "#15"},
				"east": {"uv": [2.95, 2, 2, 3], "rotation": 90, "texture": "#15"},
				"south": {"uv": [2.95, 2, 2, 3], "texture": "#15"},
				"west": {"uv": [2.95, 2, 2, 3], "rotation": 270, "texture": "#15"},
				"up": {"uv": [2.95, 2, 2, 3], "texture": "#15"},
				"down": {"uv": [2.95, 2, 2, 3], "rotation": 180, "texture": "#15"}
			}
		},
		{
			"from": [14.125, 4.77157, 21.17157],
			"to": [20.075, 4.87157, 25.17157],
			"rotation": {"angle": 22.5, "axis": "x", "origin": [20.1, 2, 23]},
			"faces": {
				"north": {"uv": [2.95, 2, 2, 3], "rotation": 180, "texture": "#15"},
				"east": {"uv": [2.95, 2, 2, 3], "rotation": 90, "texture": "#15"},
				"south": {"uv": [2.95, 2, 2, 3], "texture": "#15"},
				"west": {"uv": [2.95, 2, 2, 3], "rotation": 270, "texture": "#15"},
				"up": {"uv": [2.95, 2, 2, 3], "texture": "#15"},
				"down": {"uv": [2.95, 2, 2, 3], "rotation": 180, "texture": "#15"}
			}
		},
		{
			"from": [14.15, 4.88909, 21.11091],
			"to": [20.075, 6.88909, 25.11091],
			"rotation": {"angle": 22.5, "axis": "x", "origin": [20.1, 2, 23]},
			"faces": {
				"north": {"uv": [6.925, 0, 0, 2], "texture": "#0"},
				"east": {"uv": [0, 2, 4, 0], "rotation": 180, "texture": "#0"},
				"south": {"uv": [6.925, 0, 0, 2], "texture": "#0"},
				"west": {"uv": [0, 2, 4, 0], "rotation": 180, "texture": "#0"},
				"up": {"uv": [6.925, 0, 0, 4], "texture": "#0"},
				"down": {"uv": [6.925, 0, 0, 4], "texture": "#0"}
			}
		},
		{
			"from": [14.1, -2.94975, 21.12133],
			"to": [20.1, -0.94975, 25.12133],
			"rotation": {"angle": -22.5, "axis": "x", "origin": [20.1, 2, 23]},
			"faces": {
				"north": {"uv": [7, 0, 0, 2], "texture": "#0"},
				"east": {"uv": [4, 0, 0, 2], "texture": "#0"},
				"south": {"uv": [7, 0, 0, 2], "texture": "#0"},
				"west": {"uv": [4, 0, 0, 2], "texture": "#0"},
				"up": {"uv": [7, 0, 0, 4], "texture": "#0"},
				"down": {"uv": [7, 0, 0, 4], "texture": "#0"}
			}
		},
		{
			"from": [14.1, -0.94975, 21.87132],
			"to": [20.1, -0.79975, 24.32132],
			"rotation": {"angle": -22.5, "axis": "x", "origin": [20.1, 2, 23]},
			"faces": {
				"north": {"uv": [1, 3, 1, 4], "texture": "#15"},
				"east": {"uv": [1, 3, 1, 4], "texture": "#15"},
				"south": {"uv": [1, 3, 1, 4], "texture": "#15"},
				"west": {"uv": [1, 3, 1, 4], "texture": "#15"},
				"up": {"uv": [1, 3, 1, 4], "texture": "#15"},
				"down": {"uv": [1, 3, 1, 4], "texture": "#15"}
			}
		},
		{
			"from": [14.1, 0.67868, 25.79975],
			"to": [20.1, 3.12868, 25.94975],
			"rotation": {"angle": -22.5, "axis": "x", "origin": [20.1, 2, 23]},
			"faces": {
				"north": {"uv": [1, 4, 1, 3], "rotation": 180, "texture": "#15"},
				"east": {"uv": [1, 3, 1, 4], "rotation": 90, "texture": "#15"},
				"south": {"uv": [1, 4, 1, 3], "texture": "#15"},
				"west": {"uv": [1, 3, 1, 4], "rotation": 270, "texture": "#15"},
				"up": {"uv": [1, 3, 1, 4], "texture": "#15"},
				"down": {"uv": [1, 3, 1, 4], "rotation": 180, "texture": "#15"}
			}
		},
		{
			"from": [14.125, 0, 20.2],
			"to": [20.075, 4, 20.35],
			"rotation": {"angle": 22.5, "axis": "x", "origin": [20.1, 2, 23]},
			"faces": {
				"north": {"uv": [1.95, 3, 1, 2], "rotation": 180, "texture": "#15"},
				"east": {"uv": [1.95, 3, 1, 2], "rotation": 90, "texture": "#15"},
				"south": {"uv": [1.95, 3, 1, 2], "texture": "#15"},
				"west": {"uv": [1.95, 3, 1, 2], "rotation": 270, "texture": "#15"},
				"up": {"uv": [1.95, 3, 1, 2], "texture": "#15"},
				"down": {"uv": [1.95, 3, 1, 2], "rotation": 180, "texture": "#15"}
			}
		},
		{
			"from": [14.1, 0.7299, 20.19167],
			"to": [20.1, 3.1799, 20.34167],
			"rotation": {"angle": -22.5, "axis": "x", "origin": [20.1, 2, 23]},
			"faces": {
				"north": {"uv": [1, 4, 1, 3], "rotation": 180, "texture": "#15"},
				"east": {"uv": [1, 4, 1, 3], "rotation": 90, "texture": "#15"},
				"south": {"uv": [1, 4, 1, 3], "texture": "#15"},
				"west": {"uv": [1, 4, 1, 3], "rotation": 270, "texture": "#15"},
				"up": {"uv": [1, 4, 1, 3], "texture": "#15"},
				"down": {"uv": [1, 4, 1, 3], "rotation": 180, "texture": "#15"}
			}
		},
		{
			"from": [14.1, 4.65833, 21.8201],
			"to": [20.1, 4.80833, 24.2701],
			"rotation": {"angle": -22.5, "axis": "x", "origin": [20.1, 2, 23]},
			"faces": {
				"north": {"uv": [1, 4, 1, 3], "texture": "#15"},
				"east": {"uv": [1, 4, 1, 3], "texture": "#15"},
				"south": {"uv": [1, 4, 1, 3], "texture": "#15"},
				"west": {"uv": [1, 4, 1, 3], "texture": "#15"},
				"up": {"uv": [1, 3, 1, 4], "texture": "#15"},
				"down": {"uv": [1, 3, 1, 4], "texture": "#15"}
			}
		},
		{
			"from": [14.1, -0.03553, 25.94975],
			"to": [20.1, 3.96447, 27.94975],
			"rotation": {"angle": -22.5, "axis": "x", "origin": [20.1, 2, 23]},
			"faces": {
				"north": {"uv": [7, 0, 0, 4], "rotation": 180, "texture": "#0"},
				"east": {"uv": [4, 0, 0, 2], "rotation": 90, "texture": "#0"},
				"south": {"uv": [7, 0, 0, 4], "texture": "#0"},
				"west": {"uv": [4, 0, 0, 2], "rotation": 270, "texture": "#0"},
				"up": {"uv": [7, 0, 0, 2], "texture": "#0"},
				"down": {"uv": [7, 0, 0, 2], "rotation": 180, "texture": "#0"}
			}
		},
		{
			"from": [14.1, -0.03553, 18.2071],
			"to": [20.1, 3.96447, 20.2071],
			"rotation": {"angle": -22.5, "axis": "x", "origin": [20.1, 2, 23]},
			"faces": {
				"north": {"uv": [7, 4, 0, 8], "rotation": 180, "texture": "#0"},
				"east": {"uv": [4, 2, 0, 4], "rotation": 90, "texture": "#0"},
				"south": {"uv": [7, 4, 0, 8], "texture": "#0"},
				"west": {"uv": [4, 2, 0, 4], "rotation": 270, "texture": "#0"},
				"up": {"uv": [7, 2, 0, 4], "texture": "#0"},
				"down": {"uv": [7, 2, 0, 4], "rotation": 180, "texture": "#0"}
			}
		},
		{
			"from": [14.125, 0, 18.22183],
			"to": [20.075, 4, 20.22183],
			"rotation": {"angle": 22.5, "axis": "x", "origin": [20.1, 2, 23]},
			"faces": {
				"north": {"uv": [6.95, 4, 0, 8], "rotation": 180, "texture": "#0"},
				"east": {"uv": [4, 2, 0, 4], "rotation": 90, "texture": "#0"},
				"south": {"uv": [6.95, 4, 0, 8], "texture": "#0"},
				"west": {"uv": [4, 2, 0, 4], "rotation": 270, "texture": "#0"},
				"up": {"uv": [6.95, 2, 0, 4], "texture": "#0"},
				"down": {"uv": [6.95, 2, 0, 4], "rotation": 180, "texture": "#0"}
			}
		},
		{
			"from": [14.1, 4.79289, 21.12132],
			"to": [20.1, 6.79289, 25.12132],
			"rotation": {"angle": -22.5, "axis": "x", "origin": [20.1, 2, 23]},
			"faces": {
				"north": {"uv": [7, 2, 0, 4], "texture": "#0"},
				"east": {"uv": [4, 2, 0, 4], "texture": "#0"},
				"south": {"uv": [7, 2, 0, 4], "texture": "#0"},
				"west": {"uv": [4, 2, 0, 4], "texture": "#0"},
				"up": {"uv": [7, 4, 0, 8], "texture": "#0"},
				"down": {"uv": [7, 4, 0, 8], "texture": "#0"}
			}
		},
		{
			"from": [14.1, 0.93934, 21.93934],
			"to": [20.1, 2.93934, 23.93934],
			"rotation": {"angle": -22.5, "axis": "x", "origin": [20.1, 2, 23]},
			"faces": {
				"north": {"uv": [4, 4, 2, 6], "texture": "#15"},
				"east": {"uv": [4, 4, 2, 6], "texture": "#15"},
				"south": {"uv": [4, 4, 2, 6], "texture": "#15"},
				"west": {"uv": [4, 4, 2, 6], "texture": "#15"},
				"up": {"uv": [4, 4, 2, 6], "texture": "#15"},
				"down": {"uv": [4, 4, 2, 6], "texture": "#15"}
			}
		},
		{
			"from": [14.6, 1.25, 20],
			"to": [19.85, 2.55, 23],
			"rotation": {"angle": 22.5, "axis": "x", "origin": [20.1, 2, 23]},
			"faces": {
				"north": {"uv": [4, 4, 2, 6], "rotation": 180, "texture": "#15"},
				"east": {"uv": [4, 4, 2, 6], "rotation": 90, "texture": "#15"},
				"south": {"uv": [4, 4, 2, 6], "texture": "#15"},
				"west": {"uv": [4, 4, 2, 6], "rotation": 270, "texture": "#15"},
				"up": {"uv": [4, 4, 2, 6], "texture": "#15"},
				"down": {"uv": [4, 4, 2, 6], "rotation": 180, "texture": "#15"}
			}
		},
		{
			"from": [14.6, -1.06066, 22.28934],
			"to": [19.85, 1.93934, 23.58934],
			"rotation": {"angle": -22.5, "axis": "x", "origin": [20.1, 2, 23]},
			"faces": {
				"north": {"uv": [4, 4, 2, 6], "texture": "#15"},
				"east": {"uv": [2, 6, 4, 4], "rotation": 180, "texture": "#15"},
				"south": {"uv": [4, 4, 2, 6], "texture": "#15"},
				"west": {"uv": [2, 6, 4, 4], "rotation": 180, "texture": "#15"},
				"up": {"uv": [4, 4, 2, 6], "texture": "#15"},
				"down": {"uv": [4, 4, 2, 6], "texture": "#15"}
			}
		},
		{
			"from": [14.6, 1.38484, 19.05601],
			"to": [19.85, 2.68484, 22.05601],
			"rotation": {"angle": -45, "axis": "x", "origin": [20.1, 2, 23]},
			"faces": {
				"north": {"uv": [4, 4, 2, 6], "rotation": 180, "texture": "#15"},
				"east": {"uv": [2, 6, 4, 4], "rotation": 90, "texture": "#15"},
				"south": {"uv": [4, 4, 2, 6], "texture": "#15"},
				"west": {"uv": [2, 6, 4, 4], "rotation": 270, "texture": "#15"},
				"up": {"uv": [4, 4, 2, 6], "rotation": 180, "texture": "#15"},
				"down": {"uv": [4, 4, 2, 6], "texture": "#15"}
			}
		},
		{
			"from": [14.6, 1.90531, 22.20964],
			"to": [19.85, 4.90531, 23.50964],
			"rotation": {"angle": 0, "axis": "x", "origin": [20.1, 2, 23]},
			"faces": {
				"north": {"uv": [4, 6, 2, 4], "texture": "#15"},
				"east": {"uv": [2, 4, 4, 6], "rotation": 180, "texture": "#15"},
				"south": {"uv": [4, 6, 2, 4], "texture": "#15"},
				"west": {"uv": [2, 4, 4, 6], "rotation": 180, "texture": "#15"},
				"up": {"uv": [2, 4, 4, 6], "rotation": 180, "texture": "#15"},
				"down": {"uv": [2, 4, 4, 6], "rotation": 180, "texture": "#15"}
			}
		},
		{
			"from": [14.6, 1.28934, 22.91924],
			"to": [19.85, 2.58934, 25.91924],
			"rotation": {"angle": -22.5, "axis": "x", "origin": [20.1, 2, 23]},
			"faces": {
				"north": {"uv": [4, 4, 2, 6], "rotation": 180, "texture": "#15"},
				"east": {"uv": [4, 4, 2, 6], "rotation": 90, "texture": "#15"},
				"south": {"uv": [4, 4, 2, 6], "texture": "#15"},
				"west": {"uv": [4, 4, 2, 6], "rotation": 270, "texture": "#15"},
				"up": {"uv": [4, 4, 2, 6], "texture": "#15"},
				"down": {"uv": [4, 4, 2, 6], "rotation": 180, "texture": "#15"}
			}
		}
	],
	"display": {
		"thirdperson_righthand": {
			"rotation": [90, 0, 0],
			"translation": [-6.08, 0.2, 0.8],
			"scale": [1.3, 1.3, 1.3]
		},
		"thirdperson_lefthand": {
			"rotation": [90, 0, 0],
			"translation": [-5.75, 0.75, 12.5],
			"scale": [1.5, 1.5, 1.5]
		},
		"head": {
			"translation": [0, -23, -4.5],
			"scale": [2, 2, 2]
		}
	},
	"groups": [
		{
			"name": "tire",
			"origin": [8, 8, 8],
			"color": 0,
			"nbt": "{}",
			"children": [0, 1, 2, 3, 4, 5, 6, 7, 8, 9, 10, 11, 12, 13, 14, 15, 16, 17, 18, 19, 20, 21, 22, 23, 24, 25, 26, 27, 28, 29, 30, 31, 32, 33, 34, 35, 36, 37, 38, 39, 40, 41, 42, 43]
		},
		{
			"name": "tire",
			"origin": [8, 8, 8],
			"color": 0,
			"nbt": "{}",
			"children": [44, 45, 46, 47, 48, 49, 50, 51, 52, 53, 54, 55, 56, 57, 58, 59, 60, 61, 62, 63, 64, 65, 66, 67, 68, 69, 70, 71, 72, 73, 74, 75, 76, 77, 78, 79, 80, 81, 82, 83, 84, 85, 86, 87]
		},
		{
			"name": "tire",
			"origin": [8, 8, 8],
			"color": 0,
			"nbt": "{}",
			"children": [
				88,
				89,
				90,
				91,
				92,
				93,
				94,
				95,
				96,
				97,
				98,
				99,
				100,
				101,
				102,
				103,
				104,
				105,
				106,
				107,
				108,
				109,
				110,
				111,
				112,
				113,
				114,
				115,
				116,
				117,
				118,
				119,
				120,
				121,
				122,
				123,
				124,
				125,
				126,
				127,
				128,
				129,
				130,
				131,
				132,
				133,
				134,
				135
			]
		},
		{
			"name": "tire",
			"origin": [8, 8, 8],
			"color": 0,
			"nbt": "{}",
			"children": [
				136,
				137,
				138,
				139,
				140,
				141,
				142,
				143,
				144,
				145,
				146,
				147,
				148,
				149,
				150,
				151,
				152,
				153,
				154,
				155,
				156,
				157,
				158,
				159,
				160,
				161,
				162,
				163,
				164,
				165,
				166,
				167,
				168,
				169,
				170,
				171,
				172,
				173,
				174,
				175,
				176,
				177,
				178,
				179,
				180,
				181,
				182,
				183
			]
		}
	]
}