{
	"format_version": "1.21.6",
	"credit": "Made with Blockbench",
	"textures": {
		"0": "gbg:item/medical/laser_shield_mk2",
		"particle": "gbg:item/medical/laser_shield_mk2"
	},
	"elements": [
		{
			"from": [5, 0, 3],
			"to": [11, 2, 12],
			"faces": {
				"north": {"uv": [0, 7, 6, 9], "texture": "#0"},
				"east": {"uv": [0, 0, 9, 2], "texture": "#0"},
				"south": {"uv": [0, 0, 6, 2], "texture": "#0"},
				"west": {"uv": [0, 0, 9, 2], "texture": "#0"},
				"up": {"uv": [0, 0, 6, 9], "texture": "#0"},
				"down": {"uv": [0, 0, 6, 9], "texture": "#0"}
			}
		},
		{
			"from": [4.15737, -0.49352, 6.7],
			"to": [4.65737, 1.00648, 8.5],
			"rotation": {"angle": -20, "axis": "z", "origin": [4.40737, 0.00648, 7.6]},
			"faces": {
				"north": {"uv": [0, 15, 1.5, 15.5], "rotation": 90, "texture": "#0"},
				"east": {"uv": [0, 14, 1.5, 15.8], "rotation": 270, "texture": "#0"},
				"south": {"uv": [0, 15, 1.5, 15.5], "rotation": 270, "texture": "#0"},
				"west": {"uv": [0, 14, 1.5, 15.8], "rotation": 270, "texture": "#0"},
				"up": {"uv": [0, 15, 1.8, 15.5], "rotation": 270, "texture": "#0"},
				"down": {"uv": [0, 15, 1.8, 15.5], "rotation": 270, "texture": "#0"}
			}
		},
		{
			"from": [3.81, -1.89, 6.7],
			"to": [4.31, -0.39, 8.5],
			"rotation": {"angle": -7.5, "axis": "z", "origin": [4.02333, -1.87291, 7.6]},
			"faces": {
				"north": {"uv": [0, 15, 1.5, 15.5], "rotation": 90, "texture": "#0"},
				"east": {"uv": [0, 14, 1.5, 15.8], "rotation": 270, "texture": "#0"},
				"south": {"uv": [0, 15, 1.5, 15.5], "rotation": 270, "texture": "#0"},
				"west": {"uv": [0, 14, 1.5, 15.8], "rotation": 270, "texture": "#0"},
				"up": {"uv": [0, 15, 1.8, 15.5], "rotation": 270, "texture": "#0"},
				"down": {"uv": [0, 15, 1.8, 15.5], "rotation": 270, "texture": "#0"}
			}
		},
		{
			"from": [3.81, -3.36, 6.7],
			"to": [4.31, -1.86, 8.5],
			"rotation": {"angle": 0, "axis": "y", "origin": [4.02333, -1.87291, 7.6]},
			"faces": {
				"north": {"uv": [0, 15, 1.5, 15.5], "rotation": 90, "texture": "#0"},
				"east": {"uv": [0, 14, 1.5, 15.8], "rotation": 270, "texture": "#0"},
				"south": {"uv": [0, 15, 1.5, 15.5], "rotation": 270, "texture": "#0"},
				"west": {"uv": [0, 14, 1.5, 15.8], "rotation": 270, "texture": "#0"},
				"up": {"uv": [0, 15, 1.8, 15.5], "rotation": 270, "texture": "#0"},
				"down": {"uv": [0, 15, 1.8, 15.5], "rotation": 270, "texture": "#0"}
			}
		},
		{
			"from": [3.66, -2.61, 6.45],
			"to": [3.91, -2.21, 8.75],
			"rotation": {"angle": 0, "axis": "y", "origin": [3.87333, -1.37291, 7.6]},
			"faces": {
				"north": {"uv": [0, 0, 0.4, 0.25], "rotation": 90, "texture": "#0"},
				"east": {"uv": [0, 0, 0.4, 2.3], "rotation": 270, "texture": "#0"},
				"south": {"uv": [0, 0, 0.4, 0.25], "rotation": 270, "texture": "#0"},
				"west": {"uv": [0, 0, 0.4, 2.3], "rotation": 270, "texture": "#0"},
				"up": {"uv": [0, 0, 2.3, 0.25], "rotation": 270, "texture": "#0"},
				"down": {"uv": [0, 0, 2.3, 0.25], "rotation": 270, "texture": "#0"}
			}
		},
		{
			"from": [3.66, -4.21, 6.45],
			"to": [3.91, -3.81, 8.75],
			"rotation": {"angle": 0, "axis": "y", "origin": [3.87333, -2.87291, 7.6]},
			"faces": {
				"north": {"uv": [0, 0, 0.4, 0.25], "rotation": 90, "texture": "#0"},
				"east": {"uv": [0, 0, 0.4, 2.3], "rotation": 270, "texture": "#0"},
				"south": {"uv": [0, 0, 0.4, 0.25], "rotation": 270, "texture": "#0"},
				"west": {"uv": [0, 0, 0.4, 2.3], "rotation": 270, "texture": "#0"},
				"up": {"uv": [0, 0, 2.3, 0.25], "rotation": 270, "texture": "#0"},
				"down": {"uv": [0, 0, 2.3, 0.25], "rotation": 270, "texture": "#0"}
			}
		},
		{
			"from": [3.66, -3.86, 6.45],
			"to": [3.91, -2.61, 6.85],
			"rotation": {"angle": 0, "axis": "y", "origin": [3.87333, -1.37291, 7.6]},
			"faces": {
				"north": {"uv": [0, 0, 1.25, 0.25], "rotation": 90, "texture": "#0"},
				"east": {"uv": [0, 0, 1.25, 0.4], "rotation": 270, "texture": "#0"},
				"south": {"uv": [0, 0, 1.25, 0.25], "rotation": 270, "texture": "#0"},
				"west": {"uv": [0, 0, 1.25, 0.4], "rotation": 270, "texture": "#0"},
				"up": {"uv": [0, 0, 0.4, 0.25], "rotation": 270, "texture": "#0"},
				"down": {"uv": [0, 0, 0.4, 0.25], "rotation": 270, "texture": "#0"}
			}
		},
		{
			"from": [3.66, -3.86, 8.35],
			"to": [3.91, -2.61, 8.75],
			"rotation": {"angle": 0, "axis": "y", "origin": [3.87333, -1.37291, 7.6]},
			"faces": {
				"north": {"uv": [0, 0, 1.25, 0.25], "rotation": 90, "texture": "#0"},
				"east": {"uv": [0, 0, 1.25, 0.4], "rotation": 270, "texture": "#0"},
				"south": {"uv": [0, 0, 1.25, 0.25], "rotation": 270, "texture": "#0"},
				"west": {"uv": [0, 0, 1.25, 0.4], "rotation": 270, "texture": "#0"},
				"up": {"uv": [0, 0, 0.4, 0.25], "rotation": 270, "texture": "#0"},
				"down": {"uv": [0, 0, 0.4, 0.25], "rotation": 270, "texture": "#0"}
			}
		},
		{
			"from": [3.61, -4.36, 7.4],
			"to": [3.86, -2.61, 7.8],
			"rotation": {"angle": -7.5, "axis": "z", "origin": [3.735, -3.235, 7.625]},
			"faces": {
				"north": {"uv": [0, 0, 1.75, 0.25], "rotation": 90, "texture": "#0"},
				"east": {"uv": [0, 0, 1.75, 0.4], "rotation": 270, "texture": "#0"},
				"south": {"uv": [0, 0, 1.75, 0.25], "rotation": 270, "texture": "#0"},
				"west": {"uv": [0, 0, 1.75, 0.4], "rotation": 270, "texture": "#0"},
				"up": {"uv": [0, 0, 0.4, 0.25], "rotation": 270, "texture": "#0"},
				"down": {"uv": [0, 0, 0.4, 0.25], "rotation": 270, "texture": "#0"}
			}
		},
		{
			"from": [4.56627, 0.42095, 4],
			"to": [5.56627, 1.42095, 11],
			"rotation": {"angle": 45, "axis": "z", "origin": [5.06627, 0.92095, 7.5]},
			"faces": {
				"north": {"uv": [0, 15, 1, 16], "texture": "#0"},
				"east": {"uv": [0, 15, 7, 16], "texture": "#0"},
				"south": {"uv": [0, 15, 1, 16], "texture": "#0"},
				"west": {"uv": [0, 15, 7, 16], "texture": "#0"},
				"up": {"uv": [0, 9, 1, 16], "texture": "#0"},
				"down": {"uv": [0, 9, 1, 16], "texture": "#0"}
			}
		},
		{
			"from": [11.69, -4.36, 6.7],
			"to": [12.19, -1.86, 8.5],
			"rotation": {"angle": 0, "axis": "y", "origin": [11.97667, -1.87291, 7.6]},
			"faces": {
				"north": {"uv": [0, 15.5, 2.5, 15], "rotation": 90, "texture": "#0"},
				"east": {"uv": [0, 15.8, 2.5, 14], "rotation": 270, "texture": "#0"},
				"south": {"uv": [0, 15.5, 2.5, 15], "rotation": 270, "texture": "#0"},
				"west": {"uv": [0, 15.8, 2.5, 14], "rotation": 270, "texture": "#0"},
				"up": {"uv": [0, 15.5, 1.8, 15], "rotation": 270, "texture": "#0"},
				"down": {"uv": [0, 15.5, 1.8, 15], "rotation": 270, "texture": "#0"}
			}
		},
		{
			"from": [11.69, -1.89, 6.7],
			"to": [12.19, -0.39, 8.5],
			"rotation": {"angle": 7.5, "axis": "z", "origin": [11.97667, -1.87291, 7.6]},
			"faces": {
				"north": {"uv": [0, 15.5, 1.5, 15], "rotation": 90, "texture": "#0"},
				"east": {"uv": [0, 15.8, 1.5, 14], "rotation": 270, "texture": "#0"},
				"south": {"uv": [0, 15.5, 1.5, 15], "rotation": 270, "texture": "#0"},
				"west": {"uv": [0, 15.8, 1.5, 14], "rotation": 270, "texture": "#0"},
				"up": {"uv": [0, 15.5, 1.8, 15], "rotation": 270, "texture": "#0"},
				"down": {"uv": [0, 15.5, 1.8, 15], "rotation": 270, "texture": "#0"}
			}
		},
		{
			"from": [11.34263, -0.49352, 6.7],
			"to": [11.84263, 1.00648, 8.5],
			"rotation": {"angle": 20, "axis": "z", "origin": [11.59263, 0.00648, 7.6]},
			"faces": {
				"north": {"uv": [0, 15.5, 1.5, 15], "rotation": 90, "texture": "#0"},
				"east": {"uv": [0, 15.8, 1.5, 14], "rotation": 270, "texture": "#0"},
				"south": {"uv": [0, 15.5, 1.5, 15], "rotation": 270, "texture": "#0"},
				"west": {"uv": [0, 15.8, 1.5, 14], "rotation": 270, "texture": "#0"},
				"up": {"uv": [0, 15.5, 1.8, 15], "rotation": 270, "texture": "#0"},
				"down": {"uv": [0, 15.5, 1.8, 15], "rotation": 270, "texture": "#0"}
			}
		},
		{
			"from": [10.43373, 0.42095, 4],
			"to": [11.43373, 1.42095, 11],
			"rotation": {"angle": -45, "axis": "z", "origin": [10.93373, 0.92095, 7.5]},
			"faces": {
				"north": {"uv": [1, 15, 0, 16], "texture": "#0"},
				"east": {"uv": [7, 15, 0, 16], "texture": "#0"},
				"south": {"uv": [1, 15, 0, 16], "texture": "#0"},
				"west": {"uv": [7, 15, 0, 16], "texture": "#0"},
				"up": {"uv": [1, 9, 0, 16], "texture": "#0"},
				"down": {"uv": [1, 9, 0, 16], "texture": "#0"}
			}
		},
		{
			"from": [5.5, 2, 3.5],
			"to": [10.5, 2.5, 7],
			"faces": {
				"north": {"uv": [12, 4, 16, 4.5], "texture": "#0"},
				"east": {"uv": [13, 4, 16, 4.5], "texture": "#0"},
				"south": {"uv": [12, 4, 16, 4.5], "texture": "#0"},
				"west": {"uv": [13, 4, 16, 4.5], "texture": "#0"},
				"up": {"uv": [11, 3, 16, 6.5], "texture": "#0"},
				"down": {"uv": [12, 3, 16, 6], "texture": "#0"}
			}
		},
		{
			"from": [6, 2.501, 3.75],
			"to": [10, 2.501, 6.75],
			"faces": {
				"north": {"uv": [12, 4, 16, 4.5], "texture": "#0"},
				"east": {"uv": [13, 4, 16, 4.5], "texture": "#0"},
				"south": {"uv": [12, 4, 16, 4.5], "texture": "#0"},
				"west": {"uv": [13, 4, 16, 4.5], "texture": "#0"},
				"up": {"uv": [12, 8, 16, 11], "texture": "#0"},
				"down": {"uv": [12, 3, 16, 6], "texture": "#0"}
			}
		},
		{
			"from": [7, 2, 8],
			"to": [10, 3, 11],
			"faces": {
				"north": {"uv": [13, 0, 16, 1], "texture": "#0"},
				"east": {"uv": [13, 0, 16, 1], "texture": "#0"},
				"south": {"uv": [13, 0, 16, 1], "texture": "#0"},
				"west": {"uv": [13, 0, 16, 1], "texture": "#0"},
				"up": {"uv": [13, 0, 16, 3], "texture": "#0"},
				"down": {"uv": [13, 0, 16, 3], "texture": "#0"}
			}
		}
	],
	"display": {
		"thirdperson_righthand": {
			"rotation": [75, -180, 0],
			"translation": [0, 3.5, 5.75],
			"scale": [0.75, 0.75, 0.75]
		},
		"thirdperson_lefthand": {
			"rotation": [75, -180, 0],
			"translation": [0, 3.5, 5.75],
			"scale": [0.75, 0.75, 0.75]
		},
		"firstperson_righthand": {
			"rotation": [74, -175, -54],
			"translation": [-3.62, 5.2, 4.63],
			"scale": [0.75, 0.75, 0.75]
		},
		"firstperson_lefthand": {
			"rotation": [74, -175, -54],
			"translation": [-3.62, 5.2, 4.63],
			"scale": [0.75, 0.75, 0.75]
		},
		"ground": {
			"translation": [0, 2.5, 0],
			"scale": [0.5, 0.5, 0.5]
		},
		"gui": {
			"rotation": [45, 139, 0],
			"translation": [0.25, 7, 0],
			"scale": [1.25, 1.25, 1.25]
		},
		"head": {
			"rotation": [0, -180, 0],
			"translation": [0, 13, -0.25]
		},
		"fixed": {
			"rotation": [-90, 0, 0],
			"translation": [0, 1, -8],
			"scale": [1.25, 1.25, 1.25]
		}
	}
}