{
	"textures": {
		"1": "minecraft:block/anvil",
		"4": "minecraft:block/dispenser_front_vertical",
		"particle": "minecraft:item/pufferfish"
	},
	"display": {
		"head": {
			"rotation": [0, 180, 0]
		}
	},
	"elements": [
		{
			"from": [13, 6.9, 17],
			"to": [15, 8.9, 19],
			"rotation": {
				"angle": 0,
				"axis": "y",
				"origin": [14, 6.9, 25]
			},
			"faces": {
				"north": {
					"uv": [6, 0, 9, 3],
					"texture": "#1"
				},
				"east": {
					"uv": [6, 0, 9, 3],
					"texture": "#1"
				},
				"south": {
					"uv": [5, 5, 11, 11],
					"texture": "#4"
				},
				"west": {
					"uv": [6, 0, 9, 3],
					"texture": "#1"
				},
				"up": {
					"uv": [6, 0, 9, 3],
					"texture": "#1"
				},
				"down": {
					"uv": [6, 0, 9, 3],
					"rotation": 90,
					"texture": "#1"
				}
			}
		}
	]
}