{
	"credit": "Made with Blockbench",
	"textures": {
		"0": "block/gray_concrete",
		"1": "block/anvil",
		"particle": "item/pufferfish"
	},
	"elements": [
		{
			"from": [6.58333, 4, 6],
			"to": [9.58333, 5, 10],
			"rotation": {"angle": 0, "axis": "x", "origin": [7.58333, 8, 8]},
			"faces": {
				"north": {"uv": [0, 0, 8, 2], "rotation": 180, "texture": "#0"},
				"east": {"uv": [0, 0, 8, 2], "rotation": 180, "texture": "#0"},
				"south": {"uv": [0, 0, 8, 2], "rotation": 180, "texture": "#0"},
				"west": {"uv": [0, 0, 8, 2], "rotation": 180, "texture": "#0"},
				"up": {"uv": [0, 0, 8, 2], "texture": "#0"},
				"down": {"uv": [0, 0, 8, 2], "texture": "#0"}
			}
		},
		{
			"from": [6.58333, 6, 11],
			"to": [9.58333, 10, 12],
			"rotation": {"angle": 0, "axis": "x", "origin": [7.58333, 8, 8]},
			"faces": {
				"north": {"uv": [0, 0, 8, 2], "rotation": 180, "texture": "#0"},
				"east": {"uv": [0, 0, 8, 2], "rotation": 180, "texture": "#0"},
				"south": {"uv": [0, 0, 8, 2], "rotation": 180, "texture": "#0"},
				"west": {"uv": [0, 0, 8, 2], "rotation": 180, "texture": "#0"},
				"up": {"uv": [0, 0, 8, 2], "texture": "#0"},
				"down": {"uv": [0, 0, 8, 2], "texture": "#0"}
			}
		},
		{
			"from": [6.58333, 6, 4],
			"to": [9.58333, 10, 5],
			"rotation": {"angle": 0, "axis": "x", "origin": [7.58333, 8, 8]},
			"faces": {
				"north": {"uv": [0, 0, 4, 4], "rotation": 180, "texture": "#0"},
				"east": {"uv": [0, 0, 8, 2], "rotation": 180, "texture": "#0"},
				"south": {"uv": [0, 0, 8, 2], "rotation": 180, "texture": "#0"},
				"west": {"uv": [0, 0, 8, 2], "rotation": 180, "texture": "#0"},
				"up": {"uv": [0, 0, 8, 2], "texture": "#0"},
				"down": {"uv": [0, 0, 8, 2], "texture": "#0"}
			}
		},
		{
			"from": [6.58333, 5, 5],
			"to": [9.58333, 6, 6],
			"rotation": {"angle": 0, "axis": "x", "origin": [7.58333, 8, 8]},
			"faces": {
				"north": {"uv": [0, 0, 8, 2], "rotation": 180, "texture": "#0"},
				"east": {"uv": [0, 0, 8, 2], "rotation": 180, "texture": "#0"},
				"south": {"uv": [0, 0, 8, 2], "rotation": 180, "texture": "#0"},
				"west": {"uv": [0, 0, 8, 2], "rotation": 180, "texture": "#0"},
				"up": {"uv": [0, 0, 8, 2], "texture": "#0"},
				"down": {"uv": [0, 0, 8, 2], "texture": "#0"}
			}
		},
		{
			"from": [6.58333, 5, 10],
			"to": [9.58333, 6, 11],
			"rotation": {"angle": 0, "axis": "x", "origin": [7.58333, 8, 8]},
			"faces": {
				"north": {"uv": [0, 0, 8, 2], "rotation": 180, "texture": "#0"},
				"east": {"uv": [0, 0, 8, 2], "rotation": 180, "texture": "#0"},
				"south": {"uv": [0, 0, 8, 2], "rotation": 180, "texture": "#0"},
				"west": {"uv": [0, 0, 8, 2], "rotation": 180, "texture": "#0"},
				"up": {"uv": [0, 0, 8, 2], "texture": "#0"},
				"down": {"uv": [0, 0, 8, 2], "texture": "#0"}
			}
		},
		{
			"from": [6.58333, 10, 10],
			"to": [9.58333, 11, 11],
			"rotation": {"angle": 0, "axis": "x", "origin": [7.58333, 8, 8]},
			"faces": {
				"north": {"uv": [0, 0, 8, 2], "rotation": 180, "texture": "#0"},
				"east": {"uv": [0, 0, 8, 2], "rotation": 180, "texture": "#0"},
				"south": {"uv": [0, 0, 8, 2], "rotation": 180, "texture": "#0"},
				"west": {"uv": [0, 0, 8, 2], "rotation": 180, "texture": "#0"},
				"up": {"uv": [0, 0, 8, 2], "texture": "#0"},
				"down": {"uv": [0, 0, 8, 2], "texture": "#0"}
			}
		},
		{
			"from": [6.58333, 10, 5],
			"to": [9.58333, 11, 6],
			"rotation": {"angle": 0, "axis": "x", "origin": [7.58333, 8, 8]},
			"faces": {
				"north": {"uv": [0, 0, 8, 2], "rotation": 180, "texture": "#0"},
				"east": {"uv": [0, 0, 8, 2], "rotation": 180, "texture": "#0"},
				"south": {"uv": [0, 0, 8, 2], "rotation": 180, "texture": "#0"},
				"west": {"uv": [0, 0, 8, 2], "rotation": 180, "texture": "#0"},
				"up": {"uv": [0, 0, 8, 2], "texture": "#0"},
				"down": {"uv": [0, 0, 8, 2], "texture": "#0"}
			}
		},
		{
			"from": [6.58333, 11, 6],
			"to": [9.58333, 12, 10],
			"rotation": {"angle": 0, "axis": "x", "origin": [7.58333, 8, 8]},
			"faces": {
				"north": {"uv": [0, 0, 8, 2], "rotation": 180, "texture": "#0"},
				"east": {"uv": [0, 0, 8, 2], "rotation": 180, "texture": "#0"},
				"south": {"uv": [0, 0, 8, 2], "rotation": 180, "texture": "#0"},
				"west": {"uv": [0, 0, 8, 2], "rotation": 180, "texture": "#0"},
				"up": {"uv": [0, 0, 8, 2], "texture": "#0"},
				"down": {"uv": [0, 0, 8, 2], "texture": "#0"}
			}
		},
		{
			"from": [7.58333, 5, 6],
			"to": [8.58333, 11, 10],
			"rotation": {"angle": 0, "axis": "x", "origin": [7.58333, 8, 8]},
			"faces": {
				"north": {"uv": [0, 0, 8, 8], "rotation": 180, "texture": "#1"},
				"east": {"uv": [0, 0, 8, 8], "rotation": 180, "texture": "#1"},
				"south": {"uv": [0, 0, 8, 8], "rotation": 180, "texture": "#1"},
				"west": {"uv": [0, 0, 8, 8], "rotation": 180, "texture": "#1"},
				"up": {"uv": [0, 0, 8, 8], "texture": "#1"},
				"down": {"uv": [0, 0, 8, 8], "texture": "#1"}
			}
		},
		{
			"from": [6.58333, 7, 7],
			"to": [7.58333, 9, 9],
			"rotation": {"angle": 0, "axis": "x", "origin": [7.58333, 8, 8]},
			"faces": {
				"north": {"uv": [5, 0, 13, 8], "rotation": 180, "texture": "#1"},
				"east": {"uv": [5, 0, 13, 8], "rotation": 180, "texture": "#1"},
				"south": {"uv": [5, 0, 13, 8], "rotation": 180, "texture": "#1"},
				"west": {"uv": [5, 0, 13, 8], "rotation": 180, "texture": "#1"},
				"up": {"uv": [5, 0, 13, 8], "texture": "#1"},
				"down": {"uv": [5, 0, 13, 8], "texture": "#1"}
			}
		},
		{
			"from": [7.58333, 6, 10],
			"to": [8.58333, 10, 11],
			"rotation": {"angle": 0, "axis": "x", "origin": [7.58333, 8, 8]},
			"faces": {
				"north": {"uv": [0, 0, 2, 8], "rotation": 180, "texture": "#1"},
				"east": {"uv": [0, 0, 2, 8], "rotation": 180, "texture": "#1"},
				"south": {"uv": [0, 0, 2, 8], "rotation": 180, "texture": "#1"},
				"west": {"uv": [0, 0, 2, 8], "rotation": 180, "texture": "#1"},
				"up": {"uv": [0, 0, 2, 8], "texture": "#1"},
				"down": {"uv": [0, 0, 2, 8], "texture": "#1"}
			}
		},
		{
			"from": [7.58333, 6, 5],
			"to": [8.58333, 10, 6],
			"rotation": {"angle": 0, "axis": "x", "origin": [7.58333, 8, 8]},
			"faces": {
				"north": {"uv": [0, 0, 2, 8], "rotation": 180, "texture": "#1"},
				"east": {"uv": [0, 0, 2, 8], "rotation": 180, "texture": "#1"},
				"south": {"uv": [0, 0, 2, 8], "rotation": 180, "texture": "#1"},
				"west": {"uv": [0, 0, 2, 8], "rotation": 180, "texture": "#1"},
				"up": {"uv": [0, 0, 2, 8], "texture": "#1"},
				"down": {"uv": [0, 0, 2, 8], "texture": "#1"}
			}
		}
	],
	"display": {
		"head": {
			"rotation": [0, 180, 0]
		}
	},
	"groups": [
		{
			"name": "front_left_wheel",
			"origin": [8, 8, 8],
			"color": 0,
			"children": [0, 1, 2, 3, 4, 5, 6, 7, 8, 9, 10, 11]
		}
	]
}