{
	"textures": {
		"1": "minecraft:block/anvil",
		"particle": "minecraft:item/pufferfish"
	},
	"display": {
		"head": {
			"rotation": [0, 180, 0]
		}
	},
	"elements": [
		{
			"from": [6, 5, 7],
			"to": [9, 8, 9],
			"rotation": {
				"angle": 0,
				"axis": "y",
				"origin": [8.5, 8, 8]
			},
			"faces": {
				"north": {
					"uv": [0, 0, 3, 3],
					"texture": "#1"
				},
				"east": {
					"uv": [0, 0, 2, 3],
					"texture": "#1"
				},
				"south": {
					"uv": [0, 0, 3, 3],
					"texture": "#1"
				},
				"west": {
					"uv": [0, 0, 2, 3],
					"texture": "#1"
				},
				"up": {
					"uv": [0, 0, 3, 2],
					"texture": "#1"
				},
				"down": {
					"uv": [0, 0, 3, 2],
					"texture": "#1"
				}
			}
		},
		{
			"from": [9, 6, 7],
			"to": [10, 8, 9],
			"rotation": {
				"angle": 0,
				"axis": "y",
				"origin": [16, 8, 20.5]
			},
			"faces": {
				"north": {
					"uv": [0, 0, 1, 2],
					"texture": "#1"
				},
				"east": {
					"uv": [0, 0, 2, 2],
					"texture": "#1"
				},
				"south": {
					"uv": [0, 0, 1, 2],
					"texture": "#1"
				},
				"west": {
					"uv": [0, 0, 2, 2],
					"texture": "#1"
				},
				"up": {
					"uv": [0, 0, 1, 2],
					"texture": "#1"
				},
				"down": {
					"uv": [0, 0, 1, 2],
					"texture": "#1"
				}
			}
		}
	]
}