{
	"textures": {
		"1": "minecraft:block/anvil",
		"particle": "minecraft:item/pufferfish"
	},
	"display": {
		"head": {
			"rotation": [0, 180, 0]
		}
	},
	"elements": [
		{
			"from": [7, 8.01854, 5.38047],
			"to": [9, 9.01854, 10.38047],
			"rotation": {
				"angle": 0,
				"axis": "y",
				"origin": [1, 8.01854, 13.38047]
			},
			"faces": {
				"north": {
					"uv": [0, 0, 16, 2],
					"rotation": 90,
					"texture": "#1"
				},
				"east": {
					"uv": [0, 0, 16, 9],
					"texture": "#1"
				},
				"south": {
					"uv": [0, 0, 16, 2],
					"rotation": 90,
					"texture": "#1"
				},
				"west": {
					"uv": [0, 0, 16, 2],
					"texture": "#1"
				},
				"up": {
					"uv": [0, 0, 4, 4],
					"rotation": 90,
					"texture": "#1"
				},
				"down": {
					"uv": [0, 0, 4, 4],
					"rotation": 90,
					"texture": "#1"
				}
			}
		},
		{
			"from": [7, 7.11854, 3.38047],
			"to": [9, 8.11854, 5.38047],
			"rotation": {
				"angle": -45,
				"axis": "x",
				"origin": [8, 8.51854, 4.38047]
			},
			"faces": {
				"north": {
					"uv": [0, 0, 4, 4],
					"rotation": 90,
					"texture": "#1"
				},
				"east": {
					"uv": [0, 0, 16, 9],
					"texture": "#1"
				},
				"south": {
					"uv": [0, 0, 16, 2],
					"rotation": 90,
					"texture": "#1"
				},
				"west": {
					"uv": [0, 0, 4, 2],
					"texture": "#1"
				},
				"up": {
					"uv": [0, 0, 4, 4],
					"texture": "#1"
				},
				"down": {
					"uv": [0, 0, 4, 4],
					"rotation": 90,
					"texture": "#1"
				}
			}
		},
		{
			"from": [7, 6.81854, 10.48047],
			"to": [9, 7.81854, 13.48047],
			"rotation": {
				"angle": 45,
				"axis": "x",
				"origin": [8, 8.51854, 11.88047]
			},
			"faces": {
				"north": {
					"uv": [0, 0, 16, 2],
					"rotation": 90,
					"texture": "#1"
				},
				"east": {
					"uv": [0, 0, 16, 9],
					"texture": "#1"
				},
				"south": {
					"uv": [0, 0, 4, 4],
					"rotation": 90,
					"texture": "#1"
				},
				"west": {
					"uv": [0, 0, 4, 2],
					"texture": "#1"
				},
				"up": {
					"uv": [0, 0, 4, 4],
					"rotation": 90,
					"texture": "#1"
				},
				"down": {
					"uv": [0, 0, 4, 4],
					"rotation": 90,
					"texture": "#1"
				}
			}
		}
	]
}