{
	"textures": {
		"6": "minecraft:block/light_gray_terracotta",
		"particle": "minecraft:item/pufferfish"
	},
	"display": {
		"head": {
			"rotation": [0, 180, 0]
		}
	},
	"elements": [
		{
			"from": [3.2, 13.6, 8.1],
			"to": [8.8, 16.35, 8.15],
			"rotation": {
				"angle": 0,
				"axis": "y",
				"origin": [2, 9.1, 16.1]
			},
			"faces": {
				"north": {
					"uv": [0, 0, 3, 3],
					"texture": "#6"
				},
				"east": {
					"uv": [0, 0, 3, 3],
					"texture": "#6"
				},
				"south": {
					"uv": [0, 0, 3, 3],
					"texture": "#6"
				},
				"west": {
					"uv": [0, 0, 3, 3],
					"texture": "#6"
				},
				"up": {
					"uv": [0, 0, 3, 3],
					"texture": "#6"
				},
				"down": {
					"uv": [0, 0, 3, 3],
					"texture": "#6"
				}
			}
		}
	]
}