{
	"credit": "Made with Blockbench",
	"textures": {
		"1": "block/anvil",
		"2": "block/cyan_terracotta",
		"particle": "item/pufferfish"
	},
	"elements": [
		{
			"from": [7.5, 7.49998, 10.99998],
			"to": [8.5, 8.49998, 11.99998],
			"rotation": {"angle": 45, "axis": "x", "origin": [8, 7.99998, 7.99998]},
			"faces": {
				"north": {"uv": [0, 0, 4, 4], "texture": "#1"},
				"east": {"uv": [0, 0, 4, 4], "texture": "#1"},
				"south": {"uv": [0, 0, 4, 4], "texture": "#1"},
				"west": {"uv": [0, 0, 4, 4], "texture": "#1"},
				"up": {"uv": [0, 0, 4, 4], "texture": "#1"},
				"down": {"uv": [0, 0, 4, 4], "texture": "#1"}
			}
		},
		{
			"from": [7.75, 7.74998, 7.49998],
			"to": [8.25, 8.24998, 10.99998],
			"rotation": {"angle": 45, "axis": "x", "origin": [8, 7.99998, 7.99998]},
			"faces": {
				"north": {"uv": [0, 0, 16, 9], "rotation": 90, "texture": "#2"},
				"east": {"uv": [0, 0, 8, 2], "texture": "#2"},
				"south": {"uv": [0, 0, 2, 2], "texture": "#2"},
				"west": {"uv": [0, 0, 8, 2], "texture": "#2"},
				"up": {"uv": [0, 0, 8, 2], "rotation": 90, "texture": "#2"},
				"down": {"uv": [0, 0, 8, 2], "rotation": 90, "texture": "#2"}
			}
		}
	],
	"display": {
		"head": {
			"rotation": [0, 180, 0]
		}
	},
	"groups": [
		{
			"name": "group",
			"origin": [8, 8, 8],
			"color": 0,
			"children": [0, 1]
		}
	]
}