{
	"textures": {
		"2": "minecraft:block/cyan_terracotta",
		"7": "minecraft:block/barrel_top",
		"particle": "minecraft:item/pufferfish"
	},
	"display": {
		"head": {
			"rotation": [0, 180, 0]
		}
	},
	"elements": [
		{
			"from": [2, 9, 4],
			"to": [14, 11, 16],
			"rotation": {
				"angle": 0,
				"axis": "y",
				"origin": [8, 9, 8]
			},
			"faces": {
				"north": {
					"uv": [0, 0, 12, 2],
					"texture": "#7"
				},
				"east": {
					"uv": [0, 0, 12, 2],
					"texture": "#7"
				},
				"south": {
					"uv": [0, 0, 12, 2],
					"texture": "#7"
				},
				"west": {
					"uv": [0, 0, 12, 2],
					"texture": "#7"
				},
				"up": {
					"uv": [5, 0, 16, 12],
					"texture": "#7"
				},
				"down": {
					"uv": [0, 0, 12, 12],
					"texture": "#7"
				}
			}
		},
		{
			"from": [2, 11, 14],
			"to": [14, 17, 16],
			"rotation": {
				"angle": 0,
				"axis": "y",
				"origin": [8, 11, 8]
			},
			"faces": {
				"north": {
					"uv": [0, 0, 12, 6],
					"texture": "#7"
				},
				"east": {
					"uv": [0, 0, 2, 6],
					"texture": "#7"
				},
				"south": {
					"uv": [0, 0, 12, 6],
					"texture": "#7"
				},
				"west": {
					"uv": [0, 0, 2, 6],
					"texture": "#7"
				},
				"up": {
					"uv": [0, 0, 12, 2],
					"texture": "#7"
				},
				"down": {
					"uv": [0, 0, 12, 2],
					"texture": "#7"
				}
			}
		},
		{
			"from": [1, 9, 4],
			"to": [2, 10, 16],
			"rotation": {
				"angle": 0,
				"axis": "y",
				"origin": [7, 9, 8]
			},
			"faces": {
				"north": {
					"uv": [0, 0, 1, 1],
					"texture": "#2"
				},
				"east": {
					"uv": [0, 0, 12, 1],
					"texture": "#2"
				},
				"south": {
					"uv": [0, 0, 1, 1],
					"texture": "#2"
				},
				"west": {
					"uv": [0, 0, 12, 1],
					"texture": "#2"
				},
				"up": {
					"uv": [0, 0, 1, 12],
					"texture": "#2"
				},
				"down": {
					"uv": [0, 0, 1, 12],
					"texture": "#2"
				}
			}
		},
		{
			"from": [1, 10, 15],
			"to": [2, 17, 16],
			"rotation": {
				"angle": 0,
				"axis": "y",
				"origin": [7, 10, 8]
			},
			"faces": {
				"north": {
					"uv": [0, 0, 1, 7],
					"texture": "#2"
				},
				"east": {
					"uv": [0, 0, 1, 7],
					"texture": "#2"
				},
				"south": {
					"uv": [0, 0, 1, 7],
					"texture": "#2"
				},
				"west": {
					"uv": [0, 0, 1, 7],
					"texture": "#2"
				},
				"up": {
					"uv": [0, 0, 1, 1],
					"texture": "#2"
				},
				"down": {
					"uv": [0, 0, 1, 1],
					"texture": "#2"
				}
			}
		},
		{
			"from": [14, 10, 15],
			"to": [15, 17, 16],
			"rotation": {
				"angle": 0,
				"axis": "y",
				"origin": [20, 10, 8]
			},
			"faces": {
				"north": {
					"uv": [0, 0, 1, 7],
					"texture": "#2"
				},
				"east": {
					"uv": [0, 0, 1, 7],
					"texture": "#2"
				},
				"south": {
					"uv": [0, 0, 1, 7],
					"texture": "#2"
				},
				"west": {
					"uv": [0, 0, 1, 7],
					"texture": "#2"
				},
				"up": {
					"uv": [0, 0, 1, 1],
					"texture": "#2"
				},
				"down": {
					"uv": [0, 0, 1, 1],
					"texture": "#2"
				}
			}
		},
		{
			"from": [2, 17, 15],
			"to": [14, 18, 16],
			"rotation": {
				"angle": 0,
				"axis": "y",
				"origin": [19, 12, 8]
			},
			"faces": {
				"north": {
					"uv": [0, 0, 12, 1],
					"texture": "#2"
				},
				"east": {
					"uv": [0, 0, 1, 1],
					"texture": "#2"
				},
				"south": {
					"uv": [0, 0, 12, 1],
					"texture": "#2"
				},
				"west": {
					"uv": [0, 0, 1, 1],
					"texture": "#2"
				},
				"up": {
					"uv": [0, 0, 12, 1],
					"texture": "#2"
				},
				"down": {
					"uv": [0, 0, 12, 1],
					"texture": "#2"
				}
			}
		},
		{
			"from": [14, 9, 4],
			"to": [15, 10, 16],
			"rotation": {
				"angle": 0,
				"axis": "y",
				"origin": [20, 9, 8]
			},
			"faces": {
				"north": {
					"uv": [0, 0, 1, 1],
					"texture": "#2"
				},
				"east": {
					"uv": [0, 0, 12, 1],
					"texture": "#2"
				},
				"south": {
					"uv": [0, 0, 1, 1],
					"texture": "#2"
				},
				"west": {
					"uv": [0, 0, 12, 1],
					"texture": "#2"
				},
				"up": {
					"uv": [0, 0, 1, 12],
					"texture": "#2"
				},
				"down": {
					"uv": [0, 0, 1, 12],
					"texture": "#2"
				}
			}
		},
		{
			"from": [2, 9, 3],
			"to": [14, 10, 4],
			"rotation": {
				"angle": 0,
				"axis": "y",
				"origin": [19, 9, 7]
			},
			"faces": {
				"north": {
					"uv": [0, 0, 12, 1],
					"texture": "#2"
				},
				"east": {
					"uv": [0, 0, 1, 1],
					"texture": "#2"
				},
				"south": {
					"uv": [0, 0, 12, 1],
					"texture": "#2"
				},
				"west": {
					"uv": [0, 0, 1, 1],
					"texture": "#2"
				},
				"up": {
					"uv": [0, 0, 12, 1],
					"texture": "#2"
				},
				"down": {
					"uv": [0, 0, 12, 1],
					"texture": "#2"
				}
			}
		}
	]
}