{
	"credit": "Made with Blockbench",
	"textures": {
		"0": "block/gray_concrete",
		"1": "block/red_terracotta",
		"2": "block/light_blue_terracotta",
		"5": "block/cyan_terracotta",
		"6": "block/light_gray_concrete",
		"particle": "item/pufferfish"
	},
	"elements": [
		{
			"from": [2, 9, 17],
			"to": [9, 18, 24],
			"rotation": {"angle": 0, "axis": "y", "origin": [1, 9, 16]},
			"faces": {
				"north": {"uv": [0, 0, 16, 16], "texture": "#2"},
				"east": {"uv": [0, 0, 16, 16], "texture": "#2"},
				"south": {"uv": [0, 0, 16, 16], "texture": "#2"},
				"west": {"uv": [0, 0, 16, 16], "texture": "#2"},
				"up": {"uv": [0, 0, 16, 16], "texture": "#2"},
				"down": {"uv": [0, 0, 16, 16], "texture": "#2"}
			}
		},
		{
			"from": [6.5, 18, 22],
			"to": [8.5, 18.2, 24],
			"rotation": {"angle": 0, "axis": "y", "origin": [6, 18, 21]},
			"faces": {
				"north": {"uv": [0, 0, 3, 2], "texture": "#2"},
				"east": {"uv": [0, 0, 3, 2], "texture": "#2"},
				"south": {"uv": [0, 0, 3, 2], "texture": "#2"},
				"west": {"uv": [0, 0, 3, 2], "texture": "#2"},
				"up": {"uv": [0, 0, 3, 2], "texture": "#2"},
				"down": {"uv": [0, 0, 3, 2], "texture": "#2"}
			}
		},
		{
			"from": [6.95, 18.2, 22.35],
			"to": [8.05, 18.7, 23.65],
			"rotation": {"angle": 0, "axis": "y", "origin": [6, 18.2, 21]},
			"faces": {
				"north": {"uv": [0, 0, 3, 2], "texture": "#1"},
				"east": {"uv": [0, 0, 3, 2], "texture": "#1"},
				"south": {"uv": [0, 0, 3, 2], "texture": "#1"},
				"west": {"uv": [0, 0, 3, 2], "texture": "#1"},
				"up": {"uv": [0, 0, 3, 2], "texture": "#1"},
				"down": {"uv": [0, 0, 3, 2], "texture": "#1"}
			}
		},
		{
			"from": [1, 9, 17],
			"to": [2, 17.5, 24],
			"rotation": {"angle": 0, "axis": "y", "origin": [0, 9, 16]},
			"faces": {
				"north": {"uv": [0, 0, 16, 2], "rotation": 90, "texture": "#2"},
				"east": {"uv": [0, 0, 16, 16], "texture": "#2"},
				"south": {"uv": [0, 0, 16, 2], "rotation": 90, "texture": "#2"},
				"west": {"uv": [0, 0, 6, 6], "texture": "#2"},
				"up": {"uv": [0, 0, 4, 2], "texture": "#2"},
				"down": {"uv": [0, 0, 16, 16], "texture": "#2"}
			}
		},
		{
			"from": [1, 16.25, 20.5],
			"to": [3, 18.25, 22.5],
			"rotation": {"angle": 45, "axis": "z", "origin": [2, 18.5, 22]},
			"faces": {
				"north": {"uv": [0, 0, 16, 2], "rotation": 90, "texture": "#2"},
				"east": {"uv": [0, 0, 16, 16], "texture": "#2"},
				"south": {"uv": [0, 0, 16, 2], "rotation": 90, "texture": "#2"},
				"west": {"uv": [0, 0, 6, 6], "texture": "#2"},
				"up": {"uv": [0, 0, 4, 2], "texture": "#2"},
				"down": {"uv": [0, 0, 16, 16], "texture": "#2"}
			}
		},
		{
			"from": [1.25, 18.25, 20.75],
			"to": [2.75, 18.35, 22.25],
			"rotation": {"angle": 45, "axis": "z", "origin": [2, 18.5, 22]},
			"faces": {
				"north": {"uv": [0, 0, 16, 2], "rotation": 90, "texture": "#5"},
				"east": {"uv": [0, 0, 16, 16], "texture": "#5"},
				"south": {"uv": [0, 0, 16, 2], "rotation": 90, "texture": "#5"},
				"west": {"uv": [0, 0, 6, 6], "texture": "#5"},
				"up": {"uv": [0, 0, 4, 2], "texture": "#5"},
				"down": {"uv": [0, 0, 16, 16], "texture": "#5"}
			}
		},
		{
			"from": [1.4, 18.35, 21.25],
			"to": [2.6, 18.45, 21.75],
			"rotation": {"angle": 45, "axis": "z", "origin": [2, 18.5, 22]},
			"faces": {
				"north": {"uv": [0, 0, 16, 2], "rotation": 90, "texture": "#0"},
				"east": {"uv": [0, 0, 16, 16], "texture": "#0"},
				"south": {"uv": [0, 0, 16, 2], "rotation": 90, "texture": "#0"},
				"west": {"uv": [0, 0, 6, 6], "texture": "#0"},
				"up": {"uv": [0, 0, 4, 2], "texture": "#0"},
				"down": {"uv": [0, 0, 16, 16], "texture": "#0"}
			}
		},
		{
			"from": [1.6, 18.35, 21.35],
			"to": [2.4, 18.85, 21.65],
			"rotation": {"angle": 45, "axis": "z", "origin": [2, 18.5, 22]},
			"faces": {
				"north": {"uv": [0, 0, 2, 2], "rotation": 90, "texture": "#6"},
				"east": {"uv": [0, 0, 2, 2], "rotation": 90, "texture": "#6"},
				"south": {"uv": [0, 0, 2, 2], "rotation": 90, "texture": "#6"},
				"west": {"uv": [0, 0, 2, 2], "rotation": 90, "texture": "#6"},
				"up": {"uv": [0, 0, 2, 2], "rotation": 90, "texture": "#6"},
				"down": {"uv": [0, 0, 2, 2], "rotation": 90, "texture": "#6"}
			}
		},
		{
			"from": [1.4, 18.85, 21.35],
			"to": [2.6, 20.05, 21.65],
			"rotation": {"angle": 45, "axis": "z", "origin": [2, 18.5, 22]},
			"faces": {
				"north": {"uv": [0, 0, 2, 2], "rotation": 90, "texture": "#6"},
				"east": {"uv": [0, 0, 2, 2], "rotation": 90, "texture": "#6"},
				"south": {"uv": [0, 0, 2, 2], "rotation": 90, "texture": "#6"},
				"west": {"uv": [0, 0, 2, 2], "rotation": 90, "texture": "#6"},
				"up": {"uv": [0, 0, 2, 2], "rotation": 90, "texture": "#6"},
				"down": {"uv": [0, 0, 2, 2], "rotation": 90, "texture": "#6"}
			}
		}
	],
	"display": {
		"head": {
			"rotation": [0, 180, 0]
		}
	}
}