{
	"credit": "Made with Blockbench",
	"textures": {
		"0": "entity/steve",
		"particle": "entity/steve"
	},
	"elements": [
		{
			"name": "head",
			"from": [4, 14.5, 4],
			"to": [12, 22.5, 12],
			"rotation": {"angle": 0, "axis": "y", "origin": [0, -9, 0]},
			"faces": {
				"north": {"uv": [2, 2, 4, 4], "texture": "#0"},
				"east": {"uv": [0, 2, 2, 4], "texture": "#0"},
				"south": {"uv": [6, 2, 8, 4], "texture": "#0"},
				"west": {"uv": [4, 2, 6, 4], "texture": "#0"},
				"up": {"uv": [4, 2, 2, 0], "texture": "#0"},
				"down": {"uv": [6, 0, 4, 2], "texture": "#0"}
			}
		},
		{
			"name": "body",
			"from": [4, 2.5, 6],
			"to": [12, 14.5, 10],
			"rotation": {"angle": 0, "axis": "y", "origin": [0, -9, 0]},
			"faces": {
				"north": {"uv": [5, 5, 7, 7.98], "texture": "#0"},
				"east": {"uv": [4, 5, 5, 8], "texture": "#0"},
				"south": {"uv": [8, 5, 10, 8], "texture": "#0"},
				"west": {"uv": [7, 5, 8, 7.98], "texture": "#0"},
				"up": {"uv": [7, 5, 5, 4], "texture": "#0"},
				"down": {"uv": [9, 4, 7, 5], "texture": "#0"}
			}
		},
		{
			"name": "right_arm",
			"from": [12, 10.5, 6],
			"to": [16, 22.5, 10],
			"rotation": {"angle": -22.5, "axis": "z", "origin": [14, 12.5, 8]},
			"faces": {
				"north": {"uv": [11, 5, 12, 8], "rotation": 180, "texture": "#0"},
				"east": {"uv": [12, 5, 13, 8], "rotation": 180, "texture": "#0"},
				"south": {"uv": [13, 5, 14, 8], "rotation": 180, "texture": "#0"},
				"west": {"uv": [10, 5, 11, 8], "rotation": 180, "texture": "#0"},
				"up": {"uv": [13, 4, 12, 5], "rotation": 180, "texture": "#0"},
				"down": {"uv": [12, 5, 11, 4], "rotation": 180, "texture": "#0"}
			}
		},
		{
			"name": "left_arm",
			"from": [0, 10.5, -2],
			"to": [4, 14.5, 10],
			"rotation": {"angle": -22.5, "axis": "x", "origin": [2, 12.5, 8]},
			"faces": {
				"north": {"uv": [11, 12, 10, 13], "rotation": 180, "texture": "#0"},
				"east": {"uv": [8, 13, 9, 16], "rotation": 270, "texture": "#0"},
				"south": {"uv": [10, 13, 9, 12], "texture": "#0"},
				"west": {"uv": [10, 13, 11, 16], "rotation": 90, "texture": "#0"},
				"up": {"uv": [9, 13, 10, 16], "rotation": 180, "texture": "#0"},
				"down": {"uv": [11, 13, 12, 16], "texture": "#0"}
			}
		},
		{
			"name": "right_leg",
			"from": [7, 0.5, -4],
			"to": [11, 4.5, 8],
			"rotation": {"angle": -22.5, "axis": "y", "origin": [9, 2.5, 8]},
			"faces": {
				"north": {"uv": [3, 4, 2, 5], "rotation": 180, "texture": "#0"},
				"east": {"uv": [0, 5, 1, 8], "rotation": 270, "texture": "#0"},
				"south": {"uv": [2, 5, 1, 4], "texture": "#0"},
				"west": {"uv": [2, 5, 3, 8], "rotation": 90, "texture": "#0"},
				"up": {"uv": [1, 5, 2, 8], "rotation": 180, "texture": "#0"},
				"down": {"uv": [3, 5, 4, 8], "texture": "#0"}
			}
		},
		{
			"name": "left_leg",
			"from": [5, 0.5, -4],
			"to": [9, 4.5, 8],
			"rotation": {"angle": 22.5, "axis": "y", "origin": [7, 2.5, 8]},
			"faces": {
				"north": {"uv": [7, 12, 6, 13], "rotation": 180, "texture": "#0"},
				"east": {"uv": [4, 13, 5, 16], "rotation": 270, "texture": "#0"},
				"south": {"uv": [6, 13, 5, 12], "texture": "#0"},
				"west": {"uv": [6, 13, 7, 16], "rotation": 90, "texture": "#0"},
				"up": {"uv": [5, 13, 6, 16], "rotation": 180, "texture": "#0"},
				"down": {"uv": [7, 13, 8, 16], "texture": "#0"}
			}
		}
	],
	"groups": [
		{
			"name": "steve",
			"origin": [8, 8, 8],
			"color": 0,
			"children": [0, 1, 2, 3, 4, 5]
		}
	]
}