{
	"credit": "Made with Blockbench",
	"textures": {
		"0": "block/gray_concrete",
		"1": "block/orange_concrete",
		"2": "block/cyan_terracotta",
		"4": "block/dispenser_front_vertical",
		"5": "block/black_concrete",
		"6": "block/anvil",
		"particle": "item/pufferfish"
	},
	"elements": [
		{
			"from": [2.45087, 8, -3.09827],
			"to": [13.54913, 8.69364, 8],
			"rotation": {"angle": 0, "axis": "y", "origin": [8, 8, 2.45087]},
			"faces": {
				"north": {"uv": [0, 0, 16, 2], "texture": "#1"},
				"east": {"uv": [0, 0, 16, 2], "texture": "#1"},
				"south": {"uv": [0, 0, 16, 9], "texture": "#1"},
				"west": {"uv": [0, 0, 16, 2], "texture": "#1"},
				"up": {"uv": [0, 0, 16, 9], "texture": "#1"},
				"down": {"uv": [0, 0, 16, 9], "texture": "#1"}
			}
		},
		{
			"from": [2.45087, 8, 8],
			"to": [13.54913, 8.69364, 19.09827],
			"rotation": {"angle": 0, "axis": "y", "origin": [8, 8, 13.54913]},
			"faces": {
				"north": {"uv": [0, 0, 16, 2], "texture": "#1"},
				"east": {"uv": [0, 0, 16, 2], "texture": "#1"},
				"south": {"uv": [0, 0, 16, 2], "texture": "#1"},
				"west": {"uv": [0, 0, 16, 2], "texture": "#1"},
				"up": {"uv": [0, 0, 16, 9], "texture": "#1"},
				"down": {"uv": [0, 0, 16, 9], "texture": "#1"}
			}
		},
		{
			"from": [13.54913, 8.69364, 8],
			"to": [14.24277, 14.24277, 19.09827],
			"rotation": {"angle": 0, "axis": "y", "origin": [8.69364, 8.69364, 13.54913]},
			"faces": {
				"north": {"uv": [0, 0, 16, 2], "rotation": 90, "texture": "#1"},
				"east": {"uv": [0, 0, 16, 9], "texture": "#1"},
				"south": {"uv": [0, 0, 16, 2], "rotation": 90, "texture": "#1"},
				"west": {"uv": [0, 0, 16, 9], "texture": "#1"},
				"up": {"uv": [0, 0, 16, 2], "rotation": 90, "texture": "#1"},
				"down": {"uv": [0, 0, 16, 2], "rotation": 90, "texture": "#1"}
			}
		},
		{
			"from": [1.75723, 8.69364, 8],
			"to": [2.45087, 14.24277, 19.09827],
			"rotation": {"angle": 0, "axis": "y", "origin": [-3.09827, 8.69364, 13.54913]},
			"faces": {
				"north": {"uv": [0, 0, 16, 2], "rotation": 90, "texture": "#1"},
				"east": {"uv": [0, 0, 16, 9], "texture": "#1"},
				"south": {"uv": [0, 0, 16, 2], "rotation": 90, "texture": "#1"},
				"west": {"uv": [0, 0, 16, 9], "texture": "#1"},
				"up": {"uv": [0, 0, 16, 2], "rotation": 90, "texture": "#1"},
				"down": {"uv": [0, 0, 16, 2], "rotation": 90, "texture": "#1"}
			}
		},
		{
			"from": [8, 8.69364, 14.24277],
			"to": [8.69364, 14.24277, 19.09827],
			"rotation": {"angle": 0, "axis": "y", "origin": [3.14451, 8.69364, 13.54913]},
			"faces": {
				"north": {"uv": [0, 0, 16, 2], "rotation": 90, "texture": "#1"},
				"east": {"uv": [0, 0, 16, 9], "texture": "#1"},
				"south": {"uv": [0, 0, 16, 2], "rotation": 90, "texture": "#1"},
				"west": {"uv": [0, 0, 16, 9], "texture": "#1"},
				"up": {"uv": [0, 0, 16, 2], "rotation": 90, "texture": "#1"},
				"down": {"uv": [0, 0, 16, 2], "rotation": 90, "texture": "#1"}
			}
		},
		{
			"from": [13.54913, 8.69364, -3.09827],
			"to": [14.24277, 14.24277, 8],
			"rotation": {"angle": 0, "axis": "y", "origin": [8.69364, 8.69364, 2.45087]},
			"faces": {
				"north": {"uv": [0, 0, 16, 2], "rotation": 90, "texture": "#1"},
				"east": {"uv": [0, 0, 16, 9], "texture": "#1"},
				"south": {"uv": [0, 0, 16, 2], "rotation": 90, "texture": "#1"},
				"west": {"uv": [0, 0, 16, 9], "texture": "#1"},
				"up": {"uv": [0, 0, 16, 2], "rotation": 90, "texture": "#1"},
				"down": {"uv": [0, 0, 16, 2], "rotation": 90, "texture": "#1"}
			}
		},
		{
			"from": [2.45087, 8.69364, -3.79191],
			"to": [13.54913, 14.24277, -3.09827],
			"rotation": {"angle": 0, "axis": "y", "origin": [8, 8.69364, 1.75723]},
			"faces": {
				"north": {"uv": [0, 0, 16, 9], "texture": "#1"},
				"east": {"uv": [0, 0, 16, 2], "rotation": 90, "texture": "#1"},
				"south": {"uv": [0, 0, 16, 9], "texture": "#1"},
				"west": {"uv": [0, 0, 16, 2], "rotation": 90, "texture": "#1"},
				"up": {"uv": [0, 0, 16, 2], "texture": "#1"},
				"down": {"uv": [0, 0, 16, 2], "rotation": 180, "texture": "#1"}
			}
		},
		{
			"from": [2.52023, 11.98844, -2.57803],
			"to": [13.47977, 14.48555, -1.19075],
			"rotation": {"angle": -45, "axis": "x", "origin": [8, 12.68208, -2.23121]},
			"faces": {
				"north": {"uv": [0, 0, 16, 9], "texture": "#2"},
				"east": {"uv": [0, 0, 16, 2], "rotation": 90, "texture": "#2"},
				"south": {"uv": [0, 0, 16, 9], "texture": "#2"},
				"west": {"uv": [0, 0, 16, 2], "rotation": 90, "texture": "#2"},
				"up": {"uv": [0, 0, 16, 2], "texture": "#2"},
				"down": {"uv": [0, 0, 16, 2], "rotation": 180, "texture": "#2"}
			}
		},
		{
			"from": [2.45087, 8.69364, -3.09827],
			"to": [13.54913, 12.85549, -1.01734],
			"rotation": {"angle": 0, "axis": "y", "origin": [8, 8.69364, 2.45087]},
			"faces": {
				"north": {"uv": [0, 0, 16, 9], "texture": "#2"},
				"east": {"uv": [0, 0, 16, 2], "rotation": 90, "texture": "#2"},
				"south": {"uv": [0, 0, 16, 9], "texture": "#2"},
				"west": {"uv": [0, 0, 16, 2], "rotation": 90, "texture": "#2"},
				"up": {"uv": [0, 0, 16, 2], "texture": "#2"},
				"down": {"uv": [0, 0, 16, 2], "rotation": 180, "texture": "#2"}
			}
		},
		{
			"from": [6.61272, 11.46821, -3.09827],
			"to": [9.38728, 14.24277, -0.3237],
			"rotation": {"angle": 0, "axis": "y", "origin": [7.30636, 10.08092, 2.45087]},
			"faces": {
				"north": {"uv": [0, 0, 16, 9], "texture": "#2"},
				"east": {"uv": [0, 0, 16, 2], "rotation": 90, "texture": "#2"},
				"south": {"uv": [0, 0, 16, 9], "texture": "#2"},
				"west": {"uv": [0, 0, 16, 2], "rotation": 90, "texture": "#2"},
				"up": {"uv": [0, 0, 16, 2], "texture": "#2"},
				"down": {"uv": [0, 0, 16, 2], "rotation": 180, "texture": "#2"}
			}
		},
		{
			"from": [10.77457, 11.46821, -3.09827],
			"to": [12.85549, 14.24277, -1.01734],
			"rotation": {"angle": -22.5, "axis": "x", "origin": [11.81503, 12.85549, -1.71098]},
			"faces": {
				"north": {"uv": [0, 0, 16, 9], "texture": "#2"},
				"east": {"uv": [0, 0, 16, 2], "rotation": 90, "texture": "#2"},
				"south": {"uv": [0, 0, 6, 6], "texture": "#2"},
				"west": {"uv": [0, 0, 16, 2], "rotation": 90, "texture": "#2"},
				"up": {"uv": [0, 0, 16, 2], "texture": "#2"},
				"down": {"uv": [0, 0, 16, 2], "rotation": 180, "texture": "#2"}
			}
		},
		{
			"from": [10.77457, 11.81503, -1.01734],
			"to": [12.85549, 13.89595, -0.67052],
			"rotation": {"angle": -22.5, "axis": "x", "origin": [11.81503, 12.85549, -1.71098]},
			"faces": {
				"north": {"uv": [0, 0, 16, 9], "texture": "#2"},
				"east": {"uv": [0, 0, 8, 2], "rotation": 90, "texture": "#2"},
				"south": {"uv": [0, 0, 7, 7], "texture": "#2"},
				"west": {"uv": [0, 0, 8, 2], "rotation": 90, "texture": "#2"},
				"up": {"uv": [0, 0, 8, 2], "texture": "#2"},
				"down": {"uv": [0, 0, 8, 2], "rotation": 180, "texture": "#2"}
			}
		},
		{
			"from": [11.46821, 11.98844, -0.67052],
			"to": [12.16185, 13.72254, -0.63584],
			"rotation": {"angle": -22.5, "axis": "x", "origin": [11.81503, 12.85549, -1.71098]},
			"faces": {
				"north": {"uv": [0, 0, 3, 3], "texture": "#0"},
				"east": {"uv": [0, 0, 3, 3], "texture": "#0"},
				"south": {"uv": [0, 0, 3, 3], "texture": "#0"},
				"west": {"uv": [0, 0, 3, 3], "texture": "#0"},
				"up": {"uv": [0, 0, 3, 3], "texture": "#0"},
				"down": {"uv": [0, 0, 3, 3], "texture": "#0"}
			}
		},
		{
			"from": [11.46821, 11.98844, -0.67052],
			"to": [12.16185, 13.72254, -0.63584],
			"rotation": {"angle": -22.5, "axis": "x", "origin": [11.81503, 12.85549, -1.71098]},
			"faces": {
				"north": {"uv": [0, 0, 3, 3], "texture": "#0"},
				"east": {"uv": [0, 0, 3, 3], "texture": "#0"},
				"south": {"uv": [0, 0, 3, 3], "texture": "#0"},
				"west": {"uv": [0, 0, 3, 3], "texture": "#0"},
				"up": {"uv": [0, 0, 3, 3], "texture": "#0"},
				"down": {"uv": [0, 0, 3, 3], "texture": "#0"}
			}
		},
		{
			"from": [7.30636, 12.50867, -1.01734],
			"to": [8.69364, 13.89595, 1.06358],
			"rotation": {"angle": -22.5, "axis": "x", "origin": [8, 13.20231, 0.36994]},
			"faces": {
				"north": {"uv": [0, 0, 16, 9], "texture": "#0"},
				"east": {"uv": [0, 0, 16, 2], "rotation": 90, "texture": "#0"},
				"south": {"uv": [0, 0, 16, 9], "texture": "#0"},
				"west": {"uv": [0, 0, 16, 2], "rotation": 90, "texture": "#0"},
				"up": {"uv": [0, 0, 16, 2], "texture": "#0"},
				"down": {"uv": [0, 0, 16, 2], "rotation": 180, "texture": "#0"}
			}
		},
		{
			"from": [2.45087, 8.69364, 19.09827],
			"to": [13.54913, 14.24277, 19.79191],
			"rotation": {"angle": 0, "axis": "y", "origin": [8, 8.69364, 24.6474]},
			"faces": {
				"north": {"uv": [0, 0, 16, 9], "texture": "#1"},
				"east": {"uv": [0, 0, 16, 2], "rotation": 90, "texture": "#1"},
				"south": {"uv": [0, 0, 16, 9], "texture": "#1"},
				"west": {"uv": [0, 0, 16, 2], "rotation": 90, "texture": "#1"},
				"up": {"uv": [0, 0, 16, 2], "texture": "#1"},
				"down": {"uv": [0, 0, 16, 2], "rotation": 180, "texture": "#1"}
			}
		},
		{
			"from": [8.69364, 10.77457, 19.79191],
			"to": [12.85549, 13.54913, 20.13873],
			"rotation": {"angle": 0, "axis": "y", "origin": [8, 8, 25.34104]},
			"faces": {
				"north": {"uv": [0, 0, 16, 9], "texture": "#1"},
				"east": {"uv": [0, 0, 16, 2], "rotation": 90, "texture": "#1"},
				"south": {"uv": [0, 0, 16, 9], "texture": "#1"},
				"west": {"uv": [0, 0, 16, 2], "rotation": 90, "texture": "#1"},
				"up": {"uv": [0, 0, 16, 2], "texture": "#1"},
				"down": {"uv": [0, 0, 16, 2], "rotation": 180, "texture": "#1"}
			}
		},
		{
			"from": [2.45087, 8.69364, 13.54913],
			"to": [13.54913, 14.24277, 14.24277],
			"rotation": {"angle": 0, "axis": "y", "origin": [8, 8.69364, 19.09827]},
			"faces": {
				"north": {"uv": [0, 0, 16, 9], "texture": "#1"},
				"east": {"uv": [0, 0, 16, 2], "rotation": 90, "texture": "#1"},
				"south": {"uv": [0, 0, 16, 9], "texture": "#1"},
				"west": {"uv": [0, 0, 16, 2], "rotation": 90, "texture": "#1"},
				"up": {"uv": [0, 0, 16, 2], "texture": "#1"},
				"down": {"uv": [0, 0, 16, 2], "rotation": 180, "texture": "#1"}
			}
		},
		{
			"from": [8, 14.24277, 13.54913],
			"to": [13.54913, 14.93642, 19.09827],
			"rotation": {"angle": 0, "axis": "y", "origin": [8, 9.38728, 19.09827]},
			"faces": {
				"north": {"uv": [0, 0, 16, 2], "texture": "#1"},
				"east": {"uv": [0, 0, 16, 2], "texture": "#1"},
				"south": {"uv": [0, 0, 16, 2], "texture": "#1"},
				"west": {"uv": [0, 0, 16, 2], "texture": "#1"},
				"up": {"uv": [0, 0, 16, 9], "texture": "#1"},
				"down": {"uv": [0, 0, 16, 2], "rotation": 180, "texture": "#1"}
			}
		},
		{
			"from": [11.46821, 14.93642, 17.01734],
			"to": [12.85549, 15.63006, 18.40462],
			"rotation": {"angle": 0, "axis": "y", "origin": [11.46821, 10.08092, 22.56647]},
			"faces": {
				"north": {"uv": [0, 0, 2, 2], "texture": "#0"},
				"east": {"uv": [0, 0, 2, 2], "texture": "#0"},
				"south": {"uv": [0, 0, 2, 2], "texture": "#0"},
				"west": {"uv": [0, 0, 2, 2], "texture": "#0"},
				"up": {"uv": [0, 0, 2, 2], "texture": "#0"},
				"down": {"uv": [0, 0, 2, 2], "texture": "#0"}
			}
		},
		{
			"from": [12.85549, 15.21387, 17.01734],
			"to": [13.20231, 15.56069, 18.40462],
			"rotation": {"angle": 0, "axis": "y", "origin": [12.85549, 10.08092, 22.56647]},
			"faces": {
				"north": {"uv": [0, 0, 2, 2], "texture": "#0"},
				"east": {"uv": [0, 0, 2, 2], "texture": "#0"},
				"south": {"uv": [0, 0, 2, 2], "texture": "#0"},
				"west": {"uv": [0, 0, 2, 2], "texture": "#0"},
				"up": {"uv": [0, 0, 2, 2], "texture": "#0"},
				"down": {"uv": [0, 0, 2, 2], "texture": "#0"}
			}
		},
		{
			"from": [11.12139, 15.21387, 17.01734],
			"to": [11.46821, 15.56069, 18.40462],
			"rotation": {"angle": 0, "axis": "y", "origin": [11.12139, 10.08092, 22.56647]},
			"faces": {
				"north": {"uv": [0, 0, 2, 2], "texture": "#0"},
				"east": {"uv": [0, 0, 2, 2], "texture": "#0"},
				"south": {"uv": [0, 0, 2, 2], "texture": "#0"},
				"west": {"uv": [0, 0, 2, 2], "texture": "#0"},
				"up": {"uv": [0, 0, 2, 2], "texture": "#0"},
				"down": {"uv": [0, 0, 2, 2], "texture": "#0"}
			}
		},
		{
			"from": [11.46821, 15.21387, 18.40462],
			"to": [12.85549, 15.56069, 18.75145],
			"rotation": {"angle": 0, "axis": "y", "origin": [11.46821, 10.08092, 23.95376]},
			"faces": {
				"north": {"uv": [0, 0, 2, 2], "texture": "#0"},
				"east": {"uv": [0, 0, 2, 2], "texture": "#0"},
				"south": {"uv": [0, 0, 2, 2], "texture": "#0"},
				"west": {"uv": [0, 0, 2, 2], "texture": "#0"},
				"up": {"uv": [0, 0, 2, 2], "texture": "#0"},
				"down": {"uv": [0, 0, 2, 2], "texture": "#0"}
			}
		},
		{
			"from": [11.46821, 15.21387, 16.67052],
			"to": [12.85549, 15.56069, 17.01734],
			"rotation": {"angle": 0, "axis": "y", "origin": [11.46821, 10.08092, 22.42775]},
			"faces": {
				"north": {"uv": [0, 0, 2, 2], "texture": "#0"},
				"east": {"uv": [0, 0, 2, 2], "texture": "#0"},
				"south": {"uv": [0, 0, 2, 2], "texture": "#0"},
				"west": {"uv": [0, 0, 2, 2], "texture": "#0"},
				"up": {"uv": [0, 0, 2, 2], "texture": "#0"},
				"down": {"uv": [0, 0, 2, 2], "texture": "#0"}
			}
		},
		{
			"from": [1.75723, 8.69364, -3.09827],
			"to": [2.45087, 14.24277, 8],
			"rotation": {"angle": 0, "axis": "y", "origin": [-3.09827, 8.69364, 2.45087]},
			"faces": {
				"north": {"uv": [0, 0, 16, 2], "rotation": 90, "texture": "#1"},
				"east": {"uv": [0, 0, 16, 9], "texture": "#1"},
				"south": {"uv": [0, 0, 16, 2], "rotation": 90, "texture": "#1"},
				"west": {"uv": [0, 0, 16, 9], "texture": "#1"},
				"up": {"uv": [0, 0, 16, 2], "rotation": 90, "texture": "#1"},
				"down": {"uv": [0, 0, 16, 2], "rotation": 90, "texture": "#1"}
			}
		},
		{
			"from": [1.06358, 6.61272, 15.97688],
			"to": [14.93642, 8, 17.36416],
			"rotation": {"angle": 0, "axis": "y", "origin": [2.79769, 8, -0.67052]},
			"faces": {
				"north": {"uv": [0, 0, 16, 2], "texture": "#6"},
				"east": {"uv": [0, 0, 2, 2], "texture": "#6"},
				"south": {"uv": [0, 0, 16, 2], "texture": "#6"},
				"west": {"uv": [0, 0, 2, 2], "texture": "#6"},
				"up": {"uv": [0, 0, 16, 2], "texture": "#6"},
				"down": {"uv": [0, 0, 16, 2], "texture": "#6"}
			}
		},
		{
			"from": [1.06358, 5.91908, 15.97688],
			"to": [3.83815, 6.61272, 17.36416],
			"rotation": {"angle": 0, "axis": "y", "origin": [2.79769, 8, -0.67052]},
			"faces": {
				"north": {"uv": [0, 0, 4, 1], "texture": "#6"},
				"east": {"uv": [0, 0, 2, 1], "texture": "#6"},
				"south": {"uv": [0, 0, 4, 1], "texture": "#6"},
				"west": {"uv": [0, 0, 2, 1], "texture": "#6"},
				"up": {"uv": [0, 0, 4, 2], "texture": "#6"},
				"down": {"uv": [0, 0, 4, 2], "texture": "#6"}
			}
		},
		{
			"from": [12.16185, 5.91908, 15.97688],
			"to": [14.93642, 6.61272, 17.36416],
			"rotation": {"angle": 0, "axis": "y", "origin": [2.79769, 8, -0.67052]},
			"faces": {
				"north": {"uv": [0, 0, 4, 1], "texture": "#6"},
				"east": {"uv": [0, 0, 2, 1], "texture": "#6"},
				"south": {"uv": [0, 0, 4, 1], "texture": "#6"},
				"west": {"uv": [0, 0, 2, 1], "texture": "#6"},
				"up": {"uv": [0, 0, 4, 2], "texture": "#6"},
				"down": {"uv": [0, 0, 4, 2], "texture": "#6"}
			}
		},
		{
			"from": [11.46821, 7.23699, 14.24277],
			"to": [12.85549, 8.62428, 19.79191],
			"rotation": {"angle": 0, "axis": "y", "origin": [12.16185, 7.23699, 19.79191]},
			"faces": {
				"north": {"uv": [6, 0, 9, 3], "texture": "#6"},
				"east": {"uv": [0, 0, 8, 3], "texture": "#6"},
				"south": {"uv": [5, 5, 11, 11], "texture": "#4"},
				"west": {"uv": [0, 0, 8, 3], "texture": "#6"},
				"up": {"uv": [6, 0, 9, 3], "texture": "#6"},
				"down": {"uv": [0, 0, 8, 3], "rotation": 90, "texture": "#6"}
			}
		},
		{
			"from": [8.83237, 11.12139, 20.13873],
			"to": [12.71676, 13.20231, 20.20809],
			"rotation": {"angle": 0, "axis": "y", "origin": [8, 8, 25.68786]},
			"faces": {
				"north": {"uv": [0, 0, 3, 3], "texture": "#5"},
				"east": {"uv": [0, 0, 3, 3], "texture": "#5"},
				"south": {"uv": [0, 0, 3, 3], "texture": "#5"},
				"west": {"uv": [0, 0, 3, 3], "texture": "#5"},
				"up": {"uv": [0, 0, 3, 3], "texture": "#5"},
				"down": {"uv": [0, 0, 3, 3], "texture": "#5"}
			}
		}
	],
	"display": {
		"head": {
			"rotation": [0, 180, 0]
		}
	}
}