{
	"format_version": "1.21.6",
	"credit": "Made with Blockbench",
	"textures": {
		"1": "gbg:item/gun_ammo/standard",
		"2": "gbg:item/gun_ammo/standard2"
	},
	"elements": [
		{
			"name": "octagon",
			"from": [7.49112, 6.475, 3.445],
			"to": [8.49112, 7.725, 11.195],
			"rotation": {"angle": 0, "axis": "y", "origin": [8, 7, 6.75]},
			"faces": {
				"north": {"uv": [7, 3, 8, 4.25], "texture": "#1"},
				"east": {"uv": [7, 3, 14.75, 4.25], "texture": "#1"},
				"south": {"uv": [9, 3, 10, 4.25], "texture": "#1"},
				"west": {"uv": [7, 3, 14.75, 4.25], "texture": "#1"},
				"up": {"uv": [1, 4, 2, 11.75], "texture": "#1"},
				"down": {"uv": [0, 7, 1, 14.75], "texture": "#1"}
			}
		},
		{
			"name": "octagon",
			"from": [7.49112, 4.225, 9.945],
			"to": [8.49112, 6.475, 11.195],
			"rotation": {"angle": 0, "axis": "y", "origin": [8, 7, 6.75]},
			"faces": {
				"north": {"uv": [7, 3, 8, 5.25], "texture": "#1"},
				"east": {"uv": [7, 3, 8.25, 5.25], "texture": "#1"},
				"south": {"uv": [9, 3, 10, 5.25], "texture": "#1"},
				"west": {"uv": [7, 3, 8.25, 5.25], "texture": "#1"},
				"up": {"uv": [1, 4, 2, 5.25], "texture": "#1"},
				"down": {"uv": [0, 7, 1, 8.25], "texture": "#1"}
			}
		},
		{
			"name": "octagon",
			"from": [7.49112, 4.225, 6.195],
			"to": [8.49112, 6.475, 7.445],
			"rotation": {"angle": 0, "axis": "y", "origin": [8, 7, 3]},
			"faces": {
				"north": {"uv": [7, 3, 8, 5.25], "texture": "#1"},
				"east": {"uv": [7, 3, 8.25, 5.25], "texture": "#1"},
				"south": {"uv": [9, 3, 10, 5.25], "texture": "#1"},
				"west": {"uv": [7, 3, 8.25, 5.25], "texture": "#1"},
				"up": {"uv": [1, 4, 2, 5.25], "texture": "#1"},
				"down": {"uv": [0, 7, 1, 8.25], "texture": "#1"}
			}
		},
		{
			"name": "octagon",
			"from": [7.49112, 2.975, 6.195],
			"to": [8.49112, 4.225, 11.195],
			"rotation": {"angle": 0, "axis": "y", "origin": [8, 3.5, 6.75]},
			"faces": {
				"north": {"uv": [7, 3, 8, 4.25], "texture": "#1"},
				"east": {"uv": [7, 3, 11.5, 4.25], "texture": "#1"},
				"south": {"uv": [9, 3, 10, 4.25], "texture": "#1"},
				"west": {"uv": [7, 3, 11.5, 4.25], "texture": "#1"},
				"up": {"uv": [1, 4, 2, 8.5], "texture": "#1"},
				"down": {"uv": [0, 7, 1, 11.5], "texture": "#1"}
			}
		},
		{
			"name": "octagon",
			"from": [8.24112, 2.625, 11.249],
			"to": [8.75888, 3.125, 12.249],
			"rotation": {"angle": 45, "axis": "z", "origin": [8.5, 3.25, 6.25]},
			"faces": {
				"north": {"uv": [8, 3, 8.51776, 3.5], "texture": "#2"},
				"east": {"uv": [9, 4, 10, 4.5], "texture": "#2"},
				"south": {"uv": [9, 4, 9.51776, 4.5], "texture": "#2"},
				"west": {"uv": [9, 4, 10, 4.5], "texture": "#2"},
				"up": {"uv": [9, 4, 9.51776, 5], "texture": "#2"},
				"down": {"uv": [8, 4, 8.51776, 5], "texture": "#2"}
			}
		},
		{
			"name": "octagon",
			"from": [7.24112, 7.625, 11.249],
			"to": [7.75888, 8.125, 12.249],
			"rotation": {"angle": 45, "axis": "z", "origin": [7.5, 7.5, 6.25]},
			"faces": {
				"north": {"uv": [8, 3, 8.51776, 3.5], "texture": "#2"},
				"east": {"uv": [9, 1, 10, 1.5], "texture": "#2"},
				"south": {"uv": [9, 1, 9.51776, 1.5], "texture": "#2"},
				"west": {"uv": [9, 1, 10, 1.5], "texture": "#2"},
				"up": {"uv": [8, 1, 8.51776, 2], "texture": "#2"},
				"down": {"uv": [9, 1, 9.51776, 2], "texture": "#2"}
			}
		},
		{
			"name": "octagon",
			"from": [7.24112, 4.125, 11.251],
			"to": [8.75888, 8.125, 12.251],
			"rotation": {"angle": 0, "axis": "y", "origin": [8, 7.5, 6.25]},
			"faces": {
				"north": {"uv": [7.5, 1, 9.01776, 5], "texture": "#2"},
				"east": {"uv": [9, 1, 10, 5], "texture": "#2"},
				"south": {"uv": [9.5, 1, 11.01776, 5], "texture": "#2"},
				"west": {"uv": [9, 1, 10, 5], "texture": "#2"},
				"up": {"uv": [7.5, 1, 9.01776, 2], "texture": "#2"},
				"down": {"uv": [9, 1, 10.51776, 2], "texture": "#2"}
			}
		},
		{
			"name": "octagon",
			"from": [7.24112, 2.625, 11.251],
			"to": [8.75888, 4.125, 12.251],
			"rotation": {"angle": 0, "axis": "y", "origin": [8, 6, 6.25]},
			"faces": {
				"north": {"uv": [7.5, 1, 9.01776, 2.5], "texture": "#2"},
				"east": {"uv": [9, 1, 10, 2.5], "texture": "#2"},
				"south": {"uv": [9.5, 1, 11.01776, 2.5], "texture": "#2"},
				"west": {"uv": [9, 1, 10, 2.5], "texture": "#2"},
				"up": {"uv": [7.5, 1, 9.01776, 2], "texture": "#2"},
				"down": {"uv": [9, 1, 10.51776, 2], "texture": "#2"}
			}
		},
		{
			"name": "octagon",
			"from": [6.875, 2.99112, 11.249],
			"to": [7.375, 3.50888, 12.249],
			"rotation": {"angle": 45, "axis": "z", "origin": [7.5, 3.25, 6.25]},
			"faces": {
				"north": {"uv": [8, 3, 8.5, 3.51776], "texture": "#2"},
				"east": {"uv": [9, 4, 10, 4.51776], "texture": "#2"},
				"south": {"uv": [9, 4, 9.5, 4.51776], "texture": "#2"},
				"west": {"uv": [7, 1, 8, 1.51776], "texture": "#2"},
				"up": {"uv": [9, 4, 9.5, 5], "texture": "#2"},
				"down": {"uv": [9, 4, 9.5, 5], "texture": "#2"}
			}
		},
		{
			"name": "octagon",
			"from": [8.625, 7.24112, 11.249],
			"to": [9.125, 7.75888, 12.249],
			"rotation": {"angle": 45, "axis": "z", "origin": [8.5, 7.5, 6.25]},
			"faces": {
				"north": {"uv": [7, 2, 7.5, 2.51776], "texture": "#2"},
				"east": {"uv": [8, 1, 9, 1.51776], "texture": "#2"},
				"south": {"uv": [9, 1, 9.5, 1.51776], "texture": "#2"},
				"west": {"uv": [9, 1, 10, 1.51776], "texture": "#2"},
				"up": {"uv": [9, 1, 9.5, 2], "texture": "#2"},
				"down": {"uv": [9, 1, 9.5, 2], "texture": "#2"}
			}
		},
		{
			"name": "octagon",
			"from": [8.625, 4.49112, 11.25],
			"to": [9.125, 7.75888, 12.25],
			"rotation": {"angle": 0, "axis": "y", "origin": [8, 7, 6.25]},
			"faces": {
				"north": {"uv": [8, 1, 8.5, 4.26776], "texture": "#2"},
				"east": {"uv": [8, 1, 9, 4.26776], "texture": "#2"},
				"south": {"uv": [9, 1.35, 9.5, 4.61776], "texture": "#2"},
				"west": {"uv": [9, 1, 10, 4.26776], "texture": "#2"},
				"up": {"uv": [9, 1, 9.5, 2], "texture": "#2"},
				"down": {"uv": [9, 1, 9.5, 2], "texture": "#2"}
			}
		},
		{
			"name": "octagon",
			"from": [8.625, 2.99112, 11.25],
			"to": [9.125, 4.49112, 12.25],
			"rotation": {"angle": 0, "axis": "y", "origin": [8, 7, 6.25]},
			"faces": {
				"north": {"uv": [8, 1, 8.5, 2.5], "texture": "#2"},
				"east": {"uv": [8, 1, 9, 2.5], "texture": "#2"},
				"south": {"uv": [9, 2.6, 9.5, 4.1], "texture": "#2"},
				"west": {"uv": [9, 1, 10, 2.5], "texture": "#2"},
				"up": {"uv": [9, 1, 9.5, 2], "texture": "#2"},
				"down": {"uv": [9, 1, 9.5, 2], "texture": "#2"}
			}
		},
		{
			"name": "octagon",
			"from": [6.875, 4.49112, 11.25],
			"to": [7.375, 7.75888, 12.25],
			"rotation": {"angle": 0, "axis": "y", "origin": [8, 7, 6.25]},
			"faces": {
				"north": {"uv": [8, 1, 8.5, 4.26776], "texture": "#2"},
				"east": {"uv": [9, 1, 10, 4.26776], "texture": "#2"},
				"south": {"uv": [9, 1.35, 9.5, 4.61776], "texture": "#2"},
				"west": {"uv": [8, 1, 9, 4.26776], "texture": "#2"},
				"up": {"uv": [9, 1, 9.5, 2], "texture": "#2"},
				"down": {"uv": [9, 1, 9.5, 2], "texture": "#2"}
			}
		},
		{
			"name": "octagon",
			"from": [6.875, 2.99112, 11.25],
			"to": [7.375, 4.50888, 12.25],
			"rotation": {"angle": 0, "axis": "y", "origin": [8, 7, 6.25]},
			"faces": {
				"north": {"uv": [8, 1, 8.5, 2.51776], "texture": "#2"},
				"east": {"uv": [9, 1, 10, 2.51776], "texture": "#2"},
				"south": {"uv": [9, 2.6, 9.5, 4.11776], "texture": "#2"},
				"west": {"uv": [8, 1, 9, 2.51776], "texture": "#2"},
				"up": {"uv": [9, 1, 9.5, 2], "texture": "#2"},
				"down": {"uv": [9, 1, 9.5, 2], "texture": "#2"}
			}
		}
	],
	"display": {
		"thirdperson_righthand": {
			"rotation": [75, 45, 0],
			"translation": [-0.75, 1, 2.25]
		},
		"thirdperson_lefthand": {
			"rotation": [75, 45, 0],
			"translation": [-0.75, 1, 2.25]
		},
		"firstperson_righthand": {
			"rotation": [0, 15, 0],
			"translation": [-0.5, 4.75, 1]
		},
		"firstperson_lefthand": {
			"rotation": [0, 15, 0],
			"translation": [-0.5, 4.75, 1]
		},
		"ground": {
			"translation": [0, 2, 0],
			"scale": [0.8, 0.8, 0.8]
		},
		"gui": {
			"rotation": [30, 135, 0],
			"translation": [-0.5, 3, 0],
			"scale": [1.75, 1.75, 1.75]
		},
		"head": {
			"rotation": [0, -180, 0],
			"translation": [0, 13, 7]
		},
		"fixed": {
			"rotation": [0, -90, 0],
			"translation": [0.75, 2.5, 0.25],
			"scale": [1.15, 1.15, 1.15]
		}
	},
	"groups": [
		{
			"name": "Support",
			"origin": [8, 8, 8],
			"color": 0,
			"children": [0, 1, 2, 3]
		},
		{
			"name": "Cusion",
			"origin": [8, 8, 8],
			"color": 0,
			"children": [4, 5, 6, 7, 8, 9, 10, 11, 12, 13]
		}
	]
}